-- --------------------------------------------------------
-- Host:                         127.0.0.1
-- Server version:               10.1.22-MariaDB - mariadb.org binary distribution
-- Server OS:                    Win32
-- HeidiSQL Version:             9.4.0.5125
-- --------------------------------------------------------

/*!40101 SET @OLD_CHARACTER_SET_CLIENT=@@CHARACTER_SET_CLIENT */;
/*!40101 SET NAMES utf8 */;
/*!50503 SET NAMES utf8mb4 */;
/*!40014 SET @OLD_FOREIGN_KEY_CHECKS=@@FOREIGN_KEY_CHECKS, FOREIGN_KEY_CHECKS=0 */;
/*!40101 SET @OLD_SQL_MODE=@@SQL_MODE, SQL_MODE='NO_AUTO_VALUE_ON_ZERO' */;


-- Dumping database structure for khmercar
CREATE DATABASE IF NOT EXISTS `khmercar` /*!40100 DEFAULT CHARACTER SET utf8 */;
USE `khmercar`;

-- Dumping structure for table khmercar.account
CREATE TABLE IF NOT EXISTS `account` (
  `account_id` int(11) NOT NULL AUTO_INCREMENT,
  `account_name` varchar(50) NOT NULL,
  `account_username` varchar(50) NOT NULL,
  `account_password` varchar(100) NOT NULL,
  `facebook` varchar(100) DEFAULT NULL,
  `full_address` varchar(100) DEFAULT NULL,
  `about` text,
  `dealer_id` int(11) DEFAULT NULL,
  `dealer_role` tinyint(4) DEFAULT NULL,
  `created_datetime` datetime NOT NULL,
  `picture` varchar(100) DEFAULT NULL,
  `unread` int(11) NOT NULL DEFAULT '0',
  `last_login_datetime` datetime DEFAULT NULL,
  PRIMARY KEY (`account_id`)
) ENGINE=InnoDB AUTO_INCREMENT=95 DEFAULT CHARSET=utf8;

-- Dumping data for table khmercar.account: ~94 rows (approximately)
/*!40000 ALTER TABLE `account` DISABLE KEYS */;
INSERT INTO `account` (`account_id`, `account_name`, `account_username`, `account_password`, `facebook`, `full_address`, `about`, `dealer_id`, `dealer_role`, `created_datetime`, `picture`, `unread`, `last_login_datetime`) VALUES
	(1, 'In Mean', 'inmean', '$2y$10$wwRpm/iIlq.GhzY.GkcxneDOYoRCy/t5RERi6CV96c6ANzGHjORDW', NULL, NULL, NULL, NULL, NULL, '2017-06-09 16:54:23', NULL, 0, '2017-06-09 18:05:34'),
	(2, 'Sarun Rathpanha', 'rathpanha', '$2y$10$/ipvkru42nwmz4Nokpute.kM1SDhMvdMMckNXlw8A1/yoyviNW/x6', 'https://www.facebook.com/rathpanha', '#31B, st160, Sangkat Tek Laork II, Khan Toul Kork, Phnom Penh', 'I am professional car dealer in Cambodia.', NULL, NULL, '2017-06-09 16:55:24', '//s6.kh1.co/59/599661b643e5ad1700b8925ac25a4609a86d16f5.jpg', 0, '2018-03-07 09:14:32'),
	(3, 'Teahengmeng', 'Aladin', '$2y$10$kmcczj90zYUbNEYyXdUKs.cXIRt74pb3RcK3ba0fJMHg9OC43bRYK', 'https://www.facebook.com/aladin.zhang', 'ALADIN CAR SHOP , st 271 (1km south Russia hospital)', '', NULL, NULL, '2017-06-10 16:33:13', '//s5.kh1.co/a7/a7eacdb88e6326e8517f225dc46aea229ef7a538.jpeg', 0, '2017-06-24 14:13:03'),
	(4, 'songhuyse', 'songhuyse', '$2y$10$Urw7DOgJGjqyc01g7J1MiO/xqRjwTx3RIj5skYCIc6yRLDzxIccOq', NULL, NULL, NULL, NULL, NULL, '2017-06-10 17:58:08', NULL, 0, '2018-01-10 14:53:22'),
	(5, 'Kem', 'Dara', '$2y$10$NIxRfXDXxEpkXOzWnL1xz.UcbV5MDWBIJUxeD2npnCdMZ0WW5fBD.', NULL, NULL, NULL, NULL, NULL, '2017-06-10 18:36:16', NULL, 0, '2017-06-10 18:36:49'),
	(6, 'Ker korteath', 'LongCBC', '$2y$10$BitYObyxe0LZfOC2yFeNzuEmDgymuS2lrK6wmPC7i3/cCW9L4st8a', NULL, NULL, NULL, NULL, NULL, '2017-06-10 19:32:46', NULL, 0, '2017-06-10 19:33:21'),
	(7, 'lee', 'lee', '$2y$10$WgHCMhqOQEzEMW03qfG/dO2d4ITzgtC7FfYUfS4WRsPXBT9J8tYkS', NULL, NULL, NULL, NULL, NULL, '2017-06-10 20:54:18', NULL, 0, '2017-06-11 14:47:19'),
	(8, 'voin', 'voin', '$2y$10$UMporFWJMNIFy8elbcpiYO0Oyi3kXHVnMWGk735ykBfyElG6m1fpC', NULL, NULL, NULL, NULL, NULL, '2017-06-15 08:40:19', NULL, 0, '2017-11-29 08:27:01'),
	(9, 'limheng ', 'korn ', '$2y$10$96PvX7XitMuWM1pp99TEUenkcc8vGGx2Er1Zt2R1hJAaHfGacqhBC', NULL, NULL, NULL, NULL, NULL, '2017-06-15 12:18:29', NULL, 0, NULL),
	(10, 'abdulrahman yaser', 'yaser01', '$2y$10$JhvEKPPLqw2WcuCTik/Juee9tyQ3ZX7SNxvc7OO3C89r3j2gGBD5y', NULL, NULL, NULL, NULL, NULL, '2017-06-17 03:03:33', NULL, 0, '2017-06-17 03:03:48'),
	(11, 'Mekong Auto', 'Cambodia', '$2y$10$yGLK/z4G5b0qVq18yCtkseRX6/phOFNLnY7NvB/SdtYsUEBW40JLW', NULL, NULL, NULL, NULL, NULL, '2017-06-17 08:07:50', NULL, 0, NULL),
	(12, 'Borath', 'Sok', '$2y$10$Gnqi/HU8sZ1OQF8w/Ke/Aex3et3X3aUaq/kiAxZXItujHo4qvC0PS', NULL, NULL, NULL, NULL, NULL, '2017-06-17 08:08:27', NULL, 0, NULL),
	(13, 'Borath sok', 'Borath', '$2y$10$K/M9QB6Y9fOJktb0AtEwXe1GdoGUoNZU0HaKXpOMnYgnGwjPw.rNu', NULL, NULL, NULL, NULL, NULL, '2017-06-17 08:10:10', NULL, 0, '2017-06-17 08:10:27'),
	(14, 'Sun Sopanha', 'Nha Sun', '$2y$10$xE65O3P4o2N7Sciu3RiVr.7MPEnU11CRKsvy/jvx05c5XQtnSdiwy', NULL, NULL, NULL, NULL, NULL, '2017-06-27 00:00:45', NULL, 0, '2017-06-27 00:01:02'),
	(15, 'op', 'op', '$2y$10$LzY2Jt6VAcrDrxmuGJztAuvvFEob0dtmk/cipGr5/.NrWxYC8XWyy', NULL, NULL, NULL, NULL, NULL, '2017-07-04 14:49:07', NULL, 0, NULL),
	(16, 'Jonh Lee Ford', 'jonhlee', '$2y$10$ixxHd4dG3viwJZbMUDr3buSx.DiTEBFuVwVKBmVlB1w3omArhrg3i', NULL, NULL, NULL, NULL, NULL, '2017-07-04 15:09:22', NULL, 0, '2017-07-04 15:45:05'),
	(17, 'ker sochetra ', 'sochetra', '$2y$10$s77ud9F8fxs.aecisV9g6OhlCWdcC1A86Q7xjddUfbYi1y9XjL6jO', NULL, NULL, NULL, NULL, NULL, '2017-07-05 04:27:10', NULL, 0, NULL),
	(18, 'Bun Vichet', 'Bunvichet', '$2y$10$fRW5XU7faaSVvV8Y/44.luI0xb6fbX754giMEWn696rUeT8NSMMuO', NULL, NULL, NULL, NULL, NULL, '2017-07-05 09:39:06', NULL, 0, '2017-07-05 09:41:44'),
	(19, 'Chhay Oudom', 'chhayoudom', '$2y$10$y1YZvmZU9eX0RndyL5Gzv.Lk.NtncnVUZZzXFYbpM4MIrl6cHIoJG', NULL, NULL, NULL, NULL, NULL, '2017-07-05 09:51:39', NULL, 0, '2017-07-12 09:06:43'),
	(20, 'Kunthea Cheav', 'Kuntheacheav', '$2y$10$i95HSGu4L0d699FNnykmWuH5oQaaEXOZjfqVrrdzHN2IlZ579XEpK', NULL, NULL, NULL, NULL, NULL, '2017-07-05 14:06:14', NULL, 0, '2017-07-05 14:07:18'),
	(21, 'Na Ran', 'Naran', '$2y$10$K9H6h35Z6L3NA5ceyUMQ3O5Q9lY818zo7ke9p9pmNCMBrvSNWpNSK', NULL, NULL, NULL, NULL, NULL, '2017-07-05 14:17:17', NULL, 0, '2017-07-05 14:17:59'),
	(22, 'Vanny Khorn', 'Vannykhorn', '$2y$10$GVU2UmvK4i2cgCwgfjHxsedytUJ/A13yfXn0xJHAnNv.DFBBKSVei', NULL, NULL, NULL, NULL, NULL, '2017-07-05 14:23:42', NULL, 0, '2017-07-05 14:24:32'),
	(23, 'Mony Rout', 'Monyrout', '$2y$10$7ch.xPVLgbIeiHyosop12OezQzgaOQxanANlyYa0wuENx1DbvrPa2', NULL, NULL, NULL, NULL, NULL, '2017-07-05 14:37:23', NULL, 0, '2017-07-05 14:38:31'),
	(24, 'Chea Sothy', 'Cheasothy', '$2y$10$ABBqOplAOXqDeDQkWfVGmeK2WjADnei2T/C8XiZ1Y34nkW9xD8v/u', NULL, NULL, NULL, NULL, NULL, '2017-07-05 15:11:50', NULL, 0, '2017-07-27 09:57:48'),
	(25, 'Chan Rotha', 'Chanrotha', '$2y$10$dfO3kzhy.fVL6JCZB6CH0uVT.C10ccNnNYiBpakFv77v49SBpi9Gu', NULL, NULL, NULL, NULL, NULL, '2017-07-05 15:17:13', NULL, 0, '2017-07-05 15:17:51'),
	(26, 'heng rin', 'hengrin', '$2y$10$mM/J2XZ6VAJcOOHw.uGup..wo.xsYuESoViGgnLBVt.nVF0zb7Cqu', NULL, NULL, NULL, NULL, NULL, '2017-07-05 15:22:53', NULL, 0, '2017-07-05 15:23:29'),
	(27, 'Phana Sopitou', 'Phanasopitou', '$2y$10$TKQG.TpfrGq7bNwG1rYp2OcK0BptYVwM48duPxj096kvIvAcWk.U.', NULL, NULL, NULL, NULL, NULL, '2017-07-05 15:35:01', NULL, 0, '2017-11-21 09:16:15'),
	(28, 'Hea Srun', 'Heasrun', '$2y$10$iUxChUZ2D.zni1lKi.yW9.dOQRU8BAhDzgsR4g.ly0s355jgfK2R2', NULL, NULL, NULL, NULL, NULL, '2017-07-05 15:59:37', NULL, 0, '2017-07-05 16:00:29'),
	(29, 'Borath Sok', 'Borathsok', '$2y$10$yN1bxGJWOC4A2cuSfDj/5uVW1AWLwlmT0eDRbv0I/7GUkx4HLzvBy', NULL, NULL, NULL, NULL, NULL, '2017-07-05 16:09:26', NULL, 0, '2017-07-05 16:11:32'),
	(30, 'Seng Piseth', 'Sengpiseth', '$2y$10$iJp0wx93B0M3/TETUUrLR.S4psAPdmoE6Pp8N1/aRbneBJzshAgL.', NULL, NULL, NULL, NULL, NULL, '2017-07-06 09:01:52', NULL, 0, '2017-07-06 10:46:14'),
	(31, 'Reno Bk', 'Renobk', '$2y$10$xLSSgRCoRo7VppIxbkJF5OpGGo1df85iAA6QFzsmytOOw1GeDuEYG', NULL, NULL, NULL, NULL, NULL, '2017-07-06 09:14:29', NULL, 0, '2017-07-06 09:16:44'),
	(32, 'Ko Ku Ratha', 'ratha', '$2y$10$R3UZK0/jw0Aammr4efMSJO3eaKlga6SyB6EOVQeEPDjdHXn9VELkO', NULL, NULL, NULL, NULL, NULL, '2017-07-06 09:52:07', NULL, 0, '2017-11-20 10:24:01'),
	(33, 'sell car', 'sellcar', '$2y$10$MvGPhgc8JgZkcDgbOYdXDOxCq8Ak.iKwbZr0Tc6EIAUUFLIjUbyJq', NULL, NULL, NULL, NULL, NULL, '2017-07-07 09:42:00', NULL, 0, '2017-11-28 10:46:24'),
	(34, 'Chhe Tola ', 'Chhe Tola ', '$2y$10$ZgrfKwwPIOQZCNdQgtyPluFWWjAkhqc6KJBj5H/UYqHLPDF4Nk1di', NULL, NULL, NULL, NULL, NULL, '2017-07-07 12:09:26', NULL, 0, '2017-07-07 12:09:43'),
	(35, 'Chekhor', 'Dr. Car', '$2y$10$GhNDcQ0D.oAZi1yu/S7Kg.7gnI2d1Y5sb0epTiOIgefe/H3IxIk0O', NULL, NULL, NULL, NULL, NULL, '2017-07-10 22:27:40', NULL, 0, '2017-07-10 22:27:56'),
	(36, 'Phal Dalika', 'Dalika', '$2y$10$Jz3HUkJlabQjV7OT6YkFCeirUEF5bVkRNqOuVNiKqVSLPXpoGSg26', NULL, NULL, NULL, NULL, NULL, '2017-07-13 11:20:39', NULL, 0, '2017-07-13 11:21:06'),
	(37, 'Sovannarith', 'Rith', '$2y$10$nopAXDOJ9c7UVCqN7G/e7.fkeu/Lr9KFgc.GIfl7wXecG1ulWa7TS', NULL, NULL, NULL, NULL, NULL, '2017-07-16 12:37:05', NULL, 0, '2017-07-16 12:37:15'),
	(38, 'Sinon', 'Jame', '$2y$10$86h6ljDLSYSLvQaDZg0fAOI8Qmw2OwEHFU1v8t7ASO.8qPazJxVY.', '', 'Borey Penh Huot The Star Premier', '', NULL, NULL, '2017-07-18 14:45:52', NULL, 0, '2017-07-30 10:11:26'),
	(39, 'Kimtheng', 'Heng', '$2y$10$NxT12S4XZaPgVarfuCkuoO2OiCOXuZ8/MP.j4QupxLAkaSnGKIT4K', NULL, NULL, NULL, NULL, NULL, '2017-07-19 21:49:57', NULL, 0, NULL),
	(40, 'sengsoveasna', 'shzliang', '$2y$10$5HIvuQ/iFvK6rpkWqeVthuhSOUudyFg4D45yJ9L8SXbYRQfv8V92y', NULL, NULL, NULL, NULL, NULL, '2017-07-20 15:10:52', NULL, 0, NULL),
	(41, 'sengsoveasna', 'soveasna', '$2y$10$vQ1iuvjlpRwKs7RdHMsckuhcd2gCzwdDr.GkPb0XHjMNv27ASVsKC', NULL, NULL, NULL, NULL, NULL, '2017-07-20 15:11:14', NULL, 0, '2017-07-20 15:11:22'),
	(42, 'heng heng', 'hengheng', '$2y$10$OZycDDLkVfx8yKkEJ4ig2edWOTGta1CS1QLj4ceJuxCpWsGPAzoX.', NULL, NULL, NULL, NULL, NULL, '2017-07-25 08:56:20', NULL, 0, '2017-07-25 14:07:02'),
	(43, 'Chiva CM', 'Chiva ', '$2y$10$TJBUUrvQsO4uNkMhLTsHoORR2/0rdljz.RZcGGEQm9N6ke1gJ3vJ6', NULL, NULL, NULL, NULL, NULL, '2017-07-25 15:26:18', NULL, 0, '2017-07-25 15:28:09'),
	(44, 'Linda Ly Ly', 'LindaLy ', '$2y$10$kerhVz2V2ZXVQ5a2sQS9HOY58cee2c5cPxXwIgVkH93.h/ZsHU3.K', NULL, NULL, NULL, NULL, NULL, '2017-07-25 16:00:25', NULL, 0, '2017-07-25 16:01:13'),
	(45, 'Sathya', 'Uy', '$2y$10$8wtg17dyqj8NPHy46bC0buIZClSqEHFkZY9DdNkMrlK8pX1n37WP2', NULL, NULL, NULL, NULL, NULL, '2017-07-26 15:57:46', NULL, 0, '2017-07-26 15:58:02'),
	(46, 'Rathanak Kev', 'Rathanak.kev', '$2y$10$FJwRnvl.8nwfJ6RMCbPgKeF4w8dunDtgbpTydjKJXDVAQ37ehGjMu', NULL, NULL, NULL, NULL, NULL, '2017-07-27 11:49:09', NULL, 0, '2017-07-27 11:49:16'),
	(47, 'Ra Kim', 'rakim', '$2y$10$13MgIO3/QfkjX6DUJWug7.0Bpr0Z1Iy.sIFaR93HNyi6rutyMoNRq', NULL, NULL, NULL, NULL, NULL, '2017-07-27 15:59:59', NULL, 0, '2017-10-20 09:30:36'),
	(48, 'Kuon Vantha', 'Vanthana', '$2y$10$vsj.1V9kka2Q.qHLtzTPPOkGYqQgVpHc3bVmMnbUmCAvffK7hWcQW', NULL, NULL, NULL, NULL, NULL, '2017-07-28 13:13:56', NULL, 0, NULL),
	(49, 'chhay', 'chhay168', '$2y$10$kguy2EhKliKCi1.U44hGRuNQSp/NvLRv9XH3yqk7.uRUnA6KT827m', NULL, NULL, NULL, NULL, NULL, '2017-08-23 15:00:49', NULL, 0, '2017-08-23 15:00:57'),
	(50, 'khim channa', 'jarakhim', '$2y$10$ukeKdSPyUQrk9aSvwpLYgOYn00mQCf/0sMPP/kYlxNydBDeng3z7O', NULL, NULL, NULL, NULL, NULL, '2017-08-27 19:21:50', NULL, 0, '2017-08-27 19:22:09'),
	(51, 'Sopheak Vathana', 'rsvathana', '$2y$10$ihOPpMY57S6K14FogdKqYeE/ORB2BKmMKRQV3jM/O4wgQJVYibfOC', NULL, NULL, NULL, NULL, NULL, '2017-09-04 09:43:27', NULL, 0, '2017-09-04 09:43:39'),
	(52, 'Mengvuoch ', 'Rath', '$2y$10$UNdQF9/6iwphMM2KtDmQxOtGfHUQfgaB2SmzE6zuVdvJMUo0kvuK6', 'Mengvuoch So', 'Khan doung kour Phnom Penh ', 'I\'m a staff of company ', NULL, NULL, '2017-09-13 12:07:51', '//s5.kh1.co/d6/d657b32044ae6ac563f74f02063808ee72d4eb01.jpg', 0, '2017-09-13 12:41:06'),
	(53, 'sa', 'dappi', '$2y$10$2YIxCsan3zt0rouTqMbUTuIiszltCqu8avuB8f518a9nyhd/oCdTW', NULL, NULL, NULL, NULL, NULL, '2017-09-27 23:02:12', NULL, 0, '2017-09-27 23:02:17'),
	(54, 'Yok Satath', 'Sarath', '$2y$10$RVd0BHVNbUfNmHNC5xQcrOrwrarso2jPaFvOmjE18VS0WVmQrYDbC', NULL, NULL, NULL, NULL, NULL, '2017-10-30 12:49:36', NULL, 0, NULL),
	(55, 'sen', 'Senvothy', '$2y$10$70UinxTw.3lNMJHnw.TnAuQjS/ATvZxLHgTSBAh.oWNu0d5LG3lkW', NULL, NULL, NULL, NULL, NULL, '2017-11-07 08:14:19', NULL, 0, '2017-11-07 08:14:32'),
	(56, 'avvireak', 'vireak', '$2y$10$J2z0VDgXsZ7iyK2e6JHGX.TxgPnjuQYpXUVee8S2VxgHQsMerAWg6', NULL, NULL, NULL, NULL, NULL, '2017-11-17 09:32:09', NULL, 0, '2017-11-17 09:32:14'),
	(57, 'CHEA PISETH', 'cheapiseth', '$2y$10$mF8GP1A4J1F7Zh8jdUTEB.zGv.D49nNhTw1pMCRUVe4ptQjq.ZEHC', NULL, NULL, NULL, NULL, NULL, '2017-11-20 08:53:02', NULL, 0, '2017-11-20 08:53:22'),
	(58, 'Bee LaLa', 'lala', '$2y$10$Uwny46PTASCyFWU1sOBI.OwHuW5ccfIP2tWVty8UlcMvZ8WYJpzcy', NULL, NULL, NULL, NULL, NULL, '2017-11-20 10:03:41', NULL, 0, '2017-11-28 10:38:21'),
	(59, 'Mrr Chhin', 'chhin', '$2y$10$aUsp8aYkTuMPSh4uCHMfa.hnTHRisBYuAx1a4cy5ZidPSgU9N21wq', NULL, NULL, NULL, NULL, NULL, '2017-11-20 10:08:46', NULL, 0, '2017-11-20 10:10:27'),
	(60, 'Olivier Roulin', 'roulin', '$2y$10$pXqUPjZeGDe/f.8n/vcwkuwAcaR4h8YfCVT/cY9l0T7hfnRAFaxBC', NULL, NULL, NULL, NULL, NULL, '2017-11-20 10:18:16', NULL, 0, '2017-11-20 10:18:46'),
	(61, 'Hea Nha', 'nha', '$2y$10$0WFVbPMloIkIVQdCqQXx8eRmoXyITWsAZFl.Dk4z27i8EKWKClGAi', NULL, NULL, NULL, NULL, NULL, '2017-11-20 10:31:36', NULL, 0, '2017-11-20 10:31:55'),
	(62, 'Hear Ra', 'heara', '$2y$10$gp90v0Vpxg/PxdZw9ktu1uvMiTMD5NJzPYtJDXJs7UwLqHQ7OoIyG', NULL, NULL, NULL, NULL, NULL, '2017-11-21 09:36:29', NULL, 0, '2017-11-21 09:37:37'),
	(63, 'Pay Kim Outdom', 'outdom', '$2y$10$k3Ymb5V2jd.NghP7I8lzV.1j5S7AjirWt1JZEPbP2vyAkDP17Maf.', NULL, NULL, NULL, NULL, NULL, '2017-11-21 09:48:32', NULL, 0, '2017-11-21 09:49:16'),
	(64, 'Lim Lymeng', 'lymeng', '$2y$10$HXxzEMea1ESnL5E3Wn1e1.mpA4vAFr5Cxhrg.Mp4Qedp.EKgsS0Y2', NULL, NULL, NULL, NULL, NULL, '2017-11-21 10:08:15', NULL, 0, '2017-11-21 10:09:44'),
	(65, 'Mie Ly', 'miely', '$2y$10$XFy2lp1DutEKdCQkNjT3l.lsQrO7kkyi8wquGtCHk8KowaFLuNQQy', NULL, NULL, NULL, NULL, NULL, '2017-11-21 10:26:31', NULL, 0, '2017-11-27 12:56:01'),
	(66, 'Lyly ', 'Sell car from Korea ', '$2y$10$YU8Wj3PPfPD1zb3ObvW1...xessy2K3MvISV4PzXo.jp/WQ6NIOUO', NULL, NULL, NULL, NULL, NULL, '2017-11-26 08:19:47', NULL, 0, '2017-11-26 11:23:59'),
	(67, 'Moli vann', 'molivann', '$2y$10$v3muSrxkdbZE2S5v4JDfzOi85ClJiDUYFAKFerYfM2MiYOAhikptq', NULL, NULL, NULL, NULL, NULL, '2017-11-28 09:40:01', NULL, 0, '2017-11-28 09:40:49'),
	(68, 'Mrr Happy', 'Mrrhappy', '$2y$10$QmVfF3sDqjtUFqx58kVvJOz0uYiST2FBIhqKVfG2ots68NojYS7vm', NULL, NULL, NULL, NULL, NULL, '2017-11-28 09:54:45', NULL, 0, '2017-11-28 09:55:48'),
	(69, 'Sorn Sokdom', 'sokdom', '$2y$10$nyCB37VkvhR6W/n4.SObv.4Zju2/W/62gFtrvhUJvp0qq/Vc8Hmzq', NULL, NULL, NULL, NULL, NULL, '2017-11-28 10:03:26', NULL, 0, '2017-11-28 10:04:50'),
	(70, 'Seyriya Soun', 'seyriya', '$2y$10$axR1sg89KWbg0W25qDmV3u86gD8DBiQplPiXeb/bTO4fgVtOPdtX.', NULL, NULL, NULL, NULL, NULL, '2017-11-28 10:11:57', NULL, 0, '2017-11-28 10:12:28'),
	(71, 'Kouch Chung Chhay', 'chhay', '$2y$10$.7kaBmZDvw2G48roFMnwvOzQ4iqWh4XPhSRXLmQYTsSOlErCGgHmi', NULL, NULL, NULL, NULL, NULL, '2017-11-28 10:18:09', NULL, 0, '2017-11-28 10:18:59'),
	(72, 'Neang Kimly', 'kimly', '$2y$10$ROUkRE50u9o6hWpBJ.LVoe3yzUAFOhTmh6CVGSsIVz8wZ.Njm8dm2', NULL, NULL, NULL, NULL, NULL, '2017-11-28 10:30:47', NULL, 0, '2017-11-28 10:31:07'),
	(73, 'Kosal Panharith', 'panharith', '$2y$10$7okceWbiAHw2ZozVxL0SZO.pChwBipQDlYkLX6Wwxj3HixlRtRZ2O', NULL, NULL, NULL, NULL, NULL, '2017-11-28 10:40:37', NULL, 0, '2017-12-15 09:33:08'),
	(74, 'Bikher Phay', 'Bikher', '$2y$10$eCyrascZqajcW77knoP4EeChiDBOAy5dZSh0vp0xYjCbNTfi6NChG', NULL, NULL, NULL, NULL, NULL, '2017-11-30 14:02:02', NULL, 0, '2017-11-30 14:18:12'),
	(75, 'Rithy', 'Rithy', '$2y$10$8kmZ80G15.JRLQqA3KMjEO8Eqip33Y1BM0RqS06X/7ZBpfqSIXPCe', NULL, NULL, NULL, NULL, NULL, '2017-12-02 22:35:20', NULL, 0, '2017-12-02 22:35:44'),
	(76, 'khovkimlong', 'khovkimlong', '$2y$10$XtY8yUhk3m1Y64KkW38sreJUZJsMwzCqUWtd32JmNAGYkIWWbSn4a', NULL, NULL, NULL, NULL, NULL, '2017-12-03 07:32:42', NULL, 0, '2017-12-03 10:40:53'),
	(77, 'Nou neun', '050815111', '$2y$10$3DmI6yAdJuvtVL1Pi0D4Bu9KLn16vFpmpx030I5NbK6peTxfP8Pey', NULL, NULL, NULL, NULL, NULL, '2017-12-03 15:56:02', NULL, 0, NULL),
	(78, 'yin virak', 'virak', '$2y$10$2tuSyedMS0zvdIqwJCdCVOCBb7hPHZH8ltkdsqGHpbdUNkdDi9jLq', NULL, NULL, NULL, NULL, NULL, '2017-12-05 10:06:25', NULL, 0, '2017-12-05 10:07:21'),
	(79, 'Thy Vanna', 'vanna', '$2y$10$aJyBZDQeWpxh7wb7UFlmiOWoHcZ8FSHF9mUjvqHQoySKSL/7e8wg2', NULL, NULL, NULL, NULL, NULL, '2017-12-08 09:45:52', NULL, 0, '2017-12-13 09:13:48'),
	(80, 'Marked Location 092229575', 'NOUNEUN ', '$2y$10$M.tvMmkBYIQHJxy8oikWKugq.AHR166MR8uSUZmA.yoonUPYc7UNi', NULL, NULL, NULL, NULL, NULL, '2017-12-13 04:46:49', NULL, 0, '2017-12-13 04:47:03'),
	(81, 'Thon Serei Odom', 'odom', '$2y$10$mu.giG3/OKZiKErwKDqp.uBAtA3XS8Wwy8Cgzc7KFX02DYCh78gMO', NULL, NULL, NULL, NULL, NULL, '2017-12-15 13:15:09', NULL, 0, '2017-12-15 13:15:38'),
	(82, 'Mala Kita', 'mala', '$2y$10$OzBfKb1VwqNzcNFoQUFBJOyetjrS2lTyeGxtES6U/ynuHhQ12IwUu', NULL, NULL, NULL, NULL, NULL, '2017-12-15 13:28:37', NULL, 0, '2017-12-15 13:29:10'),
	(83, 'Davith', 'Pen', '$2y$10$am.FAyN2h8vk305ZbG3/cuC6gZUGk1u9hKID/l06sLn1P9v3TSUfe', '@cleancars.connect', '', '100% Good Service Assured....', NULL, NULL, '2017-12-21 08:07:53', NULL, 0, '2017-12-24 06:29:03'),
	(84, 'Nita', 'Chin', '$2y$10$8GrpB8rNXbxBLe9Ea9WYEu/24xvJY63q.YvETchihiUGkTyjmF752', 'A Mey Mey', 'PP', '', NULL, NULL, '2017-12-27 16:04:11', '//s6.kh1.co/2a/2ab5c7f58385b1602d890341c063aa5402731032.jpg', 0, '2017-12-28 10:39:54'),
	(85, 'Kuy Sitthisak ', 'Sky High', '$2y$10$InnDaHpuv24XqHOOXh4/ee7X.vZHM/EZPltapoXXTR6p5xT/Gw7pK', '', '', '', NULL, NULL, '2018-01-05 05:32:57', NULL, 0, '2018-01-05 05:33:03'),
	(86, 'phearun', 'bun', '$2y$10$XYOIEQzjZHn0Z9YKedZeG.2T5Hh7xLgtGGJ78sXwObFARR0S.QMwO', NULL, NULL, NULL, NULL, NULL, '2018-01-07 09:16:00', NULL, 0, '2018-01-09 13:22:49'),
	(87, 'Chum Sochetra', 'Justin', '$2y$10$sHf4sbnhLtD9hWxVPQssWesgRysoRc9ByOG.fEptNHqXIfKMNgEJG', NULL, NULL, NULL, NULL, NULL, '2018-01-19 11:05:56', NULL, 0, '2018-01-23 13:46:45'),
	(88, 'Kim', 'Piset', '$2y$10$1SeTemBwlV/lNurQr6Ix..K0.4RFEwmUeie08VuL3VKDcdre4rR2u', NULL, NULL, NULL, NULL, NULL, '2018-01-19 17:56:52', NULL, 0, NULL),
	(89, 'prasith', 'p sith', '$2y$10$grvsSnLKqG1kRzFui4XGLOYMcyS.3GWYpf1HPT/JOXOMwMRMyoSJ.', NULL, NULL, NULL, NULL, NULL, '2018-02-06 10:48:48', NULL, 0, '2018-02-06 10:48:59'),
	(90, 'LOK SIN SAM EAK ', 'sameak2014', '$2y$10$AFaZsvCeqCwpH9lzFwFLkOTmK0CMl26S11uh58hVE9G/.H1odC2TC', NULL, NULL, NULL, NULL, NULL, '2018-02-07 16:24:10', NULL, 0, '2018-02-07 16:24:15'),
	(91, 'ilie', 'iliem2005', '$2y$10$7FRqOqJ3kVmY2M2i8J1PQ.PUxV59B/IOQwHUswHzwpqhsJYwcLZMO', NULL, NULL, NULL, NULL, NULL, '2018-02-25 19:05:45', NULL, 0, '2018-02-25 19:06:07'),
	(92, 'Pichmony882', 'Pichmony.s', '$2y$10$B7dyuuO80DBiehH87dsCnec8wu.2tItFThzNh1Rqfk/P.zxex8o9W', NULL, NULL, NULL, NULL, NULL, '2018-03-05 14:26:35', NULL, 0, '2018-03-05 14:26:52'),
	(93, 'ddd', 'ddd', '$2y$10$CKykxmC49o6qnMeYVHr3VubvyzF0EbI7ehxw4M7/3ErseM3S/CMuS', NULL, NULL, NULL, NULL, NULL, '2018-03-07 08:36:25', NULL, 0, NULL),
	(94, 'rady', 'rady', '$2y$10$Hwg2tORLVW/ZVjn61N176eqW4Rviyne/KI09pudlcEfK9yVURe.ZW', 'zgz', 'xvzvcz', 'zxvzv', NULL, NULL, '2018-03-07 08:37:20', '//s5.kh1.co/77/77a89114098c23140f770de7e2180e6a52b9385f.jpg', 0, '2018-03-09 15:35:43');
/*!40000 ALTER TABLE `account` ENABLE KEYS */;

-- Dumping structure for table khmercar.account_contact
CREATE TABLE IF NOT EXISTS `account_contact` (
  `account_id` int(11) NOT NULL,
  `account_contact` varchar(100) NOT NULL,
  `contact_type` enum('PHONE','EMAIL') NOT NULL,
  `created_datetime` datetime NOT NULL,
  `recovery_code` varchar(250) DEFAULT NULL,
  `recovery_expire` datetime DEFAULT NULL,
  PRIMARY KEY (`account_id`,`account_contact`)
) ENGINE=InnoDB DEFAULT CHARSET=utf8;

-- Dumping data for table khmercar.account_contact: ~81 rows (approximately)
/*!40000 ALTER TABLE `account_contact` DISABLE KEYS */;
INSERT INTO `account_contact` (`account_id`, `account_contact`, `contact_type`, `created_datetime`, `recovery_code`, `recovery_expire`) VALUES
	(1, '16988898', 'PHONE', '2017-06-09 17:09:55', NULL, NULL),
	(2, '89320122', 'PHONE', '2017-06-09 22:49:41', NULL, NULL),
	(2, 'sarunrathpanha@yahoo.com', 'EMAIL', '2017-06-09 22:52:22', NULL, NULL),
	(3, '98589589', 'PHONE', '2017-06-10 16:44:31', NULL, NULL),
	(4, '10300241', 'PHONE', '2017-07-05 08:29:31', NULL, NULL),
	(4, 'huyse.song123@gmail.com', 'EMAIL', '2017-06-15 13:59:05', '56dc2dd5301c232b4b79c20752a86cfcccdcde39feba2a89a22cc70d74bc483a', '2017-06-16 16:34:00'),
	(16, '010665076', 'PHONE', '2017-07-04 15:10:00', NULL, NULL),
	(16, '012665076', 'PHONE', '2017-07-04 15:09:46', NULL, NULL),
	(18, '16676780', 'PHONE', '2017-07-05 09:39:45', NULL, NULL),
	(18, '77676701', 'PHONE', '2017-07-05 09:40:01', NULL, NULL),
	(19, '87911119', 'PHONE', '2017-07-05 09:52:29', NULL, NULL),
	(20, '10556461', 'PHONE', '2017-07-05 14:06:38', NULL, NULL),
	(21, '969428866', 'PHONE', '2017-07-05 14:17:33', NULL, NULL),
	(22, '12669529', 'PHONE', '2017-07-05 14:23:57', NULL, NULL),
	(23, '12866616', 'PHONE', '2017-07-05 14:37:45', NULL, NULL),
	(24, '12993632', 'PHONE', '2017-07-05 15:12:05', NULL, NULL),
	(24, '718084646', 'PHONE', '2017-07-05 15:12:14', NULL, NULL),
	(25, '12681375', 'PHONE', '2017-07-05 15:17:28', NULL, NULL),
	(26, '968998689', 'PHONE', '2017-07-05 15:23:06', NULL, NULL),
	(27, '10837333', 'PHONE', '2017-07-05 15:35:17', NULL, NULL),
	(27, '66837333', 'PHONE', '2017-07-05 15:35:29', NULL, NULL),
	(28, '12388730', 'PHONE', '2017-07-05 16:00:03', NULL, NULL),
	(28, '69277773', 'PHONE', '2017-07-05 15:59:52', NULL, NULL),
	(29, '16990088', 'PHONE', '2017-07-05 16:09:43', NULL, NULL),
	(29, '77766660', 'PHONE', '2017-07-05 16:09:58', NULL, NULL),
	(29, '77888358', 'PHONE', '2017-07-05 16:10:11', NULL, NULL),
	(30, '95377575', 'PHONE', '2017-07-06 09:02:11', NULL, NULL),
	(30, '98222749', 'PHONE', '2017-07-06 09:01:52', NULL, NULL),
	(31, '61902222', 'PHONE', '2017-07-06 09:14:29', NULL, NULL),
	(32, '95888788', 'PHONE', '2017-07-06 09:52:31', NULL, NULL),
	(32, '963333323', 'PHONE', '2017-07-06 09:52:07', NULL, NULL),
	(33, '318429888', 'PHONE', '2017-07-07 09:42:00', NULL, NULL),
	(33, '85464111', 'PHONE', '2017-07-07 09:42:35', NULL, NULL),
	(33, '969595519', 'PHONE', '2017-07-07 09:42:18', NULL, NULL),
	(38, '12575967', 'PHONE', '2017-07-18 14:51:44', NULL, NULL),
	(38, 'sinonem@gmail.com', 'EMAIL', '2017-07-18 14:49:12', NULL, NULL),
	(42, '12894729', 'PHONE', '2017-07-25 08:56:20', NULL, NULL),
	(42, '977750000', 'PHONE', '2017-07-25 08:57:31', NULL, NULL),
	(43, '17888338', 'PHONE', '2017-07-25 15:26:36', NULL, NULL),
	(43, '883888838', 'PHONE', '2017-07-25 15:26:18', NULL, NULL),
	(44, '77 317 615', 'PHONE', '2017-07-25 16:00:25', NULL, NULL),
	(44, '978433004', 'PHONE', '2017-07-25 16:00:42', NULL, NULL),
	(47, '93 520 388', 'PHONE', '2017-07-27 15:59:59', NULL, NULL),
	(52, '11944535', 'PHONE', '2017-09-13 12:49:51', NULL, NULL),
	(58, '12472666', 'PHONE', '2017-11-20 10:03:59', NULL, NULL),
	(58, '96 470 6666', 'PHONE', '2017-11-20 10:03:41', NULL, NULL),
	(59, '12777916', 'PHONE', '2017-11-20 10:10:06', NULL, NULL),
	(59, '15 908 788', 'PHONE', '2017-11-20 10:08:46', NULL, NULL),
	(59, '887456868', 'PHONE', '2017-11-20 10:09:03', NULL, NULL),
	(60, '973042827', 'PHONE', '2017-11-20 10:18:16', NULL, NULL),
	(61, '86550800', 'PHONE', '2017-11-20 10:31:36', NULL, NULL),
	(62, '93969868', 'PHONE', '2017-11-21 09:36:51', NULL, NULL),
	(62, '978666698', 'PHONE', '2017-11-21 09:37:08', NULL, NULL),
	(63, '15885168', 'PHONE', '2017-11-21 09:48:32', NULL, NULL),
	(64, '12 899 849', 'PHONE', '2017-11-21 10:08:15', NULL, NULL),
	(64, '87568648', 'PHONE', '2017-11-21 10:08:31', NULL, NULL),
	(65, '10 837 333', 'PHONE', '2017-11-21 10:26:31', NULL, NULL),
	(65, '66837333', 'PHONE', '2017-11-21 10:27:04', NULL, NULL),
	(67, '15855778', 'PHONE', '2017-11-28 09:40:25', NULL, NULL),
	(67, '17 855 778', 'PHONE', '2017-11-28 09:40:01', NULL, NULL),
	(68, '10911818', 'PHONE', '2017-11-28 09:55:04', NULL, NULL),
	(68, '66856723', 'PHONE', '2017-11-28 09:55:15', NULL, NULL),
	(68, '85 911 818', 'PHONE', '2017-11-28 09:54:45', NULL, NULL),
	(69, '16 766 700', 'PHONE', '2017-11-28 10:03:26', NULL, NULL),
	(69, '17370377', 'PHONE', '2017-11-28 10:04:19', NULL, NULL),
	(70, '17 519 088', 'PHONE', '2017-11-28 10:11:57', NULL, NULL),
	(71, '17722886', 'PHONE', '2017-11-28 10:18:45', NULL, NULL),
	(71, '17​ 722​ 338', 'PHONE', '2017-11-28 10:18:09', NULL, NULL),
	(71, '86502600', 'PHONE', '2017-11-28 10:18:30', NULL, NULL),
	(72, '965819557', 'PHONE', '2017-11-28 10:30:47', NULL, NULL),
	(73, '95 20 21 26', 'PHONE', '2017-11-28 10:40:37', NULL, NULL),
	(73, '963031875', 'PHONE', '2017-11-28 10:40:56', NULL, NULL),
	(78, '15789878', 'PHONE', '2017-12-05 10:06:25', NULL, NULL),
	(78, '92789878', 'PHONE', '2017-12-05 10:06:56', NULL, NULL),
	(79, '70452442', 'PHONE', '2017-12-08 09:45:52', NULL, NULL),
	(79, '92144488', 'PHONE', '2017-12-08 09:46:10', NULL, NULL),
	(80, '92229575', 'PHONE', '2017-12-13 09:13:04', NULL, NULL),
	(81, '81750800', 'PHONE', '2017-12-15 13:15:09', NULL, NULL),
	(82, '10 906 768', 'PHONE', '2017-12-15 13:28:37', NULL, NULL),
	(83, 'mobile.trader@outlook.com', 'EMAIL', '2017-12-21 09:15:31', NULL, NULL),
	(87, '70567802', 'PHONE', '2018-01-19 11:08:49', NULL, NULL);
/*!40000 ALTER TABLE `account_contact` ENABLE KEYS */;

-- Dumping structure for table khmercar.admin
CREATE TABLE IF NOT EXISTS `admin` (
  `admin_id` int(11) NOT NULL AUTO_INCREMENT,
  `username` varchar(50) NOT NULL,
  `password` varchar(250) NOT NULL,
  `admin_role` int(11) NOT NULL COMMENT '1: admin, 2',
  `last_login_date_time` datetime DEFAULT NULL,
  PRIMARY KEY (`admin_id`)
) ENGINE=InnoDB AUTO_INCREMENT=7 DEFAULT CHARSET=utf8;

-- Dumping data for table khmercar.admin: ~5 rows (approximately)
/*!40000 ALTER TABLE `admin` DISABLE KEYS */;
INSERT INTO `admin` (`admin_id`, `username`, `password`, `admin_role`, `last_login_date_time`) VALUES
	(1, 'rathpanha', '$2y$10$GERo6PbsHhTqYGwGiFiVYuVqm6ghYMPcA/oPAzop0CIb5MRhfjhuG', 1, '2017-11-23 13:04:46'),
	(2, 'huyse', '$2y$10$qyQ36IrH6gff8sfCPgi.ruUJAM2ak/3Guk0E3u8SyCMMVmKmcqc6y', 1, '2017-09-10 13:59:50'),
	(4, 'lichou', '$2y$10$KarNwUtsGG1ydhdJFlG2DuDXwzC2AHSRae0XdauNzh8z26yoqyqxm', 2, '2018-01-23 12:51:00'),
	(5, 'lis', '$2y$10$gi05N0ckQNZMKDlC3mgkS.gOb//erlaa96Gjxf1RXwZEl8Jm1s0Iu', 2, '2017-08-04 10:01:14'),
	(6, 'rady', '$2y$10$Hwg2tORLVW/ZVjn61N176eqW4Rviyne/KI09pudlcEfK9yVURe.ZW', 1, NULL);
/*!40000 ALTER TABLE `admin` ENABLE KEYS */;

-- Dumping structure for table khmercar.admin_record
CREATE TABLE IF NOT EXISTS `admin_record` (
  `id` int(11) NOT NULL AUTO_INCREMENT,
  `created_by` int(11) NOT NULL,
  `account_id` int(11) NOT NULL,
  `username` varchar(50) NOT NULL,
  `fullname` varchar(50) NOT NULL,
  `created_datetime` datetime NOT NULL,
  PRIMARY KEY (`id`)
) ENGINE=InnoDB AUTO_INCREMENT=43 DEFAULT CHARSET=utf8;

-- Dumping data for table khmercar.admin_record: ~41 rows (approximately)
/*!40000 ALTER TABLE `admin_record` DISABLE KEYS */;
INSERT INTO `admin_record` (`id`, `created_by`, `account_id`, `username`, `fullname`, `created_datetime`) VALUES
	(2, 2, 15, 'op', 'op', '2017-07-04 14:49:07'),
	(3, 2, 16, 'jonhlee', 'Jonh Lee Ford', '2017-07-04 15:09:22'),
	(4, 2, 18, 'Bunvichet', 'Bun Vichet', '2017-07-05 09:39:06'),
	(5, 2, 19, 'chhayoudom', 'Chhay Oudom', '2017-07-05 09:51:39'),
	(6, 2, 20, 'Kuntheacheav', 'Kunthea Cheav', '2017-07-05 14:06:14'),
	(7, 2, 21, 'Naran', 'Na Ran', '2017-07-05 14:17:17'),
	(8, 2, 22, 'Vannykhorn', 'Vanny Khorn', '2017-07-05 14:23:42'),
	(9, 2, 23, 'Monyrout', 'Mony Rout', '2017-07-05 14:37:23'),
	(10, 2, 24, 'Cheasothy', 'Chea Sothy', '2017-07-05 15:11:50'),
	(11, 2, 25, 'Chanrotha', 'Chan Rotha', '2017-07-05 15:17:13'),
	(12, 2, 26, 'hengrin', 'heng rin', '2017-07-05 15:22:53'),
	(13, 2, 27, 'Phanasopitou', 'Phana Sopitou', '2017-07-05 15:35:01'),
	(14, 2, 28, 'Heasrun', 'Hea Srun', '2017-07-05 15:59:37'),
	(15, 2, 29, 'Borathsok', 'Borath Sok', '2017-07-05 16:09:26'),
	(16, 4, 30, 'Sengpiseth', 'Seng Piseth', '2017-07-06 09:01:52'),
	(17, 4, 31, 'Renobk', 'Reno Bk', '2017-07-06 09:14:29'),
	(18, 4, 32, 'ratha', 'Ko Ku Ratha', '2017-07-06 09:52:07'),
	(19, 4, 33, 'sellcar', 'sell car', '2017-07-07 09:42:00'),
	(20, 4, 42, 'hengheng', 'heng heng', '2017-07-25 08:56:20'),
	(21, 4, 43, 'Chiva ', 'Chiva CM', '2017-07-25 15:26:19'),
	(22, 4, 44, 'LindaLy ', 'Linda Ly Ly', '2017-07-25 16:00:25'),
	(23, 4, 47, 'rakim', 'Ra Kim', '2017-07-27 15:59:59'),
	(24, 4, 58, 'lala', 'Bee LaLa', '2017-11-20 10:03:44'),
	(25, 4, 59, 'chhin', 'Mrr Chhin', '2017-11-20 10:08:47'),
	(26, 4, 60, 'roulin', 'Olivier Roulin', '2017-11-20 10:18:16'),
	(27, 4, 61, 'nha', 'Hea Nha', '2017-11-20 10:31:39'),
	(28, 4, 62, 'heara', 'Hear Ra', '2017-11-21 09:36:32'),
	(29, 4, 63, 'outdom', 'Pay Kim Outdom', '2017-11-21 09:48:35'),
	(30, 4, 64, 'lymeng', 'Lim Lymeng', '2017-11-21 10:08:15'),
	(31, 4, 65, 'miely', 'Mie Ly', '2017-11-21 10:26:35'),
	(32, 4, 67, 'molivann', 'Moli vann', '2017-11-28 09:40:02'),
	(33, 4, 68, 'Mrrhappy', 'Mrr Happy', '2017-11-28 09:54:45'),
	(34, 4, 69, 'sokdom', 'Sorn Sokdom', '2017-11-28 10:03:29'),
	(35, 4, 70, 'seyriya', 'Seyriya Soun', '2017-11-28 10:11:58'),
	(36, 4, 71, 'chhay', 'Kouch Chung Chhay', '2017-11-28 10:18:09'),
	(37, 4, 72, 'kimly', 'Neang Kimly', '2017-11-28 10:30:51'),
	(38, 4, 73, 'panharith', 'Kosal Panharith', '2017-11-28 10:40:38'),
	(39, 4, 78, 'virak', 'yin virak', '2017-12-05 10:06:29'),
	(40, 4, 79, 'vanna', 'Thy Vanna', '2017-12-08 09:45:53'),
	(41, 4, 81, 'odom', 'Thon Serei Odom', '2017-12-15 13:15:16'),
	(42, 4, 82, 'mala', 'Mala Kita', '2017-12-15 13:28:44');
/*!40000 ALTER TABLE `admin_record` ENABLE KEYS */;

-- Dumping structure for table khmercar.car
CREATE TABLE IF NOT EXISTS `car` (
  `car_id` int(11) NOT NULL AUTO_INCREMENT,
  `brand_id` int(11) NOT NULL,
  `model_id` int(11) NOT NULL,
  `eng_title` varchar(250) NOT NULL,
  `year` varchar(50) DEFAULT NULL,
  `car_type` int(11) NOT NULL,
  `gear_type` int(11) NOT NULL COMMENT '1=Auto, 2=Manual',
  `fuel_type` int(11) NOT NULL COMMENT '1=Gasoline, 2=Diesel, 3=Gas',
  `deal_type` int(11) NOT NULL COMMENT '0=sale, 1=rent',
  `sale_price` decimal(10,2) DEFAULT NULL,
  `display_price` int(11) NOT NULL DEFAULT '1' COMMENT '0=non display, 1=display',
  `tax_type` int(11) NOT NULL COMMENT '1=Plate Number, 2=Tax Paper',
  `car_condition` int(11) NOT NULL COMMENT '1=New, 2=Used',
  `plate_number` varchar(50) DEFAULT NULL,
  `color` varchar(50) DEFAULT NULL,
  `description` longtext,
  `features` longtext,
  `photo` varchar(250) DEFAULT NULL,
  `province_id` int(11) DEFAULT NULL,
  `created_by` int(11) NOT NULL,
  `dealer_id` int(11) DEFAULT NULL,
  `created_datetime` datetime NOT NULL,
  `premium` enum('T','F') NOT NULL DEFAULT 'F',
  `premium_expiredate` datetime DEFAULT NULL,
  `advertised` enum('T','F') NOT NULL DEFAULT 'F',
  `front_page` enum('T','F') NOT NULL DEFAULT 'F',
  `status` int(11) NOT NULL DEFAULT '0' COMMENT '0=Incomplete, 1=Complete',
  `active` enum('T','F') NOT NULL DEFAULT 'F',
  `sold` int(11) NOT NULL DEFAULT '0' COMMENT '0 = not yet success deal, if >0 mean success deal (this field relate to field id in table property_deal_success)',
  `pageview` int(11) NOT NULL DEFAULT '0',
  PRIMARY KEY (`car_id`)
) ENGINE=InnoDB AUTO_INCREMENT=152 DEFAULT CHARSET=utf8;

-- Dumping data for table khmercar.car: ~151 rows (approximately)
/*!40000 ALTER TABLE `car` DISABLE KEYS */;
INSERT INTO `car` (`car_id`, `brand_id`, `model_id`, `eng_title`, `year`, `car_type`, `gear_type`, `fuel_type`, `deal_type`, `sale_price`, `display_price`, `tax_type`, `car_condition`, `plate_number`, `color`, `description`, `features`, `photo`, `province_id`, `created_by`, `dealer_id`, `created_datetime`, `premium`, `premium_expiredate`, `advertised`, `front_page`, `status`, `active`, `sold`, `pageview`) VALUES
	(1, 4, 500, '098 589 589 (ENG/华/ខ្មែរ)  Audi Q7 2012 លេខអ៉ូតូ ប្រើប្រាស់ Gasolin - សាំង', '2012', 5, 1, 1, 0, 68500.00, 1, 2, 2, '', NULL, 'Audi Q7 S LINE PRESTIGE FULL OPTION\r\n- 21 inches sport rims\r\n- SMART KEY START STOP\r\n- BLUETOOTH MEDIA PLAYER\r\n- MANUAL SPORT SHIFT GEAR SELECTOR\r\n- 7 SEATS\r\n- AIR CON SEATS\r\n- POWER REAR DOOR\r\n- BOSE SPUND SYSTEM\r\n- .........100% OPTION\r\n\r\n100% NO HIT AND 100% ORIGINAL PAINT', NULL, '//s4.kh1.co/cb/cba6936a752ff45140af7720c00ec6b4595c0afe.jpg', 15, 3, NULL, '2017-06-10 16:34:59', 'F', NULL, 'F', 'T', 1, 'T', 0, 350),
	(2, 31, 849, '098 589 589 (ENG/华/ខ្មែរ)  Mercedes-Benz GL-Class 2008 លេខអ៉ូតូ ប្រើប្រាស់ Diesel​ - ម៉ាស៊ូត', '2008', 5, 1, 2, 0, 52000.00, 1, 2, 2, '', NULL, 'MERCESE BENZ GL 320 DTI FULL OPTION 2008 =\r\n- DVD PLAYER\r\n- SMART KEY\r\n- 7 SEATS\r\n- REAR AIR CON\r\n- PARKING CAMERA AND SENSOR\r\n- LASER MOVING LIGHT\r\n- 2 MOON ROOF\r\n- 6 CD CHANGERS\r\n- 12 AIR BAGS\r\n- ...............100% OPTION\r\n\r\n100% NO HIT AND 100% OROGINAL PAINT', NULL, '//s6.kh1.co/b1/b105c6ca25e08ecfe409db6e268f89c6771f69c8.jpg', 15, 3, NULL, '2017-06-10 16:48:27', 'F', NULL, 'F', 'T', 1, 'T', 0, 973),
	(3, 6, 540, '098 589 589 (ENG/华/ខ្មែរ)  BMW X5 2009 លេខអ៉ូតូ ប្រើប្រាស់ Gasolin - សាំង', '2009', 5, 1, 1, 0, 45000.00, 1, 2, 2, '', NULL, 'BMW X5 2009 WHITE FULL OPTION =\r\n- DEFOG LIGHT\r\n- DRL ABS ESP TPMC\r\n- POWER REAR DOOR\r\n- 10AIR BAGS\r\n- DVD PLAYER\r\n- AUX USB ....\r\n- AUTO HOLD \r\n- SPORT MODE\r\n- ........................\r\n\r\n100% NO HIT AND 100% ORIGINAL PAINT', NULL, '//s4.kh1.co/ff/fff6ba381f1b6a776e7d946c2d92826c8e6ae70a.jpg', 15, 3, NULL, '2017-06-10 17:15:05', 'F', NULL, 'F', 'T', 1, 'T', 0, 279),
	(4, 28, 62, '098 589 589 (ENG/华/ខ្មែរ)  Lexus RX350 2010 លេខអ៉ូតូ ប្រើប្រាស់ Gasolin - សាំង', '2010', 5, 1, 1, 0, 65000.00, 1, 2, 2, '', NULL, 'LEXUS RX 350 FULL OPTION 2010 WHITE =\r\n- DVD PLAYER\r\n- MOUSE CURSER\r\n- SIDE CAMERA\r\n- 10AIR BAGS\r\n- 6 CD CHANGERS\r\n- ...........100% OPTION \r\n\r\n100% NO HIT AND 100% ORIGINAL PAINT', NULL, '//s6.kh1.co/26/26524fcc9bea6250e8c4de121695ff196cd2bdec.jpg', 15, 3, NULL, '2017-06-11 09:50:15', 'F', NULL, 'F', 'T', 1, 'T', 0, 253),
	(5, 37, 9, '098 589 589 (ENG/华/ខ្មែរ)  Toyota Highlander 2009 លេខអ៉ូតូ ប្រើប្រាស់ Gasolin - សាំង', '2009', 5, 1, 1, 0, 42000.00, 1, 2, 2, '', NULL, 'HIGHLANDER 2009 WHITE 2.7 =\r\n- ABS VSC CRUISE CONTROL\r\n- ALLOY WHEELS\r\n- TIRE PRESSURE MOTOR CONTROL\r\n- YELLOW INTERIOR\r\n- LEATHER SEATS\r\n- GPS NAVIGATE TOUCH SCREEN\r\n- REVERSE CAMERA\r\n- BLUE TOOTH \r\n- REMOTE CONTROL\r\n- ............................/\r\n\r\n100% NO HIT AND ORIGINAL PAINT', NULL, '//s5.kh1.co/1b/1bc85c812d476bbf8ea17952ca97ca798c526790.jpg', 15, 3, NULL, '2017-06-11 10:01:27', 'F', NULL, 'F', 'T', 1, 'T', 0, 290),
	(6, 37, 9, '098 589 589 (ENG/华/ខ្មែរ)  SUV Toyota Highlander 2008 លេខអ៉ូតូ ប្រើប្រាស់ Gasolin - សាំង', '2008', 5, 1, 1, 0, 52000.00, 1, 2, 2, '', NULL, 'TOYOTA HIGHLANDER 2008 LIMITED FULL OPTION\r\n-GPS NAVIGATION \r\n-DVD PLAYER\r\n-REMOTE START \r\n-REVERSE CAMERA \r\n-POWER TAIL GATE\r\n-SMART KEY\r\n-9 AIR BAGS \r\n- JBL\r\n- .......100%OPTION\r\n100% NO HIT AND ORIGINAL PAINT', NULL, '//s6.kh1.co/51/51c4b52e6690173cbac7e90f1348de8ccf1092a0.jpg', 15, 3, NULL, '2017-06-11 10:39:53', 'F', NULL, 'F', 'T', 1, 'T', 0, 268),
	(7, 28, 62, '098 589 589 (ENG/华/ខ្មែរ)  SUV Lexus RX350 2010 លេខអ៉ូតូ ប្រើប្រាស់ Gasolin - សាំង', '2010', 5, 1, 1, 0, 56500.00, 1, 1, 2, '2V-8765', NULL, 'LEXUS RX 350 2010 WHITE FULL OPTION =\r\n- ALLOY WHEELS\r\n- NEW TIRES\r\n- 10 AIR BAGS\r\n- 6 CD CHANGERS\r\n- AIR CON SEATS\r\n- POWER FOLDING SIDE MIRROR\r\n- SIDE CAMERA\r\n- DVD PLAYER\r\n- MOUSE CONTROL\r\n- PARKIGN SENSORS\r\n- ..............100% OPTION\r\n\r\n100% NO HIT AND 100% ORIGINAL PAINT', NULL, '//s5.kh1.co/ae/aeb636b1554cc7a51f4e698d0b4b88d8a4aba910.jpg', 15, 3, NULL, '2017-06-11 11:02:32', 'F', NULL, 'F', 'T', 1, 'T', 0, 272),
	(8, 28, 72, '098 589 589 (ENG/华/ខ្មែរ)  SUV Lexus GX 2004 លេខអ៉ូតូ ប្រើប្រាស់ Gasolin - សាំង', '2004', 5, 1, 1, 0, 39500.00, 1, 2, 2, '', NULL, 'LEXUS GX 470 2004 FULL OPTION =\r\n- ALLOY WHEELS\r\n- TIRE PRESSURE MOTOR CONTROL\r\n- ABS VSC CRUISE CONTROL\r\n- 8 AIR BAGS\r\n- 6 CD CHANGERS\r\n- DVD PLAYER\r\n- MOON ROOF\r\n- 7SEATS\r\n- .....\r\n\r\n100% NO NIT AND ORIGINAL PAINT', NULL, '//s4.kh1.co/9e/9eb12f7cecc135fdfc053a56c174a6c26e79ff0f.jpg', 15, 3, NULL, '2017-06-11 11:45:44', 'F', NULL, 'F', 'T', 1, 'T', 0, 334),
	(9, 28, 67, 'SUV Lexus LX470 2003 លេខអ៉ូតូ ប្រើប្រាស់ Gasolin - សាំង', '2003', 5, 1, 1, 0, 45500.00, 1, 2, 2, '', NULL, 'Lexus 470 2003 full option cream white =\r\n- NIGHT VIEW PROJECTOR\r\n- 8 AIR BAGS\r\n- 6 DVD\r\n- NAVIGATION GPS\r\n- ABS VSC CRUISE CONTROL\r\n- 4X4 DRIVE \r\n- ALLUMINUME RIMS\r\n- COMFORTABLE CONTROL SUSPENSION\r\n- AIR SUSPENSION\r\n- FOLDING MIRROR\r\n- REAR AIR CON...................100% OPTIONs\r\n\r\n100% NO HIT AND 100% FACTORY PAINT GARENTEED', NULL, NULL, 15, 3, NULL, '2017-06-11 11:55:57', 'F', NULL, 'F', 'F', 0, 'F', 0, 0),
	(10, 37, 1, '098 589 589 (ENG/华/ខ្មែរ)  Sedan Toyota Camary 2007 លេខអ៉ូតូ ប្រើប្រាស់ Gasolin - សាំង', '2007', 1, 1, 1, 0, 23500.00, 1, 2, 2, '', NULL, 'TOYOTA CAMRY LE 2007 WHITE =\r\n- ABS VSC CRUISE CONTROL\r\n- YELLOW INTERIOR\r\n- ALLOY WHEELS\r\n- POWER SEATS\r\n- REMOTR KEY\r\n- POWER TRUCK OPEN\r\n- ...........\r\n\r\n100% NO HIT AND ORIGINAL PAINT', NULL, '//s4.kh1.co/98/98a57860c0c1f3b3d725b81669afbec67aa214f0.jpg', 15, 3, NULL, '2017-06-11 12:05:34', 'F', NULL, 'F', 'T', 1, 'T', 0, 38642),
	(11, 28, 61, 'SUV Lexus RX330 2004 លេខអ៉ូតូ ប្រើប្រាស់ Gasolin - សាំង', '2005', 5, 1, 1, 0, 35500.00, 1, 2, 2, '', NULL, 'LEXUS RX 330 PEARL WHITE 2005 FULL OPTI BIG SCREEN GPS CAMERA\r\n- DVD PLAYER \r\n- ABS VSC CRUISE CONTROL\r\n- 9 AIR BAGS\r\n- 6 CD CHANGERS\r\n- MOON ROOF\r\n- YELLOW INTERIOR\r\n- LEATHER POWER SEATS\r\n- BACK AIR CONÂ \r\n- POWER REAR OPEN\r\n- LASER HEAD LIGHT MOVING\r\n- ALLOY WHEELS\r\n- ..................\r\n\r\n100% NO HIT AND ORIGINAL PAINT', NULL, NULL, 15, 3, NULL, '2017-06-11 12:23:29', 'F', NULL, 'F', 'F', 0, 'F', 0, 0),
	(12, 1, 467, 'Sedan Acura CL  លេខអ៉ូតូ ប្រើប្រាស់ Gasolin - សាំង', '', 1, 1, 1, 0, 40000.00, 1, 2, 1, '', NULL, NULL, NULL, NULL, 14, 2, NULL, '2017-06-11 22:18:50', 'F', NULL, 'F', 'F', 0, 'F', 0, 11),
	(13, 28, 68, 'SUV Lexus LX570 2016 លេខអ៉ូតូ ប្រើប្រាស់ Gasoline - សាំង', '2016', 5, 1, 1, 0, 28000.00, 1, 2, 2, '', NULL, 'Vehicle Highlights\r\n\r\n2016 Lexus Lx 570\r\nMileage: 6,574\r\nColor: White\r\nCondition: Used\r\nDrivetrain: 4WD\r\nEngine: 8 Cyl\r\nTransmission: Automatic\r\nFuel: Gasoline\r\n\r\nCONTACT NAME: Mr Abdulrahman Yaser \r\nCONTACT EMAIL: a.yaser1964@gmail.com\r\n', NULL, '//s6.kh1.co/ba/ba177aa8498b3d8f013976e12c4331fa19b994c3.jpg', 7, 10, NULL, '2017-06-17 03:11:39', 'F', NULL, 'F', 'T', 1, 'F', 0, 6),
	(14, 1, 467, 'Sedan Acura CL  លេខអ៉ូតូ ប្រើប្រាស់ Gasolin - សាំង', '', 1, 1, 1, 0, 2500000.00, 1, 2, 1, '', NULL, NULL, NULL, NULL, 15, 4, NULL, '2017-06-22 08:56:30', 'F', NULL, 'F', 'F', 0, 'F', 0, 0),
	(15, 39, 867, 'Sedan Rolls Royce Ghost  លេខអ៉ូតូ ប្រើប្រាស់ Gasolin - សាំង', '2012', 1, 1, 1, 0, 26000.00, 1, 2, 1, NULL, NULL, NULL, NULL, NULL, 15, 4, NULL, '2017-06-22 16:14:24', 'F', NULL, 'F', 'F', 0, 'F', 0, 0),
	(16, 16, 140, 'Pickup Truck Ford Ranger  លេខអ៉ូតូ ប្រើប្រាស់ Gasolin - សាំង', '', 9, 1, 1, 0, 49500.00, 1, 2, 1, '', NULL, 'កំពូលរថយន្ត Ford Ranger Wildtrak 2017\r\n1.Exterior \r\n-កំលាំងម៉ាសុីន 3.2L កំរិតសុីប្រេង 8L/100Km\r\n-ទំងន់ 2200Kg\r\n-ទំងន់ដឹក 1500Kg\r\n-ទំងន់ដណ្តោង 3500Kg\r\n-យ៉ាន់ 18 អីង ផ្សំដោយជាតិ អាលុយមីញ៉ូម\r\n-កាមេរ៉ា Original \r\n-Sensor 8 គ្រាប់ ( មុខ ក្រោយ)\r\n- អំពូលគុជ បិទបើកហ្វាកូដ ស្វ័យប្រវត្តិ\r\n- ផ្លិតទឹក ធ្វើការ តាមល្បឿនទឹកភ្លៀង\r\n-កញ្ចក់ចំហៀងអាច ក្តោបបាន\r\n-បំពាក់ជាស្រេច ឈ្នាន់ជាន់ កាងលើទ្រុង និង ដំបូល\r\n2. Interior and safety\r\n- ចង្កូតអេឡិចត្រូនិច (EPAS) ធូងាយបើកបរ\r\n-ប្រអបលេខ 6 ( អូតូ និង ដៃ )\r\n-ប្រព័ន្ធបញ្ជាដោយសំលេង Voice Comment \r\n-អេក្រង់ Touch Screen 8" Sync 3\r\n-តាបឡូស្បែក ទំនើបទាន់សម័យ\r\n-ភ្លើងតាបឡូអាចប្តូបាន8 ពណ៍\r\n-ប្រអប់ក្លាសេភេសជ្ជះ\r\n-រន្ធសាក Laptop \r\n-កាមេរ៉ាខាងក្រោយ រេតាមចង្កូត\r\n-កុងទ័ររចនាយ៉ាងទំនើប \r\n-កៅអីចុច អេឡិចត្រូនិច\r\n-ប្រព័ន្ធទប់រថយន្តកុំអោយរអិលថយក្រោយពេលឡើងចំណោត\r\n-ប្រព័ន្ធទប់លំនឹងរថយន្តពេលចុះចំណោត\r\n-ប្រព័ន្ធទប់លំនឹងពេលបើកចេញពីគន្លងផ្លូវ\r\n-ប្រព័ន្ធទំលំនឹងរថយន្តក្នុងស្ថានភាពផ្លូវកោងនិងរអិល\r\n-ប្រព័ន្ធបន្ថយល្បឿន និងរក្សារគំលាតសុវត្តិភាពដោយស្វ័យប្រវត្ត\r\n-ប្រព័ន្ធផ្តល់សញ្ញាគ្រោះថ្នាក់នៅខាងមុខ\r\n-ប្រព័ន្ធ សោរ អាចកំណត់ល្បឿនរថយន្ត\r\n-ប្រព័ន្ធទប់លំនឹង និងបញ្ជៀសការក្រឡាប់\r\n-អាចចុះទឹកបានជម្រៅ 800mm\r\nLocation: 444, Monivong Blvd, Sangkat Tonle Basac, Khan Chamka Morn, Phnom Penh Cambodia\r\nPlease call : 012665076/010665076', NULL, '//s5.kh1.co/40/40f52952f124bf183492bb75483011920a2289d7.jpg', 15, 16, NULL, '2017-07-04 15:25:30', 'F', NULL, 'F', 'T', 1, 'T', 0, 680),
	(17, 37, 9, 'SUV Toyota Highlander  លេខអ៉ូតូ ប្រើប្រាស់ Gasolin - សាំង', '', 5, 1, 1, 0, 17000.00, 1, 1, 2, '2XX-XXXX', NULL, 'Highlander 2002 លក់ប្រញាប់ 17000$\r\n-no hit 100%\r\n- ពណ៍ ស ( white color) \r\n-Plate number PP \r\n- break ABS\r\n_ V6 Limited\r\n_ប៉ុង 2 \r\n_ធានាថាឡានស្អាត\r\n_យ៉ានស្ព័រ\r\n_ សំបកកង់ថ្មី\r\nឡានស្អាត ម៉ាសីុនស្ងាត់រត់មិនថាផ្លូវជិតឬផ្លូវឆ្ងាយរត់ស្រួល ប៉ោងនិងម៉ាសីុនត្រជាក់តំនើការល្អ 100% មានពន្ធត្រឹមត្រូវលក់ក្នុងតំលៃពិសេស តែ17000$$តំលៃអាចចរចារបាន \r\nទំនាក់ទំនង 25 ខេត្ត ក្រុង016676780 077676701 ( លក់ប្រញាប់តំលៃក្រោមទីផ្សារ)', NULL, '//s6.kh1.co/b6/b6dac625b0886377c5431e7d4a693fd9d1082d7e.jpg', 15, 18, NULL, '2017-07-05 09:44:58', 'F', NULL, 'F', 'T', 1, 'T', 0, 292),
	(18, 37, 2, 'Sedan Toyota Camary Hybrid 2007 លេខអ៉ូតូ ប្រើប្រាស់ Gasolin - សាំង', '2007', 1, 1, 1, 0, 17500.00, 1, 1, 2, '2XX-XXXX', NULL, NULL, NULL, '//s5.kh1.co/d3/d38a9ba76647d83beed43e81166bec451699ea45.png', 15, 19, NULL, '2017-07-05 09:56:35', 'F', NULL, 'F', 'T', 1, 'T', 0, 270),
	(19, 37, 1, 'Sedan Toyota Camary  លេខអ៉ូតូ ប្រើប្រាស់ Gasolin - សាំង', '', 1, 1, 1, 0, 10900.00, 1, 1, 2, '2W-1659', NULL, 'Camary XLE full option\r\n$10,900\r\nPhnom Penh, Cambodia\r\nGood car \r\nBlack Color \r\nABS\r\n8 Air Back \r\nTel : 010556461', NULL, '//s5.kh1.co/1d/1db44ffeea2f068a1542b77c1ea6352c41391f04.jpg', 15, 20, NULL, '2017-07-05 14:09:11', 'F', NULL, 'F', 'T', 1, 'T', 0, 385),
	(20, 37, 1, 'Sedan Toyota Camary 2002 លេខអ៉ូតូ ប្រើប្រាស់ Gasolin - សាំង', '2002', 1, 1, 1, 0, 10700.00, 1, 1, 2, '2X-XXXX', NULL, 'sale car\r\n$10,700\r\nPhnom Penh\r\nCamary 2002 color gold / yellow ABS \r\nPhone 0969428866', NULL, '//s5.kh1.co/77/77688b5169f59ddf863426c58200bd75bc79fc9d.jpg', 15, 21, NULL, '2017-07-05 14:19:13', 'F', NULL, 'F', 'T', 1, 'T', 0, 464),
	(21, 37, 9, 'SUV Toyota Highlander 2004 លេខអ៉ូតូ ប្រើប្រាស់ Gasolin - សាំង', '2004', 5, 1, 1, 0, 18800.00, 1, 1, 2, '2X-XXXX', NULL, 'Hightlander 04 year 2004\r\n$18,800\r\nPhnom Penh\r\nDear Value Buyer\r\nខ្ញុំកម្មង់ពីអាមេរិចផ្ទាល់សំរាប់ប្រើប្រាស់ផ្ទាល់ ឡានល្អណាស់ តែពេលនេះត្រូវការលុយ លក់ក្នុងតំលៃពិសេស​ ។\r\nតំលៃអាចចរចារបាន\r\nH/P:012669529', NULL, '//s5.kh1.co/dc/dcd0ce447bc2d1038eb483c8e10b041afa43108e.jpg', 15, 22, NULL, '2017-07-05 14:27:21', 'F', NULL, 'F', 'T', 1, 'T', 0, 468),
	(22, 4, 494, 'Sedan Audi A4 2012 លេខអ៉ូតូ ប្រើប្រាស់ Gasolin - សាំង', '2012', 1, 1, 1, 0, 30000.00, 1, 1, 2, '2X-XXXX', NULL, NULL, NULL, '//s6.kh1.co/2e/2e16c112d06fc86e0c34007606a682391284b9bc.png', 15, 23, NULL, '2017-07-05 14:39:42', 'F', NULL, 'F', 'T', 1, 'T', 0, 412),
	(23, 37, 1, 'Sedan Toyota Camary 2003 លេខអ៉ូតូ ប្រើប្រាស់ Gasolin - សាំង', '2003', 1, 1, 1, 0, 11800.00, 1, 2, 1, '', NULL, '(SOLD)Car for sell\r\n$11,800\r\nPhnom Penh\r\nឡានទើបមកដល់ថ្មី Camery LE ,Year:2003 (No ABS)\r\nTax:Paper new car ក្រដាស់ពន្ធ\r\nPrice :11800$\r\nTel. 012993632/0718084646.', NULL, '//s6.kh1.co/bc/bc49a43f33cc8369bf58d882f91455b5609d64ea.jpg', 15, 24, NULL, '2017-07-05 15:13:30', 'F', NULL, 'F', 'T', 1, 'T', 0, 380),
	(24, 37, 9, 'SUV Toyota Highlander 03 លេខអ៉ូតូ ប្រើប្រាស់ Gasolin - សាំង', '03', 5, 1, 1, 0, 13700.00, 1, 1, 2, '2X-XXXX', NULL, 'Highlander 03 for sale\r\n$13,700\r\nPhnom Penh\r\n_ Blue\r\n_ 4 engine\r\n_ plate number 2AL\r\n_ Good 4 ties\r\n_ Nice insight\r\n_ No hit\r\n_ please contact 012681375', NULL, '//s6.kh1.co/e2/e2f8ada0ab2ef01a810a8932469357fbdae094ca.jpg', 15, 25, NULL, '2017-07-05 15:19:34', 'F', NULL, 'F', 'T', 1, 'T', 0, 321),
	(25, 37, 3, 'Sedan Toyota Prius 05 លេខអ៉ូតូ ប្រើប្រាស់ Gasolin - សាំង', '05', 1, 1, 1, 0, 12000.00, 1, 1, 2, '2X-XXXX', NULL, 'Prius 05\r\n$12,000\r\nStung Teeng, Stoeng Treng, Cambodia\r\nHi .!!! \r\nPrius year 2005 full option  ទើបនឹងចូលមកថ្មី\r\nតំលៃ 12000$ ( តំលៃចរចា ) call 0968998689\r\n» ពណ៍ សរ\r\n» ខាងក្នុងលឿង ពូកស្បែក\r\n» smart key\r\n» ABS / VSC \r\n» ពោង 8\r\n» មានស្លាកលេខ 2AN**** បូកចូលគ្នា 8គ្រាប់\r\n» អាគុយ Hybrid 95%\r\n» ឡាន 95% នៅស្អាត ហើយថ្មី\r\n» ឡានស្អាតអត់បុក ឬ ច្រេះឡើយ\r\n» ឯសារគ្រប់គ្រាន់', NULL, '//s4.kh1.co/62/62cc20086edd70604711c93101ba46ee9e92fa33.jpg', 22, 26, NULL, '2017-07-05 15:30:50', 'F', NULL, 'F', 'T', 1, 'T', 0, 248),
	(26, 37, 9, 'SUV Toyota Highlander 2002 លេខអ៉ូតូ ប្រើប្រាស់ Gasolin - សាំង', '2002', 5, 1, 1, 0, 17500.00, 1, 2, 1, '', NULL, 'ឥលូវនេះតំលៃពិសេសលក់ 17500$ ( ដាច់ ) Toyota Hightlander 2002\r\nFREE\r\nPhnom Penh\r\nទ្បានទេីបតែទំលាក់ពីទូកុងទីន័រថី្មៗដែលនាំចូលពីសហរដ្ធអាមេរិចដេាយផ្ទាល់ទ្បានសុទ្ធតែស្អាតៗ\r\nPice : 17900$\r\nឥលូវនេះតំលៃពិសេសលក់ 17500$ ( ដាច់ )\r\nToyota Hightlander 2002 ( pong 2 )\r\ncontact number: 010 837 333/ 066 837 333\r\n- Model : Toyota hightlander \r\n- Year : 2002\r\n- Exterior: white ( ក្នុង លឿង ពូកស្បែក )\r\n- plate number: Tax Paper \r\n- Tel: 010 837 333/ 066 837 333', NULL, '//s6.kh1.co/5f/5f70eaf426b6f8d0aedb24ade50488ce2a989a24.jpg', 15, 27, NULL, '2017-07-05 15:37:19', 'F', NULL, 'F', 'T', 1, 'T', 0, 778),
	(27, 37, 3, 'Sedan Toyota Prius 2004 លេខអ៉ូតូ ប្រើប្រាស់ Gasolin - សាំង', '2004', 1, 1, 1, 0, 10500.00, 1, 1, 2, '2XX-XXXX', NULL, 'sell special pice\r\nFREE\r\nPhnom Penh\r\nPice: 10900$\r\nឥលូវនេះតំលៃពិសេស 10500$ (ដាច់)\r\nToyota Prius 2004 full option \r\ncontact number: 010 837 333/ 066 837 333\r\n- Model : Pruis\r\n- Year : 2004\r\n- Exterior: white\r\n- plate number: AE.XXXX\r\n- Tel: 010 837 333', NULL, '//s5.kh1.co/a7/a7a9f52486f10e7bbe86e6b02d2a09254c8a4173.jpg', 15, 27, NULL, '2017-07-05 15:44:44', 'F', NULL, 'F', 'T', 1, 'T', 0, 239),
	(28, 37, 3, 'SUV Toyota Prius 2002 លេខអ៉ូតូ ប្រើប្រាស់ Gasolin - សាំង', '2002', 5, 1, 1, 0, 17900.00, 1, 2, 2, '', NULL, 'sell pice specail\r\n$17,900\r\nPhnom Penh\r\nToyota Highlander year 2002 pong2 V6 \r\nSilver color ស\r\nAuto seats កៅអីចុចអូតូ\r\nGray interior ខាងក្នុងលឿង\r\nABS break ហ្រាំងអាបេអេស\r\nOriginal paint ទឹកថ្នាំហ្សុីន\r\nNew tires កង់ថ្មីទាំង4គ្រាប់\r\nCar no hit ឡានអត់បុកអត់ច្រេះ\r\nPlate number: ត្រដាស់ពន្ធ\r\nPrice can talk តំលៃចរចារបាន\r\n***ធានាឡានមិនកាត់តមិនស្ងោរប្តូរពណ៍មិនបុកមិនច្រេះ\r\n_ទំនាក់ទំនងលេខទូរសព្ទ័ _010837333', NULL, '//s6.kh1.co/e2/e23cfcac295a38420f0e02502e92a7f539c25e55.jpg', 15, 27, NULL, '2017-07-05 15:54:31', 'F', NULL, 'F', 'T', 1, 'T', 0, 500),
	(29, 37, 9, 'SUV Toyota Highlander 2001 លេខអ៉ូតូ ប្រើប្រាស់ Gasolin - សាំង', '2001', 5, 1, 1, 0, 15999.00, 1, 1, 2, '2XX-XXXX', NULL, 'Hot sale\r\n$15,999\r\nPhnom Penh\r\nHighlander Limited Full option 2001. - ម៉ាសុីន6\r\n- ព៌ណទឹកប្រាក់\r\n- ប៉ុង1 (2WD) \r\n- ពោង4\r\n- បេីកដំបូល\r\n- ពូកស្បែក\r\n- ក្នុងលឿង\r\n- កៅអីចុច\r\n- ប្រព័ន្ធសំលេងJBL\r\n- ម៉ាញ៉េCD 6\r\n-កន្ទុយត្រី\r\n- ភ្លេីងពិល\r\n- ហ្វ្រាង ABS\r\nធានាឡានអត់បុក100% \r\n****************\r\n069​ 277773\r\n012​ 388730', NULL, '//s4.kh1.co/39/393f4f456dc5bf6be3c4c102d806ad662a93f318.jpg', 15, 28, NULL, '2017-07-05 16:02:18', 'F', NULL, 'F', 'T', 1, 'T', 0, 300),
	(30, 28, 61, 'SUV Lexus RX330 2004 លេខអ៉ូតូ ប្រើប្រាស់ Gasolin - សាំង', '2004', 5, 1, 1, 0, 28700.00, 1, 2, 1, '', NULL, 'រថយន្តនាំចូលថ្មីៗសហរដ្ឋអាមេរិក៖\r\nLexus 330 ម៉ាសុីន6, based ធម្មតា​, year ឆ្នាំ2004, ពណ៌ស, តំលៃ​ 28700$.\r\nTel: 016990088 / 077766660 / 077888358\r\nចំណាំ​ noted: \r\n- រថយន្តទាំងអស់និងមកដល់ស្រុកខ្មែរនៅដេីមខែកក្កដា & សីហាខាងមុខ​ ។\r\n- លោកអ្នកក៌អាចបង់រំលោះជាមួយអត្រាការប្រាក់ពិសេស​ត្រឹមតែ1.2%​ ។\r\n- ក្រុមហ៊ុន​យេីងខ្ញុំទទួលកម្មង់រយយន្តទំនេីបតាមតំរូវការផងដែរ​ ។\r\nសូមអរគុណ​ Thanks for your calling', NULL, '//s4.kh1.co/3a/3aa2e1d199601d1af91d56024b6ba32977022b5c.jpg', 15, 29, NULL, '2017-07-05 16:14:26', 'F', NULL, 'F', 'T', 1, 'T', 0, 363),
	(31, 37, 9, 'SUV Toyota Highlander 2002 លេខអ៉ូតូ ប្រើប្រាស់ Gasolin - សាំង', '2002', 5, 1, 1, 0, 17800.00, 1, 2, 1, '', NULL, 'Highlander លីមីធីត, ឆ្នាំ2002, ពណ៌​ទឹកប្រាក់silver, ម៉ាសុីន6, តំលៃ17800$.\r\nTel: 016990088 / 077766660 / 077888358\r\nចំណាំ​ noted: \r\n- រថយន្តទាំងអស់និងមកដល់ស្រុកខ្មែរនៅដេីមខែកក្កដា & សីហាខាងមុខ​ ។\r\n- លោកអ្នកក៌អាចបង់រំលោះជាមួយអត្រាការប្រាក់ពិសេស​ត្រឹមតែ1.2%​ ។\r\n- ក្រុមហ៊ុន​យេីងខ្ញុំទទួលកម្មង់រយយន្តទំនេីបតាមតំរូវការផងដែរ​ ។\r\nសូមអរគុណ​ Thanks for your calling', NULL, '//s4.kh1.co/01/015799860df4e4deb345fe92220b34817f04b84e.jpg', 15, 29, NULL, '2017-07-05 16:22:03', 'F', NULL, 'F', 'T', 1, 'T', 0, 248),
	(32, 37, 9, 'SUV Toyota Highlander 2001 លេខអ៉ូតូ ប្រើប្រាស់ Gasolin - សាំង', '2001', 5, 1, 1, 0, 15300.00, 1, 2, 1, '', NULL, 'Highlander ធម្មតា​, ឆ្នាំ2001, ពណ៌​ទឹកមាស​, ម៉ាសុីន6, តំលៃ15300$.\r\nTel: 016990088 / 077766660 / 077888358\r\n\r\nចំណាំ​ noted: \r\n- រថយន្តទាំងអស់និងមកដល់ស្រុកខ្មែរនៅដេីមខែកក្កដា & សីហាខាងមុខ​ ។\r\n- លោកអ្នកក៌អាចបង់រំលោះជាមួយអត្រាការប្រាក់ពិសេស​ត្រឹមតែ1.2%​ ។\r\n- ក្រុមហ៊ុន​យេីងខ្ញុំទទួលកម្មង់រយយន្តទំនេីបតាមតំរូវការផងដែរ​ ។\r\n\r\nសូមអរគុណ​ Thanks for your calling', NULL, '//s6.kh1.co/e8/e8acf3ff425993600b1822a1e0719123e742534d.jpg', 15, 29, NULL, '2017-07-05 16:27:04', 'F', NULL, 'F', 'T', 1, 'T', 0, 231),
	(33, 37, 9, 'SUV Toyota Highlander 2002 លេខអ៉ូតូ ប្រើប្រាស់ Gasolin - សាំង', '2002', 5, 1, 1, 0, 16900.00, 1, 2, 1, '', NULL, 'Highlander ធម្មតា, ឆ្នាំ2002, ពណ៌​ទឹកប្រាក់, ម៉ាសុីន6, ប៉ុង​1, តំលៃ16900$.\r\nTel: 016990088 / 077766660 / 077888358\r\n\r\nចំណាំ​ noted: \r\n- រថយន្តទាំងអស់និងមកដល់ស្រុកខ្មែរនៅដេីមខែកក្កដា & សីហាខាងមុខ​ ។\r\n- លោកអ្នកក៌អាចបង់រំលោះជាមួយអត្រាការប្រាក់ពិសេស​ត្រឹមតែ1.2%​ ។\r\n- ក្រុមហ៊ុន​យេីងខ្ញុំទទួលកម្មង់រយយន្តទំនេីបតាមតំរូវការផងដែរ​ ។\r\n\r\nសូមអរគុណ​ Thanks for your calling', NULL, '//s4.kh1.co/37/37710378a60835084fd84b05609ab523ec680980.jpg', 15, 29, NULL, '2017-07-05 16:30:59', 'F', NULL, 'F', 'T', 1, 'T', 0, 472),
	(34, 37, 1, 'Sedan Toyota Camary 2002 លេខអ៉ូតូ ប្រើប្រាស់ Gasolin - សាំង', '2002', 1, 1, 1, 0, 12800.00, 1, 2, 1, '', NULL, 'Camry balan, XLE, full option, year ឆ្នាំ2002, ពណ៌​ទឹកមាស​ gold, តំលៃ​ 12800$.\r\nTel: 016990088 / 077766660 / 077888358\r\n\r\nចំណាំ​ noted: \r\n- រថយន្តទាំងអស់និងមកដល់ស្រុកខ្មែរនៅដេីមខែកក្កដា & សីហាខាងមុខ​ ។\r\n- លោកអ្នកក៌អាចបង់រំលោះជាមួយអត្រាការប្រាក់ពិសេស​ត្រឹមតែ1.2%​ ។\r\n- ក្រុមហ៊ុន​យេីងខ្ញុំទទួលកម្មង់រយយន្តទំនេីបតាមតំរូវការផងដែរ​ ។\r\n\r\nសូមអរគុណ​ Thanks for your calling\r\n\r\n', NULL, '//s6.kh1.co/b0/b08d935e857be63ebe8fc64f0941fa5aa7bb1591.jpg', 15, 29, NULL, '2017-07-05 16:33:42', 'F', NULL, 'F', 'T', 1, 'T', 0, 194),
	(35, 37, 1, 'Sedan Toyota Camary 2002 លេខអ៉ូតូ ប្រើប្រាស់ Gasolin - សាំង', '2002', 1, 1, 1, 0, 12800.00, 1, 2, 1, '', NULL, 'Camry balan, XLE, full option, year ឆ្នាំ2002, ពណ៌​ទឹកប្រាក់, តំលៃ​ 12800$.\r\nTel: 016990088 / 077766660 / 077888358\r\n\r\nចំណាំ​ noted: \r\n- រថយន្តទាំងអស់និងមកដល់ស្រុកខ្មែរនៅដេីមខែកក្កដា & សីហាខាងមុខ​ ។\r\n- លោកអ្នកក៌អាចបង់រំលោះជាមួយអត្រាការប្រាក់ពិសេស​ត្រឹមតែ1.2%​ ។\r\n- ក្រុមហ៊ុន​យេីងខ្ញុំទទួលកម្មង់រយយន្តទំនេីបតាមតំរូវការផងដែរ​ ។\r\n\r\nសូមអរគុណ​ Thanks for your calling\r\n', NULL, '//s6.kh1.co/52/52cdf1538ab6f2f5e512c60484f19f629dffe8cd.jpg', 15, 29, NULL, '2017-07-05 16:36:26', 'F', NULL, 'F', 'T', 1, 'T', 0, 189),
	(36, 37, 3, 'Sedan Toyota Prius 2007 លេខអ៉ូតូ ប្រើប្រាស់ Gasolin - សាំង', '2007', 1, 1, 1, 0, 12600.00, 1, 1, 2, '2XX-0000', NULL, 'Car Prius for sale 2007 full option, no hit price 12600$ for the price still can talk.\r\nMore info : 098222749, 095377575', NULL, '//s5.kh1.co/a0/a08670b9af2d0e4f4a9083f13dae65b9a1eae7a4.jpg', 15, 30, NULL, '2017-07-06 09:05:20', 'F', NULL, 'F', 'T', 1, 'T', 0, 256),
	(37, 37, 9, 'SUV Toyota Highlander 02 លេខអ៉ូតូ ប្រើប្រាស់ Gasolin - សាំង', '02', 5, 1, 1, 0, 13500.00, 1, 1, 2, '2XX-0000', NULL, 'highlander V4 Y02 tax paper\r\n$13,500 - Phnom Penh\r\n\r\ni want to sell my car highlander blue color\r\ninterest contact me 061 902222', NULL, '//s6.kh1.co/e7/e75031a487fbde9cdf1bc11e9cfafed8c67b424c.png', 15, 31, NULL, '2017-07-06 09:19:53', 'F', NULL, 'F', 'T', 1, 'T', 0, 209),
	(38, 37, 20, 'Pickup Truck Toyota Tundra 2004 លេខអ៉ូតូ ប្រើប្រាស់ Gasolin - សាំង', '2004', 9, 1, 1, 0, 53000.00, 1, 1, 2, '2XX-0000', NULL, 'Toyota Tundra\r\n$53,000\r\nPhnom Penh\r\n2014 super clean Toyota Tundra 53000$ full 1974 edition\r\nContact 087-911119', NULL, '//s4.kh1.co/3a/3a4e3956adfd2a9b51a47634da7641bcb9b17e5b.jpg', 15, 19, NULL, '2017-07-06 09:48:14', 'F', NULL, 'F', 'T', 1, 'T', 0, 193),
	(39, 37, 1, 'Sedan Toyota Camary 07 លេខអ៉ូតូ ប្រើប្រាស់ Gasolin - សាំង', '07', 1, 1, 1, 0, 19000.00, 1, 1, 2, '2XX-0000', NULL, 'Toyota Camry 07 XLE ចង់លក់ ឡានស្អាតអត់បុក\r\n19000$ចរចាគ្នា\r\n0963333323', NULL, '//s6.kh1.co/b6/b63956dce28b0a088a0a1fb118ede6a0eb4bda6b.jpg', 15, 32, NULL, '2017-07-06 09:59:08', 'F', NULL, 'F', 'T', 1, 'T', 0, 567),
	(40, 16, 93, 'SUV Ford E-Series 2001 លេខអ៉ូតូ ប្រើប្រាស់ Gasolin - សាំង', '2011', 5, 1, 1, 0, 21000.00, 1, 1, 2, '-2XX-0000', NULL, 'Ford Everest 2011 For Sell\r\n$21,000\r\nPhnom Penh\r\nឡានស្អាត 0963333323', NULL, '//s4.kh1.co/3e/3e607023443786ae922422b503551334f3c798ba.jpg', 15, 32, NULL, '2017-07-06 10:05:12', 'F', NULL, 'F', 'T', 1, 'T', 0, 423),
	(41, 37, 13, 'SUV Toyota Land Cruiser 2003 លេខអ៉ូតូ ប្រើប្រាស់ Gasolin - សាំង', '2003', 5, 1, 1, 0, 41000.00, 1, 2, 1, '2XX-', NULL, 'Toyota Land cruise Diesel Automatic 2003\r\n$41,000\r\nPhnom Penh, Cambodia\r\n☎ 095 888788 / 096 3333323', NULL, '//s5.kh1.co/40/400f8d49320748fd98cf602e90c6a8cea696fd13.jpg', 15, 32, NULL, '2017-07-06 10:10:13', 'F', NULL, 'F', 'T', 1, 'T', 0, 403),
	(42, 37, 1, 'Sedan Toyota Camary 2007 លេខអ៉ូតូ ប្រើប្រាស់ Gasolin - សាំង', '2007', 1, 1, 1, 0, 25500.00, 1, 2, 1, '-', NULL, 'Just Arrival (ទើបតែ​មកដល់យប់មិញនេះ​)\r\nToyota Camry 2007 Full Option \r\nPrice: 25500$ (ចរចារ)\r\nទំនាក់​ទំនងទិញរថយន្ត បង់រំលស់រហ័សទាន់ចិត្ត\r\nTel: 085464111/0318429888/0969595519.', NULL, '//s5.kh1.co/a9/a9ba58bead20f40c125d609d595abc7ad63dd7ca.jpg', 15, 33, NULL, '2017-07-07 09:45:41', 'F', NULL, 'F', 'T', 1, 'T', 0, 294),
	(43, 37, 20, 'Pickup Truck Toyota Tundra 2007 លេខអ៉ូតូ ប្រើប្រាស់ Gasolin - សាំង', '2007', 9, 1, 1, 0, 27500.00, 1, 2, 1, '-', NULL, 'Just Arrival (ទើបតែ​មកដល់យប់មិញនេះ​)\r\nTundra 2007 ទ្រង់​វែង​\r\nPrice: 27500$ (Negotiable)\r\nទំនាក់​ទំនងទិញរថយន្ត បង់រំលស់រហ័សទាន់ចិត្ត\r\nTel: 085464111/0318429888/0969595519.', NULL, '//s4.kh1.co/68/68689943b7e189c7b6132840def1316fa6958b35.jpg', 15, 33, NULL, '2017-07-07 09:48:38', 'F', NULL, 'F', 'T', 1, 'T', 0, 301),
	(44, 37, 11, 'Pickup Truck Toyota Hilux Rivo 2000 លេខអ៉ូតូ ប្រើប្រាស់ Gasolin - សាំង', '2000', 9, 1, 1, 0, 11000.00, 1, 2, 1, '-', NULL, 'Toyota Hilux Tiger 2000, 2 doors​. (រូបភាព​តំណាង) ពណ៌​ស្លែរ​\r\nPrice: 11000$ (Negotiable)\r\nទំនាក់ទំនង​ព័ត៌មាន​បន្ថែម​:\r\n0318429888/0969595519/085464111.\r\n', NULL, '//s4.kh1.co/fb/fb7c59c84bf0da505f935b695f64d9da58c7f6ec.png', 15, 33, NULL, '2017-07-07 09:53:29', 'F', NULL, 'F', 'T', 1, 'T', 0, 503),
	(45, 37, 9, 'Stationwagon Toyota Highlander 2009 លេខអ៉ូតូ ប្រើប្រាស់ Gasolin - សាំង', '2009', 4, 1, 1, 0, 41000.00, 1, 2, 1, '-', NULL, 'Just Arrival.\r\nToyota Highlander 2009 V4\r\nPrice: 41000$ (Negotiable) \r\nសេវាបង់រំលស់រហ័សទាន់ចិត្ត\r\nទំនាក់ទំនង​ព័ត៌មាន​បន្ថែម​:\r\n0318429888/0969595519/085464111.', NULL, '//s5.kh1.co/a3/a3b5f60f7eeffc19787c222f01acd3bb33985498.jpg', 15, 33, NULL, '2017-07-07 09:57:23', 'F', NULL, 'F', 'T', 1, 'T', 0, 405),
	(46, 37, 20, 'Pickup Truck Toyota Tundra 2007 លេខអ៉ូតូ ប្រើប្រាស់ Gasolin - សាំង', '2007', 9, 1, 1, 0, 27500.00, 1, 2, 1, '-', NULL, 'Toyota Tundra 2007\r\nPrice: 27500$ (Negotiable) \r\nសេវាបង់រំលស់រហ័សទាន់ចិត្ត\r\nទំនាក់ទំនង​ព័ត៌មាន​បន្ថែម​:\r\n0318429888/0969595519/085464111.\r\n', NULL, '//s5.kh1.co/74/74a66f713fcdbbac19234fc92c445d0a0b3759fe.jpg', 15, 33, NULL, '2017-07-07 10:01:39', 'F', NULL, 'F', 'T', 1, 'T', 0, 286),
	(47, 34, 183, 'Pickup Truck Nissan Frontier 2001 លេខអ៉ូតូ ប្រើប្រាស់ Gasolin - សាំង', '2001', 9, 1, 1, 0, 11800.00, 1, 2, 1, '-', NULL, 'Nissan Frontier 2001 4wd Auto Capitas\r\nPrice: 11800$ (Negotiable) \r\nសេវាបង់រំលស់រហ័សទាន់ចិត្ត\r\nទំនាក់ទំនង​ព័ត៌មាន​បន្ថែម​:\r\n0318429888/0969595519/085464111.', NULL, '//s4.kh1.co/9c/9c8c746c5835b994aa78b97a1148fbd3466a931b.jpg', 15, 33, NULL, '2017-07-07 10:03:56', 'F', NULL, 'F', 'T', 1, 'T', 0, 244),
	(48, 37, 20, 'Pickup Truck Toyota Tundra 2002 លេខអ៉ូតូ ប្រើប្រាស់ Gasolin - សាំង', '2002', 9, 1, 1, 0, 12000.00, 1, 2, 1, '-', NULL, 'Toyota Tundra 2002\r\nSilver Color\r\nPrice: 12000$ (Negotiable) \r\nសេវាបង់រំលស់រហ័សទាន់ចិត្ត\r\nទំនាក់ទំនង​ព័ត៌មាន​បន្ថែម​:\r\n0318429888/0969595519/085464111.', NULL, '//s4.kh1.co/0e/0ed4820610ff6b6077fbab5578b87f1c6235028d.jpg', 15, 33, NULL, '2017-07-07 10:07:19', 'F', NULL, 'F', 'T', 1, 'T', 0, 292),
	(49, 37, 9, 'SUV Toyota Highlander 2003 លេខអ៉ូតូ ប្រើប្រាស់ Gasolin - សាំង', '2003', 5, 1, 1, 0, 17500.00, 1, 2, 1, '-', NULL, 'Toyota Highlander 2003 V6 Pong 1 \r\nSilver Color\r\nPrice: 17500$ (Negotiable) \r\nសេវាបង់រំលស់រហ័សទាន់ចិត្ត\r\nទំនាក់ទំនង​ព័ត៌មាន​បន្ថែម​:\r\n0318429888/0969595519/085464111.', NULL, '//s4.kh1.co/35/35286b4b314ba433bc37f68418d3a96c96f009f4.jpg', 15, 33, NULL, '2017-07-07 10:09:59', 'F', NULL, 'F', 'T', 1, 'T', 0, 204),
	(50, 37, 20, 'Pickup Truck Toyota Tundra 2002 លេខអ៉ូតូ ប្រើប្រាស់ Gasolin - សាំង', '2002', 9, 1, 1, 0, 12500.00, 1, 2, 1, '-', NULL, 'Toyota Tundra 2002 \r\nPrice:12500$ (Negotiable) \r\nសេវាបង់រំលស់រហ័សទាន់ចិត្ត\r\nទំនាក់ទំនង​ព័ត៌មាន​បន្ថែម​:\r\n0318429888/0969595519/085464111.', NULL, '//s6.kh1.co/23/2319b385a9a2bbe93abc1fd7a8078d43eded1499.jpg', 15, 33, NULL, '2017-07-07 10:13:20', 'F', NULL, 'F', 'T', 1, 'T', 0, 171),
	(51, 37, 3, 'Sedan Toyota Prius 2005 លេខអ៉ូតូ ប្រើប្រាស់ Gasolin - សាំង', '2005', 1, 1, 1, 0, 10500.00, 1, 2, 1, '-', NULL, 'Toyota Prius Half Full Option 2005\r\nGold Color\r\nPrice: 10500$ (Negotiable) \r\nសេវាបង់រំលស់រហ័សទាន់ចិត្ត\r\nទំនាក់ទំនង​ព័ត៌មាន​បន្ថែម​:\r\n0318429888/0969595519/085464111', NULL, '//s5.kh1.co/47/4761fa136b2498fbdd69a3cd6e490ecc80c3fcaa.jpg', 15, 33, NULL, '2017-07-07 10:16:50', 'F', NULL, 'F', 'T', 1, 'T', 0, 184),
	(52, 37, 3, 'Sedan Toyota Prius 2005 លេខអ៉ូតូ ប្រើប្រាស់ Gasolin - សាំង', '2005', 1, 1, 1, 0, 10200.00, 1, 2, 1, '-', NULL, 'Toyota Prius Half Full Option 2005\r\nSilver Color\r\nPrice: 10200$ (Negotiable) \r\nសេវាបង់រំលស់រហ័សទាន់ចិត្ត\r\nទំនាក់ទំនង​ព័ត៌មាន​បន្ថែម​:\r\n0318429888/0969595519/085464111.', NULL, '//s4.kh1.co/fa/fa4a01f940ee1b2bd0249bee2952b2e1cd5f66e5.jpg', 15, 33, NULL, '2017-07-07 10:19:10', 'F', NULL, 'F', 'T', 1, 'T', 0, 144),
	(53, 37, 3, 'Sedan Toyota Prius 2005 លេខអ៉ូតូ ប្រើប្រាស់ Gasolin - សាំង', '2005', 1, 1, 1, 0, 9990.00, 1, 2, 1, '-', NULL, 'Toyota Prius Half Full Option 2005\r\nBlue Color\r\nPrice: 9990$ (Negotiable) \r\nសេវាបង់រំលស់រហ័សទាន់ចិត្ត\r\nទំនាក់ទំនង​ព័ត៌មាន​បន្ថែម​:\r\n0318429888/0969595519/085464111.', NULL, '//s5.kh1.co/a5/a5c552297f38e037cb13e48116d9159daaa73565.jpg', 15, 33, NULL, '2017-07-07 10:23:49', 'F', NULL, 'F', 'T', 1, 'T', 0, 235),
	(54, 37, 3, 'Sedan Toyota Prius 2006 លេខអ៉ូតូ ប្រើប្រាស់ Gasolin - សាំង', '2006', 1, 1, 1, 0, 14300.00, 1, 1, 2, '2XX-0000', NULL, 'Toyota Prius Full Option 2006\r\nPrice: 14300$ (Negotiable​)\r\nសេវាបង់រំលស់រហ័សទាន់ចិត្ត\r\nទំនាក់ទំនង​ព័ត៌មាន​បន្ថែម​:\r\n0318429888/0969595519/085464111.', NULL, '//s4.kh1.co/0f/0fc443b3ea6fea0fcdf97a86abef85525bcac008.jpg', 15, 33, NULL, '2017-07-07 10:27:20', 'F', NULL, 'F', 'T', 1, 'T', 0, 163),
	(55, 37, 20, 'Pickup Truck Toyota Tundra 2007 លេខអ៉ូតូ ប្រើប្រាស់ Gasolin - សាំង', '2007', 9, 1, 1, 0, 29500.00, 1, 2, 1, '-', NULL, 'Toyota Tundra Limited 2007\r\nPrice: 29500$. (Negotiable) \r\nសេវាបង់រំលស់រហ័សទាន់ចិត្ត\r\nទំនាក់ទំនង​ព័ត៌មាន​បន្ថែម​:\r\n0318429888/0969595519/085464111.', NULL, '//s6.kh1.co/27/2771576780f1f5db1eedc3d56fd5dfb22fdd8549.jpg', 15, 33, NULL, '2017-07-07 10:30:37', 'F', NULL, 'F', 'T', 1, 'T', 0, 378),
	(56, 37, 3, 'Sedan Toyota Prius 2005 លេខអ៉ូតូ ប្រើប្រាស់ Gasolin - សាំង', '2005', 1, 1, 1, 0, 10200.00, 1, 2, 1, '-', NULL, 'Toyota Prius Hybrid, 2005.\r\nHalf Full Option.\r\nPrice: 10200$ (Negotiable).\r\nមានសេវាបង់រំលស់រហ័ស/គ្រប់ប្រភេទរថយន្ត\r\nទំនាក់ទំនង​ព័ត៌មាន​បន្ថែម​:\r\n0318429888/0969595519/085464111.', NULL, '//s4.kh1.co/f4/f45e1dc19869a37bd781c90e3c615dfc97a09704.jpg', 15, 33, NULL, '2017-07-07 10:37:03', 'F', NULL, 'F', 'T', 1, 'T', 0, 340),
	(57, 37, 3, 'Sedan Toyota Prius 2010 លេខអ៉ូតូ ប្រើប្រាស់ Gasolin - សាំង', '2010', 1, 1, 1, 0, 24900.00, 1, 2, 1, '-', NULL, 'Just Arrival (ទើបតែ​មកដល់​)\r\nToyota Prius Hybrid, 2010.\r\nFull Option\r\nPrice: 24900$ (Negotiable).\r\nមានសេវាបង់រំលស់រហ័ស/គ្រប់ប្រភេទរថយន្ត\r\nទំនាក់ទំនង​ព័ត៌មាន​បន្ថែម​:\r\n0318429888/0969595519/085464111.\r\n', NULL, '//s6.kh1.co/8b/8bf2b0c541be8594b2de12d1daa28f3c95e81505.jpg', 15, 33, NULL, '2017-07-07 10:40:56', 'F', NULL, 'F', 'T', 1, 'T', 0, 461),
	(58, 37, 3, 'Sedan Toyota Prius 2005 លេខអ៉ូតូ ប្រើប្រាស់ Gasolin - សាំង', '2005', 1, 1, 1, 0, 10600.00, 1, 2, 1, '-', NULL, 'Toyota Prius 2005, Full Option, Silver.\r\nPrice: 10600$ (Negotiable).\r\nមានសេវាបង់រំលស់រហ័ស/គ្រប់ប្រភេទរថយន្ត\r\nទំនាក់ទំនង​ព័ត៌មាន​បន្ថែម​:\r\n0318429888/0969595519/085464111.', NULL, '//s4.kh1.co/3e/3e71d35eff48399a1a8261d4ddadc74a57fa19f7.jpg', 15, 33, NULL, '2017-07-07 10:44:28', 'F', NULL, 'F', 'T', 1, 'T', 0, 271),
	(59, 37, 15, 'Sedan Toyota Matrix 2002 លេខអ៉ូតូ ប្រើប្រាស់ Gasolin - សាំង', '2002', 1, 1, 1, 0, 10300.00, 1, 2, 1, '-', NULL, 'Toyota Matrix XR, 2002.\r\nPrice: 10300$ (Negotiable)\r\nមានសេវាបង់រំលស់រហ័ស/គ្រប់ប្រភេទរថយន្ត\r\nទំនាក់ទំនង​ព័ត៌មាន​បន្ថែម​:\r\n0318429888/0969595519/085464111.', NULL, '//s4.kh1.co/93/9381e18f8e0fd908068929e74f294729adc507c7.jpg', 15, 33, NULL, '2017-07-07 10:47:26', 'F', NULL, 'F', 'T', 1, 'T', 0, 796),
	(60, 28, 61, 'SUV Lexus RX330 2004 លេខអ៉ូតូ ប្រើប្រាស់ Gasolin - សាំង', '2004', 5, 1, 1, 0, 26800.00, 1, 2, 1, '-', NULL, 'Just Arrival\r\nLexus RX 330, 2004, Base Option, Gold.\r\nPrice: 26800$. (Negotiable) \r\nមានសេវាបង់រំលស់រហ័ស/គ្រប់ប្រភេទរថយន្ត\r\nទំនាក់ទំនង​ព័ត៌មាន​បន្ថែម​:\r\n0318429888/0969595519/085464111.', NULL, '//s6.kh1.co/eb/eb18b41b49d7d2532ffb413a6fefa42e4ee611e5.jpg', 15, 33, NULL, '2017-07-07 10:51:19', 'F', NULL, 'F', 'T', 1, 'T', 0, 722),
	(61, 28, 67, 'SUV Lexus LX470 2001 លេខអ៉ូតូ ប្រើប្រាស់ Gasolin - សាំង', '2001', 5, 1, 1, 0, 30800.00, 1, 2, 1, '-', NULL, 'Lexus RX 470, 2001\r\nFull option capitas\r\nPrice: 30800$\r\nមានសេវាបង់រំលស់រហ័ស/គ្រប់ប្រភេទរថយន្ត\r\nទំនាក់ទំនង​ព័ត៌មាន​បន្ថែម​:\r\n0318429888/0969595519/085464111.', NULL, '//s6.kh1.co/ec/ecfe85271ad605db2e36d286d2597175ba8d4e5f.jpg', 15, 33, NULL, '2017-07-07 10:54:24', 'F', NULL, 'F', 'T', 1, 'T', 0, 376),
	(62, 34, 183, 'Pickup Truck Nissan Frontier 2006 លេខអ៉ូតូ ប្រើប្រាស់ Gasolin - សាំង', '2006', 9, 1, 1, 0, 9900.00, 1, 2, 1, '-', NULL, 'Nissan Frontier 2001 V6\r\nPrice: 9900$ (Negotiable).\r\nមានសេវាបង់រំលស់រហ័ស/គ្រប់ប្រភេទរថយន្ត\r\nទំនាក់ទំនង​ព័ត៌មាន​បន្ថែម​:\r\n0318429888/0969595519/085464111.', NULL, '//s5.kh1.co/19/19b0089af370fd8b76c3442c88afefcccee4a44d.jpg', 15, 33, NULL, '2017-07-07 10:57:54', 'F', NULL, 'F', 'T', 1, 'T', 0, 361),
	(63, 37, 2, 'Sedan Toyota Camary Hybrid 2007 លេខអ៉ូតូ ប្រើប្រាស់ Gasolin - សាំង', '2007', 1, 1, 1, 0, 22700.00, 1, 2, 1, '-', NULL, 'Camry Hybrids Gold Full Option 2007\r\nPrice: $22,700 (Negotiable).\r\nមានសេវាបង់រំលស់រហ័ស/គ្រប់ប្រភេទរថយន្ត\r\nទំនាក់​ទំនង​ព័ត៌មាន​បន្ថែម​:\r\n0318429888/085464111/0969595519', NULL, '//s6.kh1.co/84/847f66ef6e4d30571e9fc3a9448085b4689fee37.jpg', 15, 33, NULL, '2017-07-07 13:47:32', 'F', NULL, 'F', 'T', 1, 'T', 0, 646),
	(64, 18, 45, 'SUV Honda CR-V 2002 លេខអ៉ូតូ ប្រើប្រាស់ Gasolin - សាំង', '2002', 5, 1, 1, 0, 11500.00, 1, 2, 1, '-', NULL, 'Honda CR-V 2002 Silver \r\nPrice: $11,500 (Negotiable).\r\nមានសេវាបង់រំលស់រហ័ស/គ្រប់ប្រភេទរថយន្ត\r\nទំនាក់ទំនង​ព័ត៌មាន​បន្ថែម​:\r\n0318429888/0969595519/085464111.', NULL, '//s4.kh1.co/01/01634910f770204c605195d76833b3dd1452114e.jpg', 15, 33, NULL, '2017-07-07 13:51:08', 'F', NULL, 'F', 'T', 1, 'T', 0, 404),
	(65, 34, 183, 'Pickup Truck Nissan Frontier 2005 លេខអ៉ូតូ ប្រើប្រាស់ Gasolin - សាំង', '2005', 9, 1, 1, 0, 16500.00, 1, 2, 1, '-', NULL, 'Nissan Frontier SE White 2005\r\nPrice : $16,500 (Negotiable).\r\nមានសេវាបង់រំលស់រហ័ស/គ្រប់ប្រភេទរថយន្ត\r\nទំនាក់ទំនង​ព័ត៌មាន​បន្ថែម​:\r\n0318429888/0969595519/085464111.', NULL, '//s4.kh1.co/f8/f8b7fb123c404a73fe7329a9116575b8fe1bba5b.jpg', 15, 33, NULL, '2017-07-07 13:53:41', 'F', NULL, 'F', 'T', 1, 'T', 0, 297),
	(66, 28, 60, 'SUV Lexus RX300 2001 លេខអ៉ូតូ ប្រើប្រាស់ Gasolin - សាំង', '2001', 5, 1, 1, 0, 15900.00, 1, 2, 1, '-', NULL, 'Lexus RX300, Half Full. 2001\r\n*Price: 15900$.\r\n*White Color (camai ) Origin paint a round and \r\nYellow inside .\r\n*Auto/ 4WD - 6 CD Changer and DVD .\r\n☎ ទំនាក់​ទំនង​ព័ត៌មាន​បន្ថែម​:\r\n085464111,0969595519.', NULL, '//s6.kh1.co/8e/8e1b693f92272a2c2f273a0a22a51256e310085d.jpg', 15, 33, NULL, '2017-07-07 13:56:25', 'F', NULL, 'F', 'T', 1, 'T', 0, 352),
	(67, 28, 71, 'Sedan Lexus GS 2006 លេខអ៉ូតូ ប្រើប្រាស់ Gasolin - សាំង', '2006', 1, 1, 1, 0, 21500.00, 1, 2, 1, NULL, NULL, '2006 full option shinny black with 21500$ call 087-911119', NULL, '//s5.kh1.co/7a/7a0e91fbf2387d9712331aa29cef53d7d25d6e04.jpg', 15, 19, NULL, '2017-07-12 09:09:01', 'F', NULL, 'F', 'T', 1, 'T', 0, 502),
	(68, 20, 150, 'Hyundai Ssang yong 15 Tourism 2002 លេខដៃ ប្រើប្រាស់ Diesel​ - ម៉ាស៊ូត', '2002', 16, 2, 2, 0, 12000.00, 1, 1, 2, '2S -8512', NULL, '* Hyundai Ssangyong 15 កៅអីលក់ត្រូវការលុយប្រញាប់ \r\n√ ឡានស្អាតធានាមិនប៉ះ មិនបុក ម៉ាសីុននូវស្ងាត់ល្អ\r\n√ ឡានដឹកតែភ្ញៀវបរទេសទេ តែមួយគត់ \r\n√ ខាងក្នុងឡានរៀបចំស្អាតរួចរាល់ សំរាប់អ្នករកសីុដឹកភ្ញៀវគឺទិញចុះមិនខកចិត្តទេ\r\n$ តំលៃ 12000$ អាចចរចារគ្នាបាននៅពេលមក\r\n មើលឡាន.\r\n№ ស្លាកលេខ 2Sxxxx  ', NULL, NULL, 15, 37, NULL, '2017-07-16 12:43:39', 'F', NULL, 'F', 'F', 0, 'F', 0, 0),
	(69, 28, 60, 'SUV Lexus RX300 2001 លេខអ៉ូតូ ប្រើប្រាស់ Gasolin - សាំង', '2001', 5, 1, 1, 0, 15700.00, 1, 1, 2, '2AL-3477', NULL, '', NULL, '//s6.kh1.co/53/532e3f0a1d13d4448f4df77b21c09681ff39f35a.jpg', 15, 32, NULL, '2017-07-18 14:37:31', 'F', NULL, 'F', 'T', 1, 'T', 0, 149),
	(70, 37, 9, 'SUV Toyota Highlander 2009 លេខអ៉ូតូ ប្រើប្រាស់ Gasolin - សាំង', '2009', 5, 1, 1, 0, 33500.00, 1, 1, 2, '2AC-0000', NULL, 'Toyota Highlander 2009 V4 (ម៉ាស៊ីន4)\r\nតម្លៃ33,500ដុល្លារ (ចរចារ)\r\n- ពណ៌ស (កាមៃ) ប៉ុង១ 1 Pong\r\n- មានម៉ាញេចាក់ឌីវីឌី៣ 3 DVD Player\r\n- មាន Auto Breaking System (ABS) and Vehicle Stability Control (VSC)\r\n- កំលាំងម៉ាស៊ីន 2,7\r\n- មានកាម៉េរាក្រោយមួយ 1 Camera Back\r\n- កៅអី៣ជួរ មានម៉ាស៊ីនត្រជាក់ចុចខាងក្រោយ\r\n- ឡានមូលអត់បុក ម៉ាស៊ីនថ្មីស្ងាត់ កំលាំងម៉ាស៊ីនខ្លាំង ស៊ីសាំងតិច100Km/9L\r\n- ពោងសុវត្ថិភាព 09\r\n- មានលេខអូតូ និងលេខដៃ៦លេខ\r\n- អាចបង់រំលស់ជាមួយ New World Microfinance\r\nទូរសព្ទៈ 015 3333 18 / 012 57 59 67 និង 097 97 666 17', NULL, '//s6.kh1.co/e3/e3e49aa584720d630eff2069273f735576525ba9.jpg', 15, 38, NULL, '2017-07-18 14:59:26', 'F', NULL, 'F', 'T', 1, 'T', 0, 670),
	(71, 28, 62, 'SUV Lexus RX350 2017 លេខអ៉ូតូ ប្រើប្រាស់ Gasolin - សាំង', '2017', 5, 1, 1, 0, 129500.00, 1, 2, 1, NULL, NULL, '2017 Lexus RX350 F-Sport "V6" \r\nបំពាក់ទៅដោយ:\r\n- រ៉ាដាកាត់ល្បឿន + ហ្វ្រាំងអូតូ "Pre-Collision System"\r\n- ប្រព័ន្ធរក្សាគន្លងពេលបើកបរ "Lane Keeping"\r\n- ច្របាច់ប្ដូរលេខនៅចង្អូត ដូចឡានប្រណាំង\r\n- ស្តុបភ្នែក 3 "Triple Beam" (បើក/ទម្លាក់ ភ្លើងហ្វាអូតូ)\r\n- កាមេរ៉ាចំនួន 4 ដែលអាចមើលបាន 360 ដឺក្រេ\r\n- កុងទ័របញ្ចាំងស្លាយលេខ រត់នៅលើថ្នល់ "Head-Up Display"\r\n- ដំបូលកញ្ចក់សុទ្ធ "Panoramic Roof"\r\n- បាស់ម៉ាក Mark Levinson 15 គ្រាប់\r\n- បើកទ្វាក្រោយ ដោយគ្រាន់តែដាក់ដៃ រឺផ្អែកលើ Logo Lexus\r\n- បច្ចេកវិទ្យាសាកថ្មទូរស័ព្ទឥតខ្សែរ\r\n- ភ្លើងបំភ្លឺនៅដៃទ្វារទាំង 4\r\n- កៅអីជួរក្រោយអូតូ ចុចទំលាក់\r\n- យ៉ាន់ម៉ូត F-Sport ពណ៍ប្រផេះ, ទំហំ20"\r\n- គ្រឿងក្នុងពណ៍ក្រហម F-Sport\r\nកម្លាំងម៉ាសុីន: 3.5 Litre, 6-ម៉ាសុីន\r\nប្រអប់លេខ: 8-លេខ អូតូម៉ាតិច\r\nប៉ុងពីរ 4WD\r\nប្រភេទប្រេងឥន្ធនះ: សាំង\r\n ចំណុះធុងសាំង: 72.5L\r\nអត្រាសុីប្រេងឥន្ធនះ: 8.5 - 11L/100km', NULL, '//s6.kh1.co/b3/b334f1486b137ab61eba23d2087694ea54151415.jpg', 15, 42, NULL, '2017-07-25 09:01:06', 'F', NULL, 'F', 'T', 1, 'T', 0, 260),
	(72, 18, 45, 'SUV Honda CR-V 2017 លេខអ៉ូតូ ប្រើប្រាស់ Gasolin - សាំង', '2017', 5, 1, 1, 0, 68000.00, 1, 2, 1, NULL, NULL, '2017 Honda CR-V "Touring" \r\nលក្ខណះសម្បត្តិរបស់រថយន្ត:\r\n- ប្រព័ន្ធចាប់ហ្វាំងអូតូ (Brake Assist)\r\n- បញ្ឆេះម៉ាសុីនពីចម្ងាយ (Remote Engine Start)\r\n- គ្រវាស់ជើងបើកទ្វាក្រោយ (Hand Free Truck Release)\r\n- ប្រព័ន្ធរក្សាគន្លង ពេលបើកវៀចជួរ (Lanewatch™)\r\n- ដំបូលកញ្ចក់ធំ "Panoramic Roof"\r\n- បាស់សម្លេង 9 គ្រាប់ 330W\r\n- ភ្លើងហ្វាអូតូ (Auto-High Beam)\r\n- ប្រព័ន្ធសុវត្ថិភាពវ៉ាជែង "Blind Sport Monitor"\r\n- កុងទ័រ អេក្រង់សុទ្ធ\r\n► ម៉ាសុីន: Turbo 1.5 Liter, Earth Dreams Technology™\r\n► ប៉ុង 2 : 4WD\r\n► ប្រភេទប្រេងឥន្ធនៈ សាំង\r\n► ចំណុះធុងសាំង: 53 - លីត្រ)\r\n► អត្រាសុីប្រេងឥន្ធនះ: 8L/100km', NULL, '//s6.kh1.co/8f/8ff1fdfec903a8c6844b39bbb298913a05c14eb5.jpg', 15, 42, NULL, '2017-07-25 09:11:01', 'F', NULL, 'F', 'T', 1, 'T', 0, 156),
	(73, 27, 463, 'SUV Land Rover Range Rover Sport 2005 លេខអ៉ូតូ ប្រើប្រាស់ Gasolin - សាំង', '2005', 5, 1, 1, 0, 28500.00, 1, 1, 2, '2XX-0000', NULL, '2005 Range Rover Sport\r\nតម្លៃ : 28,500$ (បង់រំលស់: បង់មុន $14,250 => $452/ខែ)\r\nម៉ាសុីនម៉ាស៊ូត + ប៉ូមឡើងចុះ + គ្រឿងក្នុងពណ៍ត្នោត\r\n លេខទូរស័ព្ទទំនាក់ទំនង: 012-894729 & 097-77-50000\r\nអាស័យដ្ឋាន: ផ្លូវម៉ៅសេទុង ចំងាយ 50m ពីស្តុបទេពផន, ទល់មុខក្រុមហ៊ុនធានារ៉ាប់រង Forte និង សាលារៀនហេឡូអាមេរិកាំង', NULL, '//s5.kh1.co/a7/a77a0bf1d594d61c66146caa56ae2693ab078cc4.jpg', 15, 42, NULL, '2017-07-25 09:34:34', 'F', NULL, 'F', 'T', 1, 'T', 0, 139),
	(74, 28, 61, 'SUV Lexus RX330 2004 លេខអ៉ូតូ ប្រើប្រាស់ Gasolin - សាំង', '2004', 5, 1, 1, 0, 26500.00, 1, 1, 2, '2AP-0000', NULL, '2004 Lexus RX330\r\n 26,500$ (បង់រំលស់: បង់មុន $13,250 => $420/ខែ)\r\n ឡានមួយទឹកស្លាកលេខ (ភ្នំពេញ-2P)\r\nលក្ខណះសម្បត្តិរបស់រថយន្ត:\r\nបំពាក់ទៅដោយ: ហ្រ្វាំង ABS កង់ទាំង 4, បាស់សម្លេង 8 គ្រាប់, បើកដំបូល, ចាក់ CD 6ឌីស, កញ្ចក់អូតូទាំង 4, ទ្វាក្រោយ អូតូ, ចង្កូត អូតូ....\r\n► កម្លាំងម៉ាសុីន: 3.3 Litre, 6-Cylinder\r\n► ប្រអប់លេខ: 6-លេខ អូតូម៉ាតិច\r\n► ប៉ុងមួយ : 2WD\r\n► ប្រភេទប្រេងឥន្ធនះ: សាំង\r\n► ចំណុះធុងសាំង: 72.6L\r\nលេខទូរស័ព្ទទំនាក់ទំនង: 012-894729 & 097-77-50000\r\n អាស័យដ្ឋាន: ផ្លូវម៉ៅសេទុង ចំងាយ 50m ពីស្តុបទេពផន, ទល់មុខក្រុមហ៊ុនធានារ៉ាប់រង Forte និង សាលារៀនហេឡូអាមេរិកាំង', NULL, '//s4.kh1.co/01/01f29d88fda332dac4163e42985ff9a0195cbec3.jpg', 15, 42, NULL, '2017-07-25 09:42:24', 'F', NULL, 'F', 'T', 1, 'T', 0, 159),
	(75, 18, 45, 'SUV Honda CR-V 2017 លេខអ៉ូតូ ប្រើប្រាស់ Gasolin - សាំង', '2017', 5, 1, 1, 0, 44000.00, 1, 1, 2, '2AK-0000', NULL, 'FREE ប្ដូរប្រេងម៉ាសុីន 3ដង + សេវាពិនិត្យថែទាំ 100,00km\r\n2017 Honda CR-V\r\nតម្លៃ 44,000$ (បង់រំលោះ: បង់មុន 22,000$ => 697$/ខែ)\r\n✓ ប្រើរួច 9,000km,  បុក ប៉ះ រឺ បាញ់ថ្នាំ ១០០%\r\n✓ ម៉ាសុីនធំ 2.4L, កាមេរ៉ា ក្រោយ+ចំហៀង\r\n លេខទូរស័ព្ទទំនាក់ទំនង: 012-894729 & 097-77-50000\r\n អាស័យដ្ឋាន: ផ្លូវម៉ៅសេទុង ចំងាយ 50m ពីស្តុបទេពផន, ទល់មុខក្រុមហ៊ុនធានារ៉ាប់រង Forte និង សាលារៀនហេឡូអាមេរិកាំង', NULL, '//s4.kh1.co/0e/0efe418f806e2943edcab2090cf9cd49d1f90caa.jpg', 15, 42, NULL, '2017-07-25 09:56:46', 'F', NULL, 'F', 'T', 1, 'T', 0, 202),
	(76, 28, 62, 'SUV Lexus RX350 2004 លេខអ៉ូតូ ប្រើប្រាស់ Gasolin - សាំង', '2004', 5, 1, 1, 0, 26500.00, 1, 1, 2, '2P-0000', NULL, ' 2004 Lexus RX330\r\n26,500$ (បង់រំលស់: បង់មុន $13,250 => $420/ខែ)\r\n ឡានមួយទឹកស្លាកលេខ (ភ្នំពេញ-2P)\r\n—លក្ខណះសម្បត្តិរបស់រថយន្ត:\r\nបំពាក់ទៅដោយ: ហ្រ្វាំង ABS កង់ទាំង 4, បាស់សម្លេង 8 គ្រាប់, បើកដំបូល, ចាក់ CD 6ឌីស, កញ្ចក់អូតូទាំង 4, ទ្វាក្រោយ អូតូ, ចង្កូត អូតូ....\r\n► កម្លាំងម៉ាសុីន: 3.3 Litre, 6-Cylinder\r\n► ប្រអប់លេខ: 6-លេខ អូតូម៉ាតិច\r\n► ប៉ុងមួយ : 2WD\r\n► ប្រភេទប្រេងឥន្ធនះ: សាំង\r\n► ចំណុះធុងសាំង: 72.6L\r\nលេខទូរស័ព្ទទំនាក់ទំនង: 012-894729 & 097-77-50000\r\nអាស័យដ្ឋាន: ផ្លូវម៉ៅសេទុង ចំងាយ 50m ពីស្តុបទេពផន, ទល់មុខក្រុមហ៊ុនធានារ៉ាប់រង Forte និង សាលារៀនហេឡូអាមេរិកាំង', NULL, '//s5.kh1.co/74/744cc58eb8da2366e26fcf5ba7e00d3254303ecb.jpg', 15, 42, NULL, '2017-07-25 10:05:03', 'F', NULL, 'F', 'T', 1, 'T', 0, 172),
	(77, 27, 463, 'SUV Land Rover Range Rover Sport 2006 លេខអ៉ូតូ ប្រើប្រាស់ Gasolin - សាំង', '2006', 5, 1, 1, 0, 30000.00, 1, 1, 2, '2XX-0000', NULL, '2006 Range Rover Sport\r\nតម្លៃ : 30,000$ (បង់រំលស់: បង់មុន $15,000 => $475/ខែ)\r\nម៉ាសុីនម៉ាស៊ូត + ប៉ូមឡើងចុះ + ទូរទឹកក\r\n លេខទូរស័ព្ទទំនាក់ទំនង: 012-894729 & 097-77-50000\r\nអាស័យដ្ឋាន: ផ្លូវម៉ៅសេទុង ចំងាយ 50m ពីស្តុបទេពផន, ទល់មុខក្រុមហ៊ុនធានារ៉ាប់រង Forte និង សាលារៀនហេឡូអាមេរិកាំង', NULL, '//s5.kh1.co/48/48e5000d8c62d2a43541b823441943b9271f365f.jpg', 15, 42, NULL, '2017-07-25 10:35:35', 'F', NULL, 'F', 'T', 1, 'T', 0, 151),
	(78, 27, 463, 'SUV Land Rover Range Rover Sport 2005 លេខអ៉ូតូ ប្រើប្រាស់ Gasolin - សាំង', '2005', 5, 1, 1, 0, 28500.00, 1, 1, 2, '2AG-0000', NULL, '2005 Range Rover Sport \r\nតម្លៃ : 28,500$ (បង់រំលស់: បង់មុន $14,250 => $452/ខែ)\r\nម៉ាសុីនម៉ាស៊ូត + ប៉ូមឡើងចុះ + គ្រឿងក្នុងពណ៍ត្នោត\r\nលេខទូរស័ព្ទទំនាក់ទំនង: 012-894729 & 097-77-50000\r\nអាស័យដ្ឋាន: ផ្លូវម៉ៅសេទុង ចំងាយ 50m ពីស្តុបទេពផន, ទល់មុខក្រុមហ៊ុនធានារ៉ាប់រង Forte និង សាលារៀនហេឡូអាមេរិកាំង', NULL, '//s5.kh1.co/a7/a77a0bf1d594d61c66146caa56ae2693ab078cc4.jpg', 15, 42, NULL, '2017-07-25 10:42:18', 'F', NULL, 'F', 'T', 1, 'F', 0, 0),
	(79, 37, 17, 'Sedan Toyota Scion 2008 លេខអ៉ូតូ ប្រើប្រាស់ Gasolin - សាំង', '2008', 1, 1, 1, 0, 17000.00, 1, 1, 2, '2XX-0000', NULL, '2008 Scion xD\r\n17,000$ (បង់រំលោះ: បង់មុន 8,500$ => 270$/ខែ)\r\nលក្ខណះសម្បត្តិរបស់រថយន្ត:\r\n► បំពាក់ទៅដោយ: ហ្រ្វាំង ABS, ពោងសុវត្ថិភាព 6 , ប៉ាសម៉ាក Pioneer\r\n► ប្រភេទប្រេងឥន្ធនះ: សាំង\r\n► ម៉ាសុីន: 1.8-Litres 128 hp (95 kW)\r\n► ប្រអប់លេខ: អូតូម៉ាតិច\r\n► ប៉ុង 1: 2WD\r\nលេខទូរស័ព្ទទំនាក់ទំនង: 012-894729 & 097-77-50000\r\nWebsite: www.henghengauto.com\r\nអាស័យដ្ឋាន: ផ្លូវម៉ៅសេទុង ចំងាយ 50m ពីស្តុបទេពផន, ទល់មុខក្រុមហ៊ុនធានារ៉ាប់រង Forte និង សាលារៀនហេឡូអាមេរិកាំង', NULL, '//s4.kh1.co/f7/f74ff4bbfc28d04cb25bec34e3040619e1e044f5.jpg', 15, 42, NULL, '2017-07-25 10:52:53', 'F', NULL, 'F', 'T', 1, 'T', 0, 215),
	(80, 37, 13, 'SUV Toyota Land Cruiser 2003 លេខអ៉ូតូ ប្រើប្រាស់ Gasolin - សាំង', '2003', 5, 1, 1, 0, 37000.00, 1, 2, 1, NULL, NULL, '2003 Land Cruiser VX - អាឡឺម៉ង់ \r\n✓ ឡានក្រដាសពន្ធទើបនាំចូលថ្មី / មិនទាន់មានស្លាកលេខ\r\n តម្លៃ : 37,000$ (បង់រំលស់: បង់មុន $18,500 => $586/ខែ)\r\n ម៉ាសុីនម៉ាស៊ូត V8 4.2L 204hp\r\nប៉ូមឡើងចុះ + កៅអី 3 ជួរ\r\nលេខទូរស័ព្ទទំនាក់ទំនង: 012-894729 & 097-77-50000\r\nអាស័យដ្ឋាន: ផ្លូវម៉ៅសេទុង ចំងាយ 50m ពីស្តុបទេពផន, ទល់មុខក្រុមហ៊ុនធានារ៉ាប់រង Forte និង សាលារៀនហេឡូអាមេរិកាំង', NULL, '//s5.kh1.co/47/47d7c3c9e739725fbedd76a1fd9169d07fd85902.jpg', 15, 42, NULL, '2017-07-25 14:16:26', 'F', NULL, 'F', 'T', 1, 'T', 0, 249),
	(81, 37, 13, 'SUV Toyota Land Cruiser 2002 លេខអ៉ូតូ ប្រើប្រាស់ Gasolin - សាំង', '2002', 5, 1, 1, 0, 35000.00, 1, 2, 1, NULL, NULL, '2002 Land Cruiser VX - អាឡឺម៉ង់\r\n✓ ឡានក្រដាសពន្ធទើបនាំចូលថ្មី / មិនទាន់មានស្លាកលេខ\r\nតម្លៃ : 35,000$ (បង់រំលស់: បង់មុន $17,500 => $555/ខែ)\r\n លេខទូរស័ព្ទទំនាក់ទំនង: 012-894729 & 097-77-50000\r\nអាស័យដ្ឋាន: ផ្លូវម៉ៅសេទុង ចំងាយ 50m ពីស្តុបទេពផន, ទល់មុខក្រុមហ៊ុនធានារ៉ាប់រង Forte និង សាលារៀនហេឡូអាមេរិកាំង', NULL, '//s4.kh1.co/0a/0a2d01b74e822a83acc10e784e9b85e20d15330c.jpg', 15, 42, NULL, '2017-07-25 14:23:30', 'F', NULL, 'F', 'T', 1, 'T', 0, 388),
	(82, 28, 68, 'SUV Lexus LX570 2016 លេខអ៉ូតូ ប្រើប្រាស់ Gasolin - សាំង', '2016', 5, 1, 1, 0, 182000.00, 1, 1, 2, '2BB-0000', NULL, ' 2016 Lexus LX570 \r\n$182,000 (រំលស់: បង់មុន $72,800 => $3,327/ខែ\r\n[Full Option]: បញ្ជារបញ្ឆេះ ម៉ាសុីនពីចម្ងាយ, សុីញ៉ូប្រដេញ, ទំហំកង់ 21", ច្របាច់ប្ដូរលេខនៅចង្អូត ដូចឡានប្រណាំង, ភ្លើងបំភ្លឺ ភ្នែក 3, កាមេរ៉ាចំនួន 4 ដែលអាចមើលបាន 360 ដឺក្រេ, Head-Up Display, ទូរទឹកក, ទូរទស្សន៏ក្រោយទំហំ 11.6" ចំនួន 2, បច្ចេកវិទ្យាសាកថ្មទូរស័ព្ទឥតខ្សែរ, ប្រព័ន្ធរក្សាគន្លងពេលបើកបរ, ញ្ញ័រចង្កូតពេលមានឧបសគ្គនៅខាងមុខ, កៅអីជួរក្រោយ ចុចទំលាក់, Pre-collision safety system, ពោងសុវត្ថិភាព 10...\r\n► ប្រភេទប្រេងឥន្ធនះ: សាំង\r\n► ធុងសាំងឌុប ចំណុះ: 138-លីត្រ\r\n► ម៉ាសុីន: 5.7L, 32 Valve, DOHC, V8 Engine with Dual VVT-I\r\n► ប្រអប់លេខ: 8-លេខ អូតូម៉ាទិច', NULL, '//s4.kh1.co/f5/f54ce44f9b1a232281e2d0eb15936d2df60dd08b.jpg', 15, 42, NULL, '2017-07-25 15:07:37', 'F', NULL, 'F', 'T', 1, 'T', 0, 305),
	(83, 6, 539, 'SUV BMW X3 2015 លេខអ៉ូតូ ប្រើប្រាស់ Gasolin - សាំង', '2015', 5, 1, 1, 0, 62999.00, 1, 2, 1, NULL, NULL, 'NICE BMW X4.X-line YEAR 2015, FULL OPTIONS SALE ON SPECIAL PRICE.\r\n$62,999\r\nPhnom Penh\r\nDear all costumer,\r\nI want to sell my car BMW X4,X-line in a reasonable price, Original paint 100%\r\n-Year 2015 -ផលិតឆ្នាំ 2015\r\n-White color- ពណ៌ស\r\n-Camera 360° and 4 camera-កាំមេរ៉ា 360° ដឺក្រេ​ ហើយមានបួនកាំមេរ៉ា\r\n-Selfty system and auto brake -ប្រព័ន្ធសុវត្ថិភាពលើដងផ្លូវ, ប្រព័ន្ធលំនឹងចង្កូត, ចាប់ហ្រ្វាំងដោយស្វ័យប្រវត្តិ\r\n-Sun roof-បើកដំបូល\r\n-Laser headlamps(LED)-ចង្កៀងឡាស៊ែរ\r\n-Tires still 97%-សំបកកង់នៅ 97% អាចប្រើប្រាស់បាន\r\n-Parking sensor -មានវិញ្ញាណឲ្យសញ្ញាពេលមានរបស់នៅក្បែរ \r\n-Inside and outside very good-ខាងក្នុងហើយ និងខាងក្រៅថ្មីស្អាត\r\n-Engine silent and very strong-ម៉ាស៊ីនស្ងាត់ និងកម្លាំងខ្លាំង\r\n-Engine V4 2.0 Save gasoline​ 100Km/ 7-8L only-ម៉ាស៊ីនបួន 2.0 សន្សំសំចៃសាំងបានច្រើនគឺ 100គីឡូម៉ែត្រស៊ីតែ 7ទៅ8លីត្រតែប៉ុណ្ណោះ\r\n- 7XXX MILE only-7XXX ម៉ាយហ្ស៊ីន\r\n- Sensor Detection Area. ប្រព័ន្ធផ្តល់សញ្ញាពេលមានរថយន្តផ្សេងចង់វ៉ា។\r\n- Bluetooth media player (Connect all phone......)\r\n- Eco-comfort, sport, and Eco-pro.\r\n-Smart key, Auto Hold, Auto stop and Start Engine. \r\n-Price: 59999$ ( Negotiable )-តម្លៃអាចចរចាគ្នាបាន។ បញ្ជាក់តម្លៃនេះគិតក្នុងរយះពេលតែ3ថ្ងៃប៉ុណ្ណេោះ។\r\nIf you interest can contact me by Tel: 017888 338, 0883888838', NULL, '//s6.kh1.co/22/22114e29fde5bc4683d93c643de123b748161398.jpg', 15, 43, NULL, '2017-07-25 15:37:46', 'F', NULL, 'F', 'T', 1, 'T', 0, 240),
	(84, 28, 67, 'SUV Lexus LX470 2003 លេខអ៉ូតូ ប្រើប្រាស់ Gasolin - សាំង', '2003', 4, 1, 1, 0, 34999.00, 1, 2, 1, NULL, NULL, 'Very New LEXUS LX 470 Year 2003, Just drop from container.\r\n$34,999\r\nPhnom Penh\r\nDear all costumer,\r\nI want to sell my car LEXUS LX470 in a reasonable price, Original paint 99%\r\n-Just drop from container-ទើបតែទម្លាក់ចេញពីកុងទែនន័រថ្មីៗ\r\n-Year 2003 -ផលិតឆ្នាំ 2003\r\n-Engine V8- ម៉ាស៊ីនប្រាំបី\r\n-Black color- ពណ៌ខ្មៅ\r\n-Brake ABS system-ប្រព័ន្ធហ្រ្វាំង ABS\r\n-Very new car never crashed and not rust-ឡានស្អាតហើយថ្មីអត់បុក អត់បាញ់ និងអត់ច្រែះ\r\n-Sun roof-បើកដំបូល\r\n-Tires still 99%-សំបកកង់នៅ 99% \r\n-Dual air-conditioner that is very cold-ម៉ាស៊ីនត្រជាក់ត្រជាក់ទ្វេដង\r\n-Inside yellow and outside very good-ខាងក្នុងពណ៌លឿង និងខាងក្រៅថ្មីស្អាត\r\n-Engine silent and very strong-ម៉ាស៊ីនស្ងាត់ និងកម្លាំងខ្លាំង\r\n-Auto leather seats and 7 seats-កៅអីខាងក្នុងពូកស្បែកចុចដោយស្វ័យប្រវត្តិ និងមានប្រាំពីកៅអី\r\n-Camera DVD player \r\n-Price: 34999$ ( Negotiable )-តម្លៃអាចចរចាគ្នាបាន\r\nIf you interest can contact me by Tel: 017888 338, 0883888838', NULL, '//s6.kh1.co/5f/5fadd2dfebd2de946f0b4bc609e9da705158b6cd.jpg', 15, 43, NULL, '2017-07-25 15:43:48', 'F', NULL, 'F', 'T', 1, 'T', 0, 512),
	(85, 27, 463, 'SUV Land Rover Range Rover Sport 2012 លេខអ៉ូតូ ប្រើប្រាស់ Gasolin - សាំង', '2012', 5, 1, 1, 0, 59000.00, 1, 1, 2, '2XX-0000', NULL, 'Rang Rover 12 sale (Urgent)\r\n$59,000\r\nPhnom Penh\r\nPrice : 59000$ ( Negotiable ) \r\nBrand : Land Rover \r\nModel : Range Rover Sport full option \r\nYear : 2012\r\nExterior Color : White \r\nInterior Color : fujit white \r\nEngine : V6 3.0L\r\nFuel Type : Diesel \r\nBody Type : SUV\r\nTransmission : Automatic \r\nSale Documents : Plate Number \r\nPlate Number : 2AF-XXXX', NULL, '//s4.kh1.co/f6/f6022f2c5f4e0d140d660be20a01283a3a85ee99.jpg', 15, 43, NULL, '2017-07-25 15:54:54', 'F', NULL, 'F', 'T', 1, 'F', 0, 1),
	(86, 34, 183, 'Pickup Truck Nissan Frontier 2006 លេខអ៉ូតូ ប្រើប្រាស់ Gasolin - សាំង', '2006', 9, 1, 1, 0, 14500.00, 1, 2, 2, NULL, NULL, '$14,500\r\nFor sale \r\nNissan frontier 2006 from japan \r\nManual capitas diesel original new 99% \r\nno hit original color\r\nOnly 50000 km had been used \r\n077 317 615 / 097 843 3004', NULL, '//s4.kh1.co/35/3536a21f63f630fd3c3b26eabb64c431d590e7be.jpg', 15, 44, NULL, '2017-07-25 16:03:25', 'F', NULL, 'F', 'T', 1, 'T', 0, 503),
	(87, 16, 108, 'SUV Ford Explorer 2013 លេខអ៉ូតូ ប្រើប្រាស់ Gasolin - សាំង', '2013', 5, 1, 1, 0, 48500.00, 1, 1, 2, '2W-0000', NULL, 'Car for sell\r\n$48,500\r\nPhnom Penh\r\nឡានទើបមកដល់ថ្មី Ford Explorer Limited Full\r\nឆ្នាំ2013 Year:2013 \r\nកៅអី3ជួរ កៅអីចុចសងខាង\r\nបូមចង្កូចឡើងចុះ ដំបូលបើក \r\nម៉ាញ៉េ CD DVD ក្បាលខ្នោយ2\r\nកាំមេរ៉ា ក្រោយ សិនសើរ\r\nអាយែអូតូម៉ាទិចដោយខ្លួនអែង\r\nតំលៃ48500$,Price:48500$\r\nTel: 012993632/0718084646.', NULL, '//s6.kh1.co/ef/ef1904b33ae93ff2b9d6c524e0300c21001515c9.jpg', 15, 24, NULL, '2017-07-27 10:02:48', 'F', NULL, 'F', 'T', 1, 'T', 0, 706),
	(88, 18, 45, 'SUV Honda CR-V 1997 លេខអ៉ូតូ ប្រើប្រាស់ Gasolin - សាំង', '1997', 5, 1, 1, 0, 5400.00, 1, 1, 2, '2XX-0000', NULL, 'Car for sell\r\n$5,400\r\nPhnom Penh\r\nលក់ឡានបន្ទាន់ CRV ពណ៌ទឹកប្រាក់ ឆ្នាំផលិត 1997 full option. \r\nលក្ខណៈពិសេស៖ \r\n ជាឡានប្រើប្រាស់លក្ខណៈគ្រួសារ\r\nមានការថែទាំជាប្រចាំ \r\nជើងក្រោមនៅស្អាត កាមេរានិងDVD តំលៃពិសេស5400$.\r\nទំនាក់ទំនង: 012993632/0718084646. តំលៃអាចចរចារបាន', NULL, '//s4.kh1.co/fd/fd3a180c9e6481cd462b57f1b02676dbcb1b3196.jpg', 15, 24, NULL, '2017-07-27 10:12:06', 'F', NULL, 'F', 'T', 1, 'T', 0, 430),
	(89, 28, 61, 'SUV Lexus RX330 2004 លេខអ៉ូតូ ប្រើប្រាស់ Gasolin - សាំង', '2004', 5, 1, 1, 0, 26500.00, 1, 2, 2, NULL, NULL, 'Lexus 330 Year 2004 ឡានស្អាត ឡានមូល មិនបុកមិនកាត់ត (ក្រដាសពន្ធ)\r\n$26,500\r\nPhnum Pénh, Phnum Penh, Cambodia\r\nTel: 093 520 388', NULL, '//s4.kh1.co/0b/0b80363b253fe16585567e4a019f4f8940db1ff1.jpg', 15, 47, NULL, '2017-07-27 16:02:55', 'F', NULL, 'F', 'T', 1, 'T', 0, 505),
	(90, 37, 3, 'Sedan Toyota Prius 2004 លេខអ៉ូតូ ប្រើប្រាស់ Gasolin - សាំង', '2004', 1, 1, 1, 0, 10500.00, 1, 2, 2, NULL, NULL, 'Toyota Prius 2004 Half full option ឡាននៅល្អស្អាត ក្រដាសពន្ធ\r\n$10,500\r\nPhnum Pénh, Phnum Penh, Cambodia\r\nTel: 093 520 388', NULL, '//s6.kh1.co/ba/ba7262f35f1c0efbb1fa5e060d09707d13d30212.jpg', 15, 47, NULL, '2017-07-27 16:05:02', 'F', NULL, 'F', 'T', 1, 'T', 0, 479),
	(91, 27, 463, 'SUV Land Rover Range Rover Sport 2012 លេខអ៉ូតូ ប្រើប្រាស់ Diesel​ - ម៉ាស៊ូត', '2012', 5, 1, 2, 0, 59000.00, 1, 1, 2, '2AF-0000', NULL, 'Brand : Land Rover \r\nModel : Range Rover Sport HSE up to Autobiography \r\nYear : 2012\r\nExterior Color : White \r\nInterior Color : Gray \r\nEngine : V6 3.0L\r\nFuel Type : Diesel \r\nBody Type : SUV\r\nTransmission : Automatic \r\nSale Documents : Plate Number', NULL, '//s6.kh1.co/59/594fe4bd16d27552bf9f8d7636bb4b30964d4ff0.jpg', 15, 49, NULL, '2017-08-23 15:03:55', 'F', NULL, 'F', 'T', 1, 'T', 0, 431),
	(92, 37, 3, 'Hatchback Toyota Prius 2006 លេខអ៉ូតូ ប្រើប្រាស់ Gasolin - សាំង', '2006', 3, 1, 1, 0, 12500.00, 1, 2, 2, NULL, NULL, '', NULL, NULL, 15, 51, NULL, '2017-09-04 09:46:08', 'F', NULL, 'F', 'F', 0, 'F', 0, 0),
	(93, 1, 467, 'Sedan Acura CL  លេខអ៉ូតូ ប្រើប្រាស់ Gasolin - សាំង', '', 1, 1, 1, 0, 12000.00, 1, 1, 2, '2AO-0000', NULL, 'LE មានABS ឡានមូល អត់បុក ឡានម្ចាស់ជិះផ្ទាល់មិនមែនគក់ជេ ឡានតុបតែងស្អាតមាន DVD Cameraក្រោយ កង់ថ្មី ម៉ាស៊ីននៅថ្មីណាស់ ពូកអីស្អាត យកទៅជិះតែម្តងមិនបាច់ធ្វើទៀតទេ ', NULL, '//s5.kh1.co/4c/4c5e1ef2e685ff51d31028636a68bc8009d96b21.jpg', 15, 52, NULL, '2017-09-13 12:09:54', 'F', NULL, 'F', 'T', 1, 'T', 0, 307),
	(94, 37, 1, 'Sedan Toyota Camary 2002 លេខអ៉ូតូ ប្រើប្រាស់ Gasolin - សាំង', '2002', 1, 1, 1, 0, 12000.00, 1, 1, 2, '2AO-0000', NULL, 'ឡានមូលអត់បុក ម្ចាស់ជិះផ្ទាល់មិនមែនគក់ជេ មាន ABS កង់ថ្មីទាំងអស់ មាន DVD Camera ក្រោយ តុបតែងរួចអស់ ម៉ាស៊ីនធ្វើស្អាត ទាំងជើងក្រោម អត់មានែច្នៃអីទេ យកទៅជិះតែម្តងមិនបាច់ធ្វើទៀតទេ តេលេសោរបត់', NULL, NULL, 15, 52, NULL, '2017-09-13 12:17:52', 'F', NULL, 'F', 'F', 0, 'F', 0, 0),
	(95, 37, 1, 'Sedan Toyota Camary 2002 លេខអ៉ូតូ ប្រើប្រាស់ Gasolin - សាំង', '2002', 1, 1, 1, 0, 12000.00, 1, 1, 2, '2AO-0000', NULL, NULL, NULL, NULL, 15, 52, NULL, '2017-09-13 12:28:44', 'F', NULL, 'F', 'F', 0, 'F', 0, 0),
	(96, 37, 1, 'Sedan Toyota Camary 2002 លេខអ៉ូតូ ប្រើប្រាស់ Gasolin - សាំង', '2002', 1, 1, 1, 0, 11950.00, 1, 1, 2, '2AO-0000', NULL, 'ឡានអត់បុក', NULL, NULL, 15, 52, NULL, '2017-09-13 12:52:24', 'F', NULL, 'F', 'F', 0, 'F', 0, 0),
	(97, 37, 1, 'Sports Toyota Camary  លេខអ៉ូតូ ប្រើប្រាស់ Gasolin - សាំង', '', 2, 1, 1, 0, 123.00, 1, 2, 1, NULL, NULL, 'sada', NULL, NULL, 1, 53, NULL, '2017-09-27 23:04:14', 'F', NULL, 'F', 'F', 0, 'F', 0, 0),
	(98, 28, 62, 'SUV Lexus RX350 2010 លេខអ៉ូតូ ប្រើប្រាស់ Gasolin - សាំង', '2010', 5, 1, 1, 0, 60000.00, 1, 2, 1, NULL, NULL, 'Lexus RX350 Full option 2010 (ក្រដាសពន្ធ)\r\n$60,000\r\nPhnum Pénh, Phnum Penh, Cambodia\r\nឡានមូល ធានាមិនបុក មិនកាត់ត ឡានស្អាត\r\n(តំលៃចចារ)\r\nTel: 093 520 388', NULL, '//s5.kh1.co/11/11d97cb55cef34c179b3e3b939ca22510dfcd81c.jpg', 15, 47, NULL, '2017-10-20 09:32:10', 'F', NULL, 'F', 'T', 1, 'T', 0, 162),
	(99, 28, 63, 'SUV Lexus RX400H 2006 លេខអ៉ូតូ ប្រើប្រាស់ Gasolin - សាំង', '2006', 5, 1, 1, 0, 38500.00, 1, 2, 1, NULL, NULL, 'Lexus RX400h 2006 Half Full (ក្រដាសពន្ធ)\r\n$38,500\r\nPhnum Pénh, Phnum Penh, Cambodia\r\nឡានមូល ឡានស្អាត ធានាមិនបុកមិនកាត់ត\r\n(តំលៃចចារ)\r\nTel: 093 520 388', NULL, '//s5.kh1.co/d0/d0c1055199d875f93b8399da5a0f60c3b76f6889.jpg', 15, 47, NULL, '2017-10-20 09:37:01', 'F', NULL, 'F', 'T', 1, 'T', 0, 120),
	(100, 28, 63, 'SUV Lexus RX400H 2006 លេខអ៉ូតូ ប្រើប្រាស់ Gasolin - សាំង', '2006', 5, 1, 1, 0, 39000.00, 1, 2, 1, NULL, NULL, 'Lexus Rx400h Hybrid 2006 Full Option (ក្រដាសពន្ធ)\r\n$39,000\r\nPhnum Pénh, Phnum Penh, Cambodia\r\nឡានមូល ឡានស្អាត ធានាអត់បុកអត់កាត់ អត់ច្រេះ\r\n(តំលៃចចារ)\r\nTel: 093 520 388', NULL, '//s6.kh1.co/85/853e59be1a6ad67e0f9476c9686ef56a6521f980.jpg', 15, 47, NULL, '2017-10-20 09:41:29', 'F', NULL, 'F', 'T', 1, 'T', 0, 120),
	(101, 28, 67, 'SUV Lexus LX470 2000 លេខអ៉ូតូ ប្រើប្រាស់ Gasolin - សាំង', '2000', 5, 1, 1, 0, 24000.00, 1, 1, 2, '2S-0000', NULL, 'Lexus LX470 year2000 Plate Number 2S####\r\n$24,000\r\nPhnum Pénh, Phnum Penh, Cambodia\r\nឡានស្អាត ឡានមូល ធានាមិនបុក បាត់ក្រោមស្អាត\r\n(តំលៃចចារ)\r\nTel: 093 520 388', NULL, '//s5.kh1.co/1a/1a796d9eb166ea9869e08517c558fc50b7d17ef6.jpg', 15, 47, NULL, '2017-10-20 09:46:42', 'F', NULL, 'F', 'T', 1, 'T', 0, 130),
	(102, 28, 63, 'SUV Lexus RX400H 2006 លេខអ៉ូតូ ប្រើប្រាស់ Gasolin - សាំង', '2006', 5, 1, 1, 0, 38500.00, 1, 2, 1, NULL, NULL, 'Lexus RX400h Half Full 2006 (ក្រដាសពន្ធ)\r\n$38,500\r\nPhnum Pénh, Phnum Penh, Cambodia\r\nឡានស្អាត ឡានមូល ក្នុងលឿង ធានាអត់បុកអត់កាត់\r\n(តំលៃចចារ)\r\nTel: 093 520 388', NULL, '//s6.kh1.co/85/853e59be1a6ad67e0f9476c9686ef56a6521f980.jpg', 15, 47, NULL, '2017-10-20 09:53:39', 'F', NULL, 'F', 'T', 1, 'T', 0, 196),
	(103, 28, 71, 'Sedan Lexus GS 2006 លេខអ៉ូតូ ប្រើប្រាស់ Gasolin - សាំង', '2006', 1, 1, 1, 0, 23500.00, 1, 1, 2, '2Y-0000', NULL, 'Lexus GS300 2006 Full Option Plate Number 2Y####\r\n$23,500\r\nPhnum Pénh, Phnum Penh, Cambodia\r\nឡានស្អាត ធានាអត់បុក អត់កាត់ត បាតក្រោមស្អាត ម៉ាសុីនស្ងាត់\r\nTel: 093 520 388', NULL, '//s6.kh1.co/bc/bce79fafd73a0ca0f5583c7c4b0035a13a08fc7f.jpg', 15, 47, NULL, '2017-10-20 10:00:53', 'F', NULL, 'F', 'T', 1, 'T', 0, 830),
	(104, 37, 3, 'Hatchback Toyota Prius 2004 លេខអ៉ូតូ ប្រើប្រាស់ Gasolin - សាំង', '2004', 3, 1, 1, 0, 11000.00, 1, 1, 2, '2AS-7756', NULL, '', NULL, NULL, 15, 57, NULL, '2017-11-20 08:55:28', 'F', NULL, 'F', 'F', 0, 'F', 0, 0),
	(105, 37, 1, 'Sedan Toyota Camary 2007 លេខអ៉ូតូ ប្រើប្រាស់ Gasolin - សាំង', '2007', 1, 1, 1, 0, 24000.00, 1, 2, 1, NULL, NULL, 'camry\r\n$24,000\r\nPhnom Penh\r\nCamry Hybrid 07 Full Option \r\n095888788\r\n0963333323', NULL, '//s4.kh1.co/f2/f2697c7cab954ab0d82f7744688e76ee10fbe569.jpg', 15, 32, NULL, '2017-11-20 09:57:44', 'F', NULL, 'F', 'T', 1, 'T', 0, 116),
	(106, 37, 1, 'Sedan Toyota Camary 2003 លេខអ៉ូតូ ប្រើប្រាស់ Gasolin - សាំង', '2003', 1, 1, 1, 0, 11200.00, 1, 2, 1, NULL, NULL, 'Corolla Le 03 ABS\r\n$11,200\r\nPhnum Pénh, Phnum Penh, Cambodia\r\nឡានលក់ corolla 03 Le \r\nមាន AbS \r\nពោង 4 \r\nពណ៌ ស \r\nឡានស្អាតមូល អត់បុក អត់ប៉ះ អត់ជច្រេស ទឹកថ្នាំសីុន\r\nបាត​ក្រោមថ្មីអត់ច្រេស\r\nឡានសន្លឹកពន្ធ \r\nលក់ 11200$ (ចចារបាន)\r\n012 472 666 / 096 470 6666', NULL, '//s6.kh1.co/54/5448e9ce626527afda2c9284e97184728cf0ac0b.jpg', 15, 58, NULL, '2017-11-20 10:05:08', 'F', NULL, 'F', 'T', 1, 'T', 0, 241),
	(107, 37, 9, 'Sedan Toyota Highlander 2002 លេខអ៉ូតូ ប្រើប្រាស់ Gasolin - សាំង', '2002', 1, 1, 1, 0, 1780.00, 1, 2, 1, NULL, NULL, 'car\r\n$1,780\r\nPhnom Penh\r\n(ឃ្លាំង)​ ស្អាត​ ចាប់អារម្មណ៍អាចទំនាក់ទំនងបាន​\r\nម៉ាក់​ :​ Highlander \r\nឆ្នាំ​ :​ 2002\r\nតំលៃ​ :​ ទំនាក់ទំនងតាមទូរស័ព្ធ​ រឺ​ ផ្ងើសារ\r\nពណ៍​ :​ ទឹកមាស\r\nពណ៍ខាងក្នុង​ :​ លឿង\r\nម៉ាសុីន​ :​ 6 ម៉ាសុីន\r\n្របភេទប្រេង​ :​ សាំង\r\nផ្លាកលេខ​ :​ ក្រដាសពន្ធ\r\nលេខទូរស័ព្ទ​ :​ 015 908 788 / 088 745 6868 / 012 777 916\r\nModel : Highlander\r\nYear : 2002\r\nPrice : Call or inbox \r\nExterior Color : Gold \r\nInterior Color : Yellow \r\nEngine : 6\r\nFuel Type : Gasoline\r\nLicense Plate : Tax Paper \r\nTel: 015 908 788 / 088 745 6868 / 012 777 916 \r\nAddress : Phnom Penh', NULL, '//s5.kh1.co/db/db1bae14e9f4b09f2d4b9f2182fe3862c37a06bf.jpg', 15, 59, NULL, '2017-11-20 10:12:15', 'F', NULL, 'F', 'T', 1, 'T', 0, 250),
	(108, 31, 826, 'Sedan Mercedes-Benz 300E 1997 លេខដៃ ប្រើប្រាស់ Gasolin - សាំង', '1997', 1, 2, 1, 0, 3200.00, 1, 1, 2, '2C-0000', NULL, 'Mercedes E320 1997\r\n$3,200\r\nSiem Reap\r\nMercedes E320 1997 for sale in Siem Reap.\r\nVery good, reliable & powerful engine, 3.2L. Very comfortable car to drive, automatic transmission. Couple of little scratches, and stuff to fix, the inside is ok. All paperwork in order of course.\r\nContact in P.M. or at 0973042827.', NULL, '//s5.kh1.co/a2/a2db60e4bd834739a0314d6b4110ea1587181c20.jpg', 20, 60, NULL, '2017-11-20 10:21:05', 'F', NULL, 'F', 'T', 1, 'T', 0, 188),
	(109, 37, 1, 'Sedan Toyota Camary 2007 លេខអ៉ូតូ ប្រើប្រាស់ Gasolin - សាំង', '2007', 1, 1, 1, 0, 18800.00, 1, 1, 2, '2W-4461', NULL, 'ឡានស្អាត\r\n$18,800\r\nPhnom Penh\r\nCamry 2007 ឡើង2011 \r\n096333332', NULL, '//s5.kh1.co/72/72e6c7348a9066516515e78ea589f3c0bd8b3454.jpg', 15, 32, NULL, '2017-11-20 10:25:24', 'F', NULL, 'F', 'T', 1, 'T', 0, 333),
	(110, 28, 62, 'SUV Lexus RX350 04 លេខអ៉ូតូ ប្រើប្រាស់ Gasolin - សាំង', '04', 5, 1, 1, 0, 26400.00, 1, 1, 2, '2AK-4405', NULL, 'Lexus rx330 04 pong 02\r\nឡានថ្មីណាស់ ម៉ាសុីនស្ងាត់ល្អ ធានាអត់បុក\r\nលក់ : 26400$\r\n086550800', NULL, '//s6.kh1.co/b4/b49744212a29a6d51088560cbc1f2c6d945a5a68.jpg', 15, 61, NULL, '2017-11-20 10:33:12', 'F', NULL, 'F', 'T', 1, 'T', 0, 400),
	(111, 28, 60, 'SUV Lexus RX300  លេខអ៉ូតូ ប្រើប្រាស់ Gasolin - សាំង', '', 5, 1, 1, 0, 27500.00, 1, 1, 2, '2Q-0000', NULL, 'sell\r\n$27,500\r\nPhnom Penh\r\nluxes 330 full option pong 1 plate number: 2Q:XXXX ពណ៏មាស \r\n- ស្អាតទាំងក្នុង ទាំងក្រៅ ទឹកថ្នាំហ្សុីន 95% ម៉ាសុីននៅថ្មីចែស បាតក្រោមគ្មានច្រេស ឡានម្ចាស់ដេីម ឡានទិញខ្លាញ់គោ \r\nTel: 010 837 333 ,066837333', NULL, '//s5.kh1.co/d8/d8074c4d260d4dfb2366676f798f46603d2a59c4.jpg', 15, 27, NULL, '2017-11-21 09:18:42', 'F', NULL, 'F', 'T', 1, 'T', 0, 226),
	(112, 37, 3, 'Sedan Toyota Prius 2005 លេខអ៉ូតូ ប្រើប្រាស់ Gasolin - សាំង', '2005', 1, 1, 1, 0, 10800.00, 1, 1, 2, '2XX-0000', NULL, 'car for sale\r\n$10,800\r\nPhnom Penh\r\nPrius for sale \r\n05 full option \r\nGray color\r\nឡានមូល\r\nធានាតម្លៃទាបជាងទីផ្សារ\r\nPhone : 093 969 868 / 097 8 6666 98', NULL, '//s6.kh1.co/25/25811e70fd69dd5e2eb31bbcaf2147f73a8032ec.jpg', 15, 62, NULL, '2017-11-21 09:38:55', 'F', NULL, 'F', 'T', 1, 'T', 0, 592),
	(113, 37, 1, 'Sedan Toyota Camary  លេខអ៉ូតូ ប្រើប្រាស់ Gasolin - សាំង', '', 1, 1, 1, 0, 12300.00, 1, 1, 2, '2AC-0000', NULL, 'Camry for sale\r\n$12,300\r\nPhnom Penh\r\nI have personal Camry for sale.\r\n. Full option pong8 open roof.\r\n. Full decorations\r\n. Tire 90%\r\n.Tax roud pay already.\r\n.Plat. 2AC:XXXX\r\nIf interested please call me to look. Thanks\r\n015885168', NULL, '//s5.kh1.co/ab/ab5148eb33549e642d2b75058a861dbf7ec046c4.jpg', 15, 63, NULL, '2017-11-21 09:50:35', 'F', NULL, 'F', 'T', 1, 'T', 0, 176),
	(114, 28, 60, 'SUV Lexus RX300 2001 លេខអ៉ូតូ ប្រើប្រាស់ Gasolin - សាំង', '2001', 5, 1, 1, 0, 13900.00, 1, 1, 2, '2X-0000', NULL, 'LEXUS RX300 2001ប៉ុង1 ទឹកមាស​​ 13900$ចរចារបាន\r\n$13,900\r\nPhnom Penh\r\nឡានលក់​​​ 01 ប៉ុង​1 ឡានស្អាត​​​ 13900$និយាយគ្នាបាន\r\n012 899 849\r\n087 568 648\r\nទួលស្លែង​​ បឹងកេងកង៣​​ ភ្នំពេញ​', NULL, '//s4.kh1.co/99/99c47e143bd9af193a906ce342752ce981fba98d.jpg', 15, 64, NULL, '2017-11-21 10:17:42', 'F', NULL, 'F', 'T', 1, 'T', 0, 578),
	(115, 28, 60, 'SUV Lexus RX300  លេខអ៉ូតូ ប្រើប្រាស់ Gasolin - សាំង', '', 5, 1, 1, 0, 27500.00, 1, 1, 2, '2X-0000', NULL, 'sell car\r\n$27,500\r\nPhnom Penh\r\nluxes 330 full option pong 1 plate number: 2Q:XXXX ពណ៏មាស \r\n- ស្អាតទាំងក្នុង ទាំងក្រៅ ទឹកថ្នាំហ្សុីន 95% ម៉ាសុីននៅថ្មីចែស បាតក្រោមគ្មានច្រេស ឡានម្ចាស់ដេីម ឡានពណ៌ខ្លាញ់គោ ', NULL, '//s4.kh1.co/04/040f1ee40325f1c01803d7464253795bed3317ec.jpg', 15, 65, NULL, '2017-11-21 10:53:23', 'F', NULL, 'F', 'T', 1, 'T', 0, 937),
	(116, 28, 60, 'Sedan Lexus RX300 2002 លេខអ៉ូតូ ប្រើប្រាស់ Gasolin - សាំង', '2002', 1, 1, 1, 0, 13000.00, 1, 1, 2, '2A--031', NULL, '0969964455/098865995/066674455ឡានផ្លាកលេខម្ចាស់ដេីម(ខេត្តត្បូងឃ្មុំ)\r\n', NULL, '//s4.kh1.co/06/06d3641bb0afcd93cb9491bd4419d4b355fe6e71.jpeg', 15, 66, NULL, '2017-11-26 08:26:02', 'F', NULL, 'F', 'T', 1, 'F', 0, 30),
	(117, 28, 60, 'SUV Lexus RX300 2002 លេខអ៉ូតូ ប្រើប្រាស់ Gasolin - សាំង', '2002', 5, 1, 1, 0, 13500.00, 1, 1, 2, '2XX-0000', NULL, 'Car\r\n$13,500\r\nPhnom Penh\r\nRX300 2002 ផ្សែងបារី ប៉ុង2 ថ្នាំហ្សីុនមួយជំុ​​​ ចង្កៀង​ ឡាស៊ែ ទើបមកដល់ព្រឹកមិញ។\r\nCall : 015 855 778 / 017 855 778', NULL, '//s4.kh1.co/06/06138479adc04b1404de2316c85d0f348806c394.jpg', 15, 67, NULL, '2017-11-28 09:42:35', 'F', NULL, 'F', 'T', 1, 'T', 0, 242),
	(118, 28, 60, 'SUV Lexus RX300 2001 លេខអ៉ូតូ ប្រើប្រាស់ Gasolin - សាំង', '2001', 5, 1, 1, 0, 13400.00, 1, 2, 2, NULL, NULL, 'Lexus Rx300\r\n$13,400\r\nPhnom Penh\r\nLexus rx300\r\n2001\r\nប៉ុង 1\r\nឡានថ្មី\r\nក្រដាស់ពន្ធ\r\n066 856 723\r\n010 911 818\r\n085 911 818', NULL, '//s6.kh1.co/e3/e3514e319e8b4077fc367dc27f767cbb774a3b96.jpg', 15, 68, NULL, '2017-11-28 09:57:10', 'F', NULL, 'F', 'T', 1, 'T', 0, 211),
	(119, 37, 6, 'Sedan Toyota Corolla 1994 លេខអ៉ូតូ ប្រើប្រាស់ Gasolin - សាំង', '1994', 1, 2, 1, 0, 3800.00, 1, 1, 2, '2XX-0000', NULL, 'Corolla Gold model 1994, Full Tax paid\r\n$3,800\r\nPhnom Penh\r\nI need to sale my personal car Corolla Gold \r\nGood Condition.\r\n016 766 700, 017 370 377', NULL, '//s4.kh1.co/cb/cb6b287d2112b6f3213f28997467968d4e1b823e.jpg', 15, 69, NULL, '2017-11-28 10:07:21', 'F', NULL, 'F', 'T', 1, 'T', 0, 338),
	(120, 28, 60, 'SUV Lexus RX300 2001 លេខអ៉ូតូ ប្រើប្រាស់ Gasolin - សាំង', '2001', 5, 1, 1, 0, 13900.00, 1, 1, 2, '2AR-0000', NULL, 'lexus 2001 ប៉ុង២ ទេីបធ្វេីផ្លាកលេខ កង់ថី្មមានកាមេរ៉ាស្រាប់\r\n$13,900\r\nPhnom Penh\r\nឡានទេីប ធ្វេីផ្លាកលេខ កង់ថ្មីស្រាប់ ៤ គ្រាប់\r\nកាមេរ៉ា និង តុបតែង មួយចប់ \r\nឡានមូលអត់បុក\r\nឆ្នាំ ២០០១ ពណ៌មាស ប៉ុង ២\r\nតំលៃ ១៣៩០០ ត បាន\r\n017 519 088\r\n', NULL, '//s6.kh1.co/21/2137ca437b496f1020428578d4e88393efe259c4.jpg', 15, 70, NULL, '2017-11-28 10:13:41', 'F', NULL, 'F', 'T', 1, 'T', 0, 438),
	(121, 37, 19, 'Pickup Truck Toyota Tacoma 2006 លេខអ៉ូតូ ប្រើប្រាស់ Gasolin - សាំង', '2006', 9, 1, 1, 0, 20500.00, 1, 2, 1, NULL, NULL, 'Tacoma 2006 ពណ៍ទឹកប្រាក់ Full Option\r\n$20,500\r\nPhnom Penh\r\nរថយន្តទើបមកដល់ថ្មីៗៗៗ\r\nTacoma 2006 ពណ៍ទឹកប្រាក់ ទ្រុងខ្លី Full option តំលៃ 20500$ ចចារ\r\n017​ 722​ 338​ / 0​86​ 502​ 600​ / 017 722 886\r\nលក្ខណៈពិសេសមានដូចជា\r\n- ប៉ុងភ្លើង\r\n- ឌុយដោតឆ្នាំងដាំបាយ\r\n- បាស JBL\r\n- ត្រីវិស័យ\r\n- ចាក់6ឌីស\r\n- ចង្កូតមានប៊ូតុងចុច\r\nបើចាប់អារម្មណ៍អាចទំនាក់ទំនងមកមើលឡានផ្ទាល់នឹងជាវបាន\r\n​ សូមបញ្ជាក់​：កុំព្រោះតែចង់បានតំលៃថោកទិញឡានដែលគ្មានគុណភាព\r\nធានាឡានមិនកាត់ត មិនច្រេះ100% មិនប្តូររឺស្ងោរពណ៍ \r\nប្តូរប្រេងថ្មីជូនដោយមិនគិតប្រាក់ (Free)\r\nទីតាំង : នៅស្ទឹងមានជ័យ មានជ័យ ភ្នំពេញ ឆ្លងស្ពានស្ទឹងមានជ័យចំងាយ\r\nប្រហែល 700m ជាប់ការាស់សាំង Tela ខាងឆ្វេងដៃ នៅផ្លូវធំ ក្បែរផ្លូវចាក់សំរាមចាស់', NULL, '//s5.kh1.co/ae/ae3f49b346bc7d2de4fae73bcf21eff2482b17e5.jpg', 15, 71, NULL, '2017-11-28 10:21:48', 'F', NULL, 'F', 'T', 1, 'T', 0, 137),
	(122, 37, 19, 'Pickup Truck Toyota Tacoma 01 លេខអ៉ូតូ ប្រើប្រាស់ Gasolin - សាំង', '01', 9, 1, 1, 0, 10400.00, 1, 1, 2, '2Y-0000', NULL, 'Tacoma 01 តម្លៃ 10400$\r\n$10,400\r\nPhnom Penh\r\nចាប់អារម្មណ៍ទាក់ទងលេខ0965819557\r\nម៉ាញ៉េថាច់​ Camera back មានភ្លើងកញ្ចក់​។​តម្លៃ១០៤០០$ ចចារបានទៀត។​ រូបភាពពិត​ ៕', NULL, '//s4.kh1.co/ce/cec011c4b54523ecd5d67e2a68a00ba6422f390f.jpg', 15, 72, NULL, '2017-11-28 10:32:17', 'F', NULL, 'F', 'T', 1, 'T', 0, 208),
	(123, 28, 60, 'SUV Lexus RX300 2002 លេខអ៉ូតូ ប្រើប្រាស់ Gasolin - សាំង', '2002', 5, 1, 1, 0, 14900.00, 1, 2, 1, NULL, NULL, 'Lexus RX300 ពណ៍ផ្សែងបារី\r\n$14,900\r\nPhnom Penh\r\n--រថយន្តសំរាប់លក់---\r\n- ប្រេន៖ LEXUS\r\n- ម៉ូដែល៖ RX300\r\n- ឆ្នាំផលិត៖ 2002\r\n- ពណ៌រថយន្ត៖ ពណ៌ផ្សែងបារី\r\n- ប្រភេទប្រេង៖ សាំង\r\n- ទឹកថ្មាំហ្ស៊ីន\r\n- រថយន្តស្អាត ម៉ាស៊ីនល្អ ១០០%\r\nពត៌មានលម្អិត សូមទំនាក់ទំនងមកកាន់លេខ៖\r\n095 20 21 26 (Cellcard)\r\n096 30 31 875 (Smart)\r\nរឺ អាចផ្ញើរសារមកកាន់ប្រអប់សំបុត្រដោយផ្ទាល់', NULL, '//s4.kh1.co/32/327f4a5b0c426a9a675447125eb8107bdf6e5346.jpg', 15, 73, NULL, '2017-11-28 10:42:23', 'F', NULL, 'F', 'T', 1, 'T', 0, 251),
	(124, 37, 13, 'SUV Toyota Land Cruiser 2009 លេខអ៉ូតូ ប្រើប្រាស់ Gasolin - សាំង', '2009', 5, 1, 1, 0, 63500.00, 1, 2, 1, NULL, NULL, 'ឡានទើបមកដល់ថ្មី ស្អាត (ឃ្លាំងដៃគូរខ្ញុំ) \r\nLand Cruiser 2009 V6 Full Option (អារ៉ាប់)\r\nខ្ចី អេតាឡានស្អាត ថ្មីៗ ថ្នាំហ្សីន 01ជុំ ពិសេស មានការធានាត្រឹមត្រូវជូន។\r\nPrice: $63,500 (ចរចារបាន និងបង់រំលស់)\r\nTel: 085464111/0969762945\r\n0318429888/0969595519.', NULL, '//s4.kh1.co/cb/cb0583c6680830b5a61bc04e99dfbfeeec1f3a17.jpg', 15, 33, NULL, '2017-11-28 10:49:06', 'F', NULL, 'F', 'T', 1, 'T', 0, 231),
	(125, 37, 1, 'Sedan Toyota Camary 2001 លេខអ៉ូតូ ប្រើប្រាស់ Gasolin - សាំង', '2001', 1, 1, 1, 0, 7500.00, 1, 1, 2, '2Q-0000', NULL, 'ឃ្លាំង ៨៨ ទិញ លក់ និងបង់រំលស់រថយន្តគ្រប់ប្រភេទ \r\nToyota Camry LE 1999 ឡើង 2001 ពណ៍ ទឹកប្រាក់\r\nPrice: $7500 (អាចចរចារបាន) \r\nអេតាឡានស្អាត ក្នុងលឿងស្អាត ម៉ាស៉ីន ប្រអប់លេខ ដំណើរការស្រួល AC Good យ៉ាន់ស្ព័រ កង់នៅថ្មី ហ្វ្រាំង abs ធានាលើម៉ាស៉ីន ប្រអប់លេខ 1ខែ ជូន។ \r\nTel: 085464111/0969595519', NULL, '//s4.kh1.co/0c/0c7b711f23ef34e06f3403059abd28a10274b928.jpg', 15, 33, NULL, '2017-11-28 10:53:25', 'F', NULL, 'F', 'T', 1, 'T', 0, 299),
	(126, 27, 454, 'SUV Land Rover Discovery 2005 លេខអ៉ូតូ ប្រើប្រាស់ Gasolin - សាំង', '2005', 5, 1, 1, 0, 30500.00, 1, 2, 1, NULL, NULL, 'មកដល់ហើយ សម្រាប់អ្នកចូលចិត្តស្រលាញ់ឡាន អឺរ៉ុប \r\nLand Rover Discovery 3 V6 2005 (ឃ្លាំងដៃគូរ)\r\nPrice: 30,500 (ចរចារបាន និងបង់រំលស់បាន)\r\nឡានអេតាស្អាត ឡានមូល ប្រើម៉ាស៊ូត 3000cc V6 ម៉ាស៉ីននិងប្រអប់លេខ ដំណើរការស្រួលម៉ាអែម AC Good ល្អបំផុតសម្រាប់ការប្រប្រាស់ និងស៉ីវិល័យ។ \r\nTel: 085464111/0318429888 \r\n0969595519/011901090.', NULL, '//s6.kh1.co/e9/e9a8c55110f608d7b802bead764e88913475ccd1.jpg', 15, 33, NULL, '2017-11-28 10:57:36', 'F', NULL, 'F', 'T', 1, 'T', 0, 353),
	(127, 1, 467, 'Sedan Acura CL 2017 លេខអ៉ូតូ ប្រើប្រាស់ Gasolin - សាំង', '2017', 1, 1, 1, 0, 6567666.00, 1, 2, 1, NULL, NULL, 'Whhsgdjs', NULL, NULL, 2, 8, NULL, '2017-11-29 08:28:31', 'F', NULL, 'F', 'F', 0, 'F', 0, 0),
	(128, 18, 45, 'Sedan Honda CR-V 1997 លេខអ៉ូតូ ប្រើប្រាស់ Gasolin - សាំង', '1997', 1, 1, 1, 0, 4800.00, 1, 1, 2, '2G-0000', NULL, NULL, NULL, NULL, 15, 74, NULL, '2017-11-30 14:05:50', 'F', NULL, 'F', 'F', 0, 'F', 0, 0),
	(129, 18, 45, 'Sedan Honda Accord 1997 លេខអ៉ូតូ ប្រើប្រាស់ Gasolin - សាំង', '1997', 1, 1, 1, 0, 4800.00, 1, 1, 2, NULL, NULL, 'I need to sale my own car CRV 1997.\r\nPrice 4800$ negotiable.\r\nCall: 012 91 32 95, 070 89 77 86\r\nNote: I am not broker.', NULL, NULL, 15, 74, NULL, '2017-11-30 14:06:03', 'F', NULL, 'F', 'F', 0, 'T', 0, 0),
	(130, 37, 13, 'Pickup Truck Toyota Land Cruiser 2000 លេខអ៉ូតូ ប្រើប្រាស់ Gasolin - សាំង', '2000', 9, 1, 1, 0, 28000.00, 1, 2, 2, NULL, NULL, NULL, NULL, '//s4.kh1.co/f0/f00137ffdf57d535ed342fa065e9a92bc2c9eb60.jpg', 6, 76, NULL, '2017-12-03 07:34:37', 'F', NULL, 'F', 'T', 1, 'T', 0, 224),
	(131, 37, 18, 'Sedan Toyota Sienna 2004 លេខអ៉ូតូ ប្រើប្រាស់ Gasolin - សាំង', '2004', 1, 1, 1, 0, 25500.00, 1, 2, 1, NULL, NULL, 'Toyota Sienna XLE 2004\r\n$25,500\r\nPhnom Penh\r\n$25,500\r\nToyota Sienna XLE 2004\r\nពណ៌ស \r\nក្នុងលឿង \r\nក្រដាសពន្ធ \r\nប្រពន្ធសំលេង JBL\r\nVolume ចង្កូត\r\nកៅអីចុច \r\nពូកស្បែកស៊ីន\r\nឡានស្អាត ថ្មី អត់បុក អត់ច្រេស\r\n015789878\r\n092789878', NULL, '//s4.kh1.co/f2/f25985f8e141b8b17b5d22d08d34e01053253fc4.jpg', 15, 78, NULL, '2017-12-05 10:08:23', 'F', NULL, 'F', 'T', 1, 'T', 0, 6),
	(132, 37, 19, 'Pickup Truck Toyota Tacoma 2002 លេខអ៉ូតូ ប្រើប្រាស់ Gasolin - សាំង', '2002', 9, 1, 1, 0, 12500.00, 1, 1, 2, '2AL-9053', NULL, 'Toyota Tacoma 2002 Auto Capitas (ឃ្លាំងខ្លួនឯង)\r\nPrice: $12,*** (ចរចារ និងបង់រំលស់) \r\nឡានស្អាត ឡានមូល មិនកាត់ត ប្រើកាពីតាស់ ម៉ាស៊ីនស្ងាត់ ស្ទុះ ប្រអប់លេខល្អ ដំណើរការស្រួុល កញ្ចក់ក្តោបអ៉ីណុកភ្លើង data ក្នុងស្អាត ធានាលើម៉ាស៉ីន ប្រអប់លេខ ១ខែ។ \r\nTel: 070452442/092144488', NULL, '//s4.kh1.co/f1/f14f54372550b18570bf097fb2deb8efe547c538.jpg', 15, 79, NULL, '2017-12-08 09:49:47', 'F', NULL, 'F', 'T', 1, 'T', 0, 392),
	(133, 37, 1, 'Sedan Toyota Camary 2002 លេខអ៉ូតូ ប្រើប្រាស់ Gasolin - សាំង', '2002', 1, 1, 1, 0, 12800.00, 1, 2, 1, NULL, NULL, 'Camry 2002 XLE full option \r\nដំបូលបើក ពោង8 ABS \r\nកង់ថ្មី 5 គ្រាប់ មិនប៉ះ មិនបុក មិនប្តូលពណ៌ មិនច្រេះ ទឹកថ្នាំហ្ស៊ីមួយជ៊ំ ក្រដាស់ពន្ធ ឡានមូល ឡានកាលី មិនទាន់មាម្ចាស់ទេ\r\nតម្លៃ 12800$ ចរចារនិងបង់រំលស់បាន\r\n070 452 442\r\n092 144 488', NULL, '//s6.kh1.co/e6/e6e15a330b4bbe1a74a358a8b5524cab8dae3a55.jpg', 15, 79, NULL, '2017-12-08 10:01:37', 'F', NULL, 'F', 'T', 1, 'T', 0, 285),
	(134, 37, 9, 'SUV Toyota Highlander 2002 លេខអ៉ូតូ ប្រើប្រាស់ Gasolin - សាំង', '2002', 5, 1, 1, 0, 16800.00, 1, 1, 2, '2AI-3450', NULL, 'ឃ្លាំង ៨៨ ទិញ លក់ និងបង់រំលស់រថយន្តគ្រប់ប្រភេទ \r\nToyota Highlander 2002 V6 Pong 1 ខ្ចី (ទឹកប្រាក់)\r\nPrice: $16,800 (ចរចារបាន&បង់រំលស់)\r\nឡានអេតាស្អាត ឡានមូល ដំបូលបើក ម៉ាស៉ីននិង ប្រអប់លេខ ដំណើរការស្រួល AC Good មាន Camera មើលក្រោយ ក្នុងលឿង លេងអ៉ីណុក1ជុំស្អាត កង់នៅថ្មី ហ្វ្រាំង abs ធានាលើម៉ាស៉ីន ប្រអប់លេខ 1ខែជូន។ \r\nTel: 092 144 488/070 452 442', NULL, '//s6.kh1.co/29/295395dede395e7820a7c84ee49009b7231149af.jpg', 15, 79, NULL, '2017-12-08 10:09:36', 'F', NULL, 'F', 'T', 1, 'T', 0, 271),
	(135, 1, 467, 'Stationwagon Acura CL 2015 លេខដៃ ប្រើប្រាស់ Gasolin - សាំង', '2015', 4, 2, 1, 0, 125000.00, 1, 2, 1, NULL, NULL, NULL, NULL, NULL, 15, 80, NULL, '2017-12-13 04:50:37', 'F', NULL, 'F', 'F', 0, 'F', 0, 0),
	(136, 37, 9, 'SUV Toyota Highlander 2002 លេខអ៉ូតូ ប្រើប្រាស់ Gasolin - សាំង', '2002', 5, 1, 1, 0, 16500.00, 1, 1, 2, '2Q-7019', NULL, 'Highlander 2002\r\n$16,500\r\nPhnom Penh\r\n---រថយន្តសំរាប់លក់---\r\n- ប្រេន៖ Toyata\r\n- ម៉ូដែល៖ Highlander\r\n- ឆ្នាំផលិត៖ 2002\r\n- ពណ៌រថយន្ត៖ មាស\r\n- ប្រភេទប្រេង៖ សាំង\r\n- ទឹកថ្មាំហ្ស៊ីន\r\n- រថយន្តស្អាត ម៉ាស៊ីនល្អ ១០០%\r\nពត៌មានលម្អិត សូមទំនាក់ទំនងមកកាន់លេខ៖\r\n095 20 21 26 (Cellcard)\r\n096 30 31 875 (Smart)\r\nរឺ អាចផ្ញើរសារមកកាន់ប្រអប់សំបុត្រដោយផ្ទាល់\r\n\r\n---CAR FOR SALE---\r\n- Brand: Toyota\r\n- Model: Highlander\r\n- Fuel type: Gasoline\r\n-Documents: Plate number\r\nInterested can contact :\r\n095 20 21 26 (Cellcard)\r\n096 30 31 875 (Smart)\r\nOr inbox directly to ask about detail', NULL, '//s4.kh1.co/64/64eea6c09fcda892a22c6e58518138879e151a06.jpg', 15, 73, NULL, '2017-12-15 09:34:32', 'F', NULL, 'F', 'T', 1, 'T', 0, 85),
	(137, 27, 463, 'SUV Land Rover Range Rover Sport 2012 លេខអ៉ូតូ ប្រើប្រាស់ Gasolin - សាំង', '2012', 5, 1, 1, 0, 30500.00, 1, 1, 2, '2AA-0000', NULL, 'Range Rover\r\n$30,500\r\nBoston, Massachusetts\r\nModel : Range Rover Sport \r\nYear : 2006 up 2012 Original Part \r\nCondition : Used \r\nExterior color : Black \r\nColor : Silver\r\nLicense plate : 2AA XXXX\r\nFuel type : Diesel (100km/6L)\r\nCar no hit 100 %\r\nPrice : 30,500$ (Can talks)\r\nContact : 081750800', NULL, '//s5.kh1.co/d5/d52cbf2cb70e50fbbb5b3916b3cb9e5855ba4113.jpg', 15, 81, NULL, '2017-12-15 13:20:04', 'F', NULL, 'F', 'T', 1, 'T', 0, 174),
	(138, 37, 19, 'Pickup Truck Toyota Tacoma 2006 លេខអ៉ូតូ ប្រើប្រាស់ Gasolin - សាំង', '2006', 9, 1, 1, 0, 19200.00, 1, 1, 2, '2AD-0000', NULL, 'Toyota Tacoma\r\n$19,200\r\nModel : Toyota Tacoma Full option 4x4\r\nYear : 2006 \r\nCondition : Used \r\nExterior color : Black \r\nColor : Silver\r\nLicense plate : 2AD XXXX\r\nFuel type : Gasoline\r\nCar no hit 100 %\r\nPrice : 19,200$ (Can talks)\r\nContact : 081750800', NULL, '//s4.kh1.co/fb/fbc50fc23db2ffdd7ab274ea4f31900da838fe09.jpg', 15, 81, NULL, '2017-12-15 13:24:47', 'F', NULL, 'F', 'T', 1, 'T', 0, 2),
	(139, 37, 1, 'Sedan Toyota Camary 2002 លេខអ៉ូតូ ប្រើប្រាស់ Gasolin - សាំង', '2002', 1, 1, 1, 0, 11000.00, 1, 1, 2, '2AI-0000', NULL, 'ឡានលក់បន្ទាន់ ប្រញាប់លុយ \r\nCamary 2002 XLE (បើកដំបូល)\r\n$11,000\r\nធានាស្អាត\r\nទំនាក់ទំនងតាមលេខទូរសព្ទ័ 010 906 768', NULL, '//s5.kh1.co/7c/7cfa717f6332c3ebfd19748c339ffc57380239c1.jpg', 15, 82, NULL, '2017-12-15 13:30:11', 'F', NULL, 'F', 'T', 1, 'T', 0, 3),
	(140, 18, 42, 'Hatchback Honda Civic 2004 លេខអ៉ូតូ ប្រើប្រាស់ Gasolin - សាំង', '2004', 3, 2, 1, 0, 4650.00, 1, 2, 2, NULL, NULL, 'This car garage park and the condition of this car just like a new, everything works like a new and my price really good.\r\n\r\nWelcome for business together.', NULL, NULL, 25, 83, NULL, '2017-12-21 08:15:04', 'F', NULL, 'F', 'F', 0, 'F', 0, 0),
	(141, 18, 42, 'Hatchback Honda Civic 2004 លេខអ៉ូតូ ប្រើប្រាស់ Gasolin - សាំង', '2004', 3, 2, 1, 0, 4567.00, 1, 2, 2, NULL, NULL, 'this garage park, everything work greatly just like a new car.', NULL, '//s6.kh1.co/e7/e73430666ae1cbb8c89d998f49da54fd40330c92.jpg', 15, 83, NULL, '2017-12-21 09:31:04', 'F', NULL, 'F', 'T', 1, 'T', 0, 1),
	(142, 37, 1, 'SUV Toyota Camary 2008 លេខអ៉ូតូ ប្រើប្រាស់ Gasolin - សាំង', '2008', 5, 1, 1, 0, 18000.00, 1, 1, 2, '2P-6368', NULL, 'Camery Highbrid, full option, 2008', NULL, '//s6.kh1.co/50/508ebf282677b8bcbd82ccd600644a9e1b3c1bbd.jpg', 15, 84, NULL, '2017-12-27 16:13:29', 'F', NULL, 'F', 'T', 1, 'T', 0, 170),
	(143, 37, 1, 'Sedan Toyota Camary 2008 លេខអ៉ូតូ ប្រើប្រាស់ Gasolin - សាំង', '2008', 1, 1, 1, 0, 18000.00, 1, 1, 2, '2P-6368', NULL, 'Please contact this number 098 666 987 / 088 556 6177\r\nif you are interesting the price can be negotiated ', NULL, '//s5.kh1.co/4e/4e147c56b1c385fad94b8bbdc2379aab3f800341.jpg', 15, 84, NULL, '2017-12-27 16:16:47', 'F', NULL, 'F', 'T', 1, 'T', 0, 461),
	(144, 37, 2, 'Sedan Toyota Camary Hybrid 2008 លេខអ៉ូតូ ប្រើប្រាស់ Gasolin - សាំង', '2008', 1, 1, 1, 0, 24500.00, 1, 2, 1, NULL, NULL, 'The Car Is New!!!  full options,tax paper,No Hit, White Color, big screen with backup camera! I really Need Money So Much So I Want Sell This Car Quickly Too!!,\r\nPease Call If Interested & Price Can Be Tall!\r\nCall :0978860111 & 093999297', NULL, NULL, 15, 85, NULL, '2018-01-05 05:35:43', 'F', NULL, 'F', 'F', 0, 'T', 0, 0),
	(145, 1, 467, 'Sedan Acura CL 2008 លេខអ៉ូតូ ប្រើប្រាស់ Gasolin - សាំង', '2008', 1, 1, 1, 0, 2000.00, 1, 2, 1, NULL, NULL, 'sgsdfgsgsg', NULL, NULL, 1, 86, NULL, '2018-01-09 14:14:55', 'F', NULL, 'F', 'F', 0, 'F', 0, 0),
	(146, 1, 467, 'Sedan Acura CL  លេខអ៉ូតូ ប្រើប្រាស់ Gasolin - សាំង', '3443', 1, 1, 1, 0, 8000.00, 1, 2, 2, NULL, NULL, 'good car', NULL, NULL, 19, 86, NULL, '2018-01-09 15:09:09', 'F', NULL, 'F', 'F', 0, 'F', 0, 0),
	(147, 37, 3, 'Sedan Toyota Prius 2006 លេខអ៉ូតូ ប្រើប្រាស់ Gasolin - សាំង', '2006', 1, 1, 1, 0, 8300.00, 1, 1, 2, '2R--868', NULL, 'Color: Black\r\nContact Phone Number: 010 333 196 / 017 661 190', NULL, '//s4.kh1.co/0b/0bb121cb1245df175b414b850110ef8a07bfac70.jpg', 15, 87, NULL, '2018-01-19 11:21:57', 'F', NULL, 'F', 'T', 1, 'F', 0, 312),
	(148, 1, 467, 'SUV Acura CL  លេខដៃ ប្រើប្រាស់ Gasolin - សាំង', '3444', 5, 2, 1, 0, 15400.00, 1, 1, 1, '2PP-2', NULL, NULL, NULL, NULL, 2, 90, NULL, '2018-02-07 16:25:41', 'F', NULL, 'F', 'F', 0, 'F', 0, 0),
	(149, 16, 140, 'Pickup Truck Ford Ranger 2018 លេខអ៉ូតូ ប្រើប្រាស់ Diesel​ - ម៉ាស៊ូត', '2018', 9, 1, 2, 0, 52500.00, 1, 2, 1, NULL, NULL, 'Ford Ranger Wildtrak 2018 កក់សំរាប់តម្លៃពិសេសឥឡូវនេះ។\r\nTel: 012 255 807\r\n       070 255 807\r\n        088 810 1017', NULL, '//s6.kh1.co/24/24d84c9618aecbfd8bac1926f91675552e3188ea.jpg', 15, 92, NULL, '2018-03-05 14:29:08', 'F', NULL, 'F', 'T', 1, 'T', 0, 6),
	(150, 18, 58, 'Sedan Honda Ridgeline 2000 លេខអ៉ូតូ ប្រើប្រាស់ Diesel​ - ម៉ាស៊ូត', '2000', 1, 1, 2, 0, 22222.00, 1, 1, 1, '2GG-8888', NULL, 'car for sell', NULL, NULL, 18, 2, NULL, '2018-03-07 09:58:52', 'F', NULL, 'F', 'F', 0, 'F', 0, 0),
	(151, 4, 495, 'Hatchback Audi A5 44544 លេខដៃ ប្រើប្រាស់ Diesel​ - ម៉ាស៊ូត', '44544', 3, 2, 2, 0, 7777777.00, 1, 2, 1, NULL, NULL, 'ghgddfhdhg', NULL, '//s5.kh1.co/a2/a295ee3a276a6b673c1c299c39954abcd785389e.jpg', 2, 94, NULL, '2018-03-07 15:08:52', 'F', NULL, 'F', 'T', 1, 'T', 0, 3);
/*!40000 ALTER TABLE `car` ENABLE KEYS */;

-- Dumping structure for table khmercar.car_brand
CREATE TABLE IF NOT EXISTS `car_brand` (
  `brand_id` int(11) NOT NULL AUTO_INCREMENT,
  `brand_name` varchar(50) NOT NULL,
  `brand_description` varchar(1000) DEFAULT NULL,
  `brand_logo` varchar(1000) DEFAULT NULL,
  PRIMARY KEY (`brand_id`)
) ENGINE=InnoDB AUTO_INCREMENT=40 DEFAULT CHARSET=utf8;

-- Dumping data for table khmercar.car_brand: ~39 rows (approximately)
/*!40000 ALTER TABLE `car_brand` DISABLE KEYS */;
INSERT INTO `car_brand` (`brand_id`, `brand_name`, `brand_description`, `brand_logo`) VALUES
	(1, 'Acura', NULL, '/images/logos/Acura.jpg'),
	(2, 'Alfa Remeo', NULL, '/images/logos/Alfa Remeo.jpg'),
	(3, 'Aston Martin', NULL, '/images/logos/Aston Martin.jpg'),
	(4, 'Audi', NULL, '/images/logos/Audi.jpg'),
	(5, 'Bentley', NULL, '/images/logos/Bentley.jpg'),
	(6, 'BMW', 'Bayerische Motoren Werke AG English: Bavarian Motor Works; BMW) is a German luxury automobile, motorcycle and engine manufacturing company founded in 1916. BMW is headquartered in Munich, Bavaria, Germany. It also owns and produces Mini cars, and is the parent company of Rolls-Royce Motor Cars. BMW produces motorcycles under BMW Motorrad, and plug-in electric cars under the BMW i sub-brand. BMW is one of the best-selling luxury automakers in the world. The World Car Awards (WCOTY) is an automobile award selected by a jury of 48 international automotive journalists from 22 countries. BMW 3 Series, 4 Series and 5 series were selected as top-three finalists in 2006, 2011, 2012 and 2014. BMW i3 won world green car of the year and world car design of the year in 2014. BMW i8 was awarded as world green car of the year of 2015.', '/images/logos/BMW.jpg'),
	(7, 'Buick', NULL, '/images/logos/Buick.jpg'),
	(8, 'Cadillac', NULL, '/images/logos/Cadillac.jpeg'),
	(9, 'Chevrolet', NULL, '/images/logos/Chevrolet.jpg'),
	(10, 'Chrysler', NULL, '/images/logos/Chrysler.jpg'),
	(11, 'Citroen', NULL, '/images/logos/Citroen.png'),
	(12, 'Daewoo', NULL, '/images/logos/Daewoo.png'),
	(13, 'Dodge', NULL, '/images/logos/Dodge.png'),
	(14, 'Ferrari', NULL, '/images/logos/Ferrari.png'),
	(15, 'FIAT', NULL, '/images/logos/FIAT.png'),
	(16, 'Ford', NULL, '/images/logos/Ford.png'),
	(17, 'GMC', NULL, '/images/logos/GMC.png'),
	(18, 'Honda', 'Honda Motor Co., Ltd.  is a Japanese public multinational corporation primarily known as a manufacturer of automobiles, motorcycles and power equipment. Honda has been the world\'s largest motorcycle manufacturer since 1959, as well as the world\'s largest manufacturer of internal combustion engines measured by volume, producing more than 14 million internal combustion engines each year. Honda became the second-largest Japanese automobile manufacturer in 2001. Honda was the eighth largest automobile manufacturer in the world behind General Motors, Volkswagen Group, Toyota, Hyundai Motor Group, Ford, Nissan, and PSA Peugeot Citroën in 2011. Honda was the first Japanese automobile manufacturer to release a dedicated luxury brand, Acura, in 1986. Aside from their core automobile and motorcycle businesses, Honda also manufactures garden equipment, marine engines, personal watercraft and power generators, and other products. Since 1986, Honda has been involved with artificial intelligence/rob', '/images/logos/Honda.jpg'),
	(19, 'Hummer', NULL, '/images/logos/Hummer.png'),
	(20, 'Hyundai', 'Hyundai Motor Company is a South Korean multinational automotive manufacturer headquartered in Seoul, South Korea. The company was founded in 1967 and, along with its 32.8% owned subsidiary, Kia Motors, together comprise the Hyundai Motor Group, which is the world\'s fifth largest automaker based on annual vehicle sales in 2012. In 2008, Hyundai Motor (without Kia) was ranked as the eighth largest automaker. As of 2012, the Company sold over 4.4 million vehicles worldwide in that year, and together with Kia, total sales were 7.12 million. Hyundai is currently the fourth largest vehicle manufacturer in the world. Hyundai operates the world\'s largest integrated automobile manufacturing facility in Ulsan, South Korea, which has an annual production capacity of 1.6 million units. The company employs about 75,000 people worldwide. Hyundai vehicles are sold in 193 countries through some 6,000 dealerships and showrooms. On 4 November, 2015, Hyundai announced Genesis Motors as a new luxury car ', '/images/logos/Hyundai.png'),
	(21, 'Infinity', NULL, '/images/logos/Infinity.jpg'),
	(22, 'Isuzu', NULL, '/images/logos/Isuzu.png'),
	(23, 'Jaguar', NULL, '/images/logos/Jaguar.png'),
	(24, 'Jeep', NULL, '/images/logos/Jeep.jpg'),
	(25, 'KIA', NULL, '/images/logos/KIA.jpg'),
	(26, 'Lamborghini', NULL, '/images/logos/Lamborghini.jpg'),
	(27, 'Land Rover', NULL, '/images/logos/Land Rover.jpg'),
	(28, 'Lexus', NULL, '/images/logos/Lexus.jpeg'),
	(29, 'Maserati', NULL, '/images/logos/Maserati.png'),
	(30, 'Mazda', 'Mazda Motor Corporation commonly referred to just as Mazda, is a Japanese automaker based in Fuchū, Aki District, Hiroshima Prefecture, Japan. In 2007, Mazda produced almost 1.3 million vehicles for global sales, the majority of which (nearly 1 million) were produced in the company\'s Japanese plants, with the remainder coming from a variety of other plants worldwide. In 2011, Mazda was the fifteenth biggest automaker by production worldwide. Most popular Mazda-branded cars in Myanmar are RX-8, Bongo, Demio, Titan, and Familia.', '/images/logos/Mazda.png'),
	(31, 'Mercedes-Benz', NULL, '/images/logos/Mercedes-benz.png'),
	(32, 'MINI', NULL, '/images/logos/MINI.png'),
	(33, 'Mitsubishi', 'Mitsubishi Motors Corporation is a multinational automotive manufacturer headquartered in Minato, Tokyo, Japan. In 2011, Mitsubishi Motors was the sixth biggest Japanese automaker and the sixteenth biggest worldwide by production. It is part of Mitsubishi, formerly the biggest industrial group in Japan, and was formed in 1970 from the automotive division of Mitsubishi Heavy Industries. Mitsubishi Fuso Truck and Bus Corporation is in a separate division from Mitsubishi Motors, which builds commercial grade trucks, buses and heavy construction equipment. Mitsubishi Motors has partnered with other automobile manufacturers and brands, such as Chrysler, Volvo, Peugeot, Renault, Volkswagen, Colt & Lonsdale, Proton, Hyundai, Hindustan, Samcor and some Chinese manufacturers. Some of the most popular cars of Mitsubishi are Pajero, Canter, RVR, Colt, Delica, Triton and Lancer Evolution.', '/images/logos/Mitsubishi.jpg'),
	(34, 'Nissan', 'Nissan Motor Company Ltd usually shortened to Nissan is a Japanese multinational automobile manufacturer headquartered in Nishi-ku, Yokohama, Japan. Since 1999, Nissan has been part of the Renault–Nissan Alliance, a partnership between Nissan and French automaker Renault. As of 2013, Renault holds a 43.4% voting stake in Nissan, while Nissan holds a 15% non-voting stake in Renault. Carlos Ghosn serves as CEO of both companies. Nissan was the sixth largest automaker in the world behind Toyota, General Motors, Volkswagen Group, Hyundai Motor Group, and Ford in 2013. Taken together, the Renault–Nissan Alliance would be the world’s fourth largest automaker. Nissan is the leading Japanese brand in China, Russia and Mexico. Nissan’s most popular car models are Skyline, GT-R, Fairlady Z, LEAF, Maxima, Altima, AD Van and March.', '/images/logos/Nissan.png'),
	(35, 'Subaru', NULL, '/images/logos/Subaru.jpg'),
	(36, 'Suzuki', 'Suzuki Motor Corporation is a Japanese multinational corporation headquartered in Minami-ku, Hamamatsu, Japan, which specializes in manufacturing automobiles, four-wheel drive vehicles, motorcycles, all-terrain vehicles (ATVs), outboard marine engines, wheelchairs and a variety of other small internal combustion engines. In 2011, Suzuki was thought to be the ninth biggest automaker by production worldwide. Suzuki has over 45,000 employees worldwide and has about 35 main production facilities in 23 countries and 133 distributors in 192 countries. Most popular Suzuki Car Models in Myanmar are Suzuki Swift, Carry Truck, Solio and Ertiga (Ertiga 2015 brand new cars were produced in Myanmar).', '/images/logos/Suzuki.png'),
	(37, 'Toyota', 'Toyota Motor Corporation is a Japanese automotive manufacturer headquartered in Toyota, Aichi, Japan. In March 2014 the multinational corporation consisted of 338,875 employees worldwide and, as of November 2014, is the eleventh-largest company in the world by revenue. Toyota was the largest automobile manufacturer in 2012 (by production) ahead of the Volkswagen Group and General Motors. In July of that year, the company reported the production of its 200-millionth vehicle. Toyota is the world\'s first automobile manufacturer to produce more than 10 million vehicles per year. The company was founded by Kiichiro Toyoda in 1937 as a spinoff from his father\'s company Toyota Industries to create automobiles. Three years earlier, in 1934, while still a department of Toyota Industries, it created its first product, the Type A engine, and, in 1936, its first passenger car, the Toyota AA. Toyota Motor Corporation produces vehicles under 5 brands, including the Toyota brand, Hino, Lexus, Ranz, a', '/images/logos/Toyota.png'),
	(38, 'Volkswagen', 'Volkswagen is a German car manufacturer headquartered in Wolfsburg, Lower Saxony, Germany. Established in 1946, Volkswagen is the top-selling and namesake marque of the Volkswagen Group, the holding company created in 1975 for the growing company, and is now the second-largest automaker in the world. Volkswagen has three cars in the top 10 list of best-selling cars of all time compiled by the website 24/7 Wall St.: the Volkswagen Golf, the Volkswagen Beetle, and the Volkswagen Passat. The Volkswagen Group comprises 12 principal vehicle manufacturers and their corresponding marques. Audi Group, Automobili Lamborghini S.p.A, Rolls-Royce and Bentley Motors Ltd (however the purchase did not include the license to use the Rolls-Royce trademark on automobiles, which is controlled by Rolls-Royce Plc), Bugatti Automobiles S.A.S., Ducati Motor Holding S.p.A. , MAN SE, Scania AB, SEAT S.A., Škoda Auto, Volkswagen Commercial Vehicles (VWCV), and Volkswagen Passenger Cars. Volkswagen brand cars Po', '/images/logos/Volkswagen.jpg'),
	(39, 'Rolls Royce', NULL, '/images/logos/Rolls Royce.jpg');
/*!40000 ALTER TABLE `car_brand` ENABLE KEYS */;

-- Dumping structure for table khmercar.car_model
CREATE TABLE IF NOT EXISTS `car_model` (
  `model_id` int(11) NOT NULL AUTO_INCREMENT,
  `brand_id` int(11) NOT NULL,
  `model_name` varchar(50) NOT NULL,
  PRIMARY KEY (`model_id`)
) ENGINE=InnoDB AUTO_INCREMENT=869 DEFAULT CHARSET=utf8;

-- Dumping data for table khmercar.car_model: ~834 rows (approximately)
/*!40000 ALTER TABLE `car_model` DISABLE KEYS */;
INSERT INTO `car_model` (`model_id`, `brand_id`, `model_name`) VALUES
	(1, 37, 'Camary'),
	(2, 37, 'Camary Hybrid'),
	(3, 37, 'Prius'),
	(4, 37, 'Alphard'),
	(5, 37, 'Avenza'),
	(6, 37, 'Corolla'),
	(7, 37, 'Fortuner'),
	(8, 37, 'Hiace'),
	(9, 37, 'Highlander'),
	(10, 37, 'Highlander Hybrid'),
	(11, 37, 'Hilux Rivo'),
	(12, 37, 'Hilux Vigo'),
	(13, 37, 'Land Cruiser'),
	(14, 37, 'Land Cruiser Prado'),
	(15, 37, 'Matrix'),
	(16, 37, 'Rav4'),
	(17, 37, 'Scion'),
	(18, 37, 'Sienna'),
	(19, 37, 'Tacoma'),
	(20, 37, 'Tundra'),
	(21, 37, 'Venza'),
	(22, 37, 'Yaris'),
	(23, 37, '4 Runner'),
	(24, 37, 'Celica'),
	(25, 37, 'Cressida'),
	(26, 37, 'Echo'),
	(27, 37, 'Ipsum'),
	(28, 37, 'MR2'),
	(29, 37, 'Paseo'),
	(30, 37, 'Previa'),
	(31, 37, 'Squoia'),
	(32, 37, 'Solara'),
	(33, 37, 'Supra'),
	(34, 37, 'T100'),
	(35, 37, 'Tercel'),
	(36, 37, 'Truck Xtracab SR5'),
	(37, 37, 'Tundra Max'),
	(38, 37, 'Xtra'),
	(40, 18, 'Accord'),
	(41, 18, 'Accord Crosstour'),
	(42, 18, 'Civic'),
	(43, 18, 'Civic GX'),
	(44, 18, 'Civic Si'),
	(45, 18, 'CR-V'),
	(46, 18, 'CR-X'),
	(47, 18, 'CR-Z'),
	(48, 18, 'Crosstour'),
	(49, 18, 'Del Sol'),
	(50, 18, 'Element'),
	(51, 18, 'FCX Clarity'),
	(52, 18, 'Fit'),
	(53, 18, 'Insight'),
	(54, 18, 'Odyssey'),
	(55, 18, 'Passport'),
	(56, 18, 'Pilot'),
	(57, 18, 'Prelude'),
	(58, 18, 'Ridgeline'),
	(60, 28, 'RX300'),
	(61, 28, 'RX330'),
	(62, 28, 'RX350'),
	(63, 28, 'RX400H'),
	(64, 28, 'RX450H'),
	(65, 28, 'LX450'),
	(66, 28, 'LX450D'),
	(67, 28, 'LX470'),
	(68, 28, 'LX570'),
	(69, 28, 'CT'),
	(70, 28, 'ES'),
	(71, 28, 'GS'),
	(72, 28, 'GX'),
	(73, 28, 'HS'),
	(74, 28, 'IS'),
	(75, 28, 'ISF'),
	(76, 28, 'LFA'),
	(77, 28, 'LS'),
	(78, 28, 'LS Hybrid'),
	(79, 28, 'CS'),
	(81, 16, 'Aerostar'),
	(82, 16, 'Aspire'),
	(83, 16, 'Bronco'),
	(84, 16, 'Bronco II'),
	(85, 16, 'C-Max Hybrid'),
	(86, 16, 'Club Wagon'),
	(87, 16, 'Contour'),
	(88, 16, 'Country'),
	(89, 16, 'Courier'),
	(90, 16, 'Crown Victoria'),
	(91, 16, 'E-350 Super Duty'),
	(92, 16, 'E-350 Super Duty Van'),
	(93, 16, 'E-Series'),
	(94, 16, 'E-150'),
	(95, 16, 'E-250'),
	(96, 16, 'E-350'),
	(97, 16, 'Econoline E-150'),
	(98, 16, 'Econoline E-250'),
	(99, 16, 'Econoline E-350'),
	(100, 16, 'Edge'),
	(101, 16, 'Escape'),
	(102, 16, 'Escort'),
	(103, 16, 'Escort ZX2'),
	(104, 16, 'Excursion'),
	(105, 16, 'EXP'),
	(106, 16, 'Expedition'),
	(107, 16, 'Expedition EL'),
	(108, 16, 'Explorer'),
	(109, 16, 'Explorer Sport'),
	(110, 16, 'Explorer Sport Trac'),
	(111, 16, 'F-250 Super Duty'),
	(112, 16, 'F-350 Super Duty'),
	(113, 16, 'F-Series'),
	(114, 16, 'F-Series Super Duty'),
	(115, 16, 'F-150'),
	(116, 16, 'F-250'),
	(117, 16, 'F-350'),
	(118, 16, 'F-450'),
	(119, 16, 'Fairlane'),
	(120, 16, 'Falcon'),
	(121, 16, 'Festiva'),
	(122, 16, 'Fiesta'),
	(123, 16, 'Five Hundred'),
	(124, 16, 'Flex'),
	(125, 16, 'Focus'),
	(126, 16, 'Focus ST'),
	(127, 16, 'FreesStar'),
	(128, 16, 'FreeStyle'),
	(129, 16, 'Fusion'),
	(130, 16, 'Galaxies'),
	(131, 16, 'GT'),
	(132, 16, 'GT-500'),
	(133, 16, 'Laser'),
	(134, 16, 'Lightning'),
	(135, 16, 'LTD'),
	(136, 16, 'LTD Crown Victoria'),
	(137, 16, 'Model T'),
	(138, 16, 'Mustang'),
	(139, 16, 'Probe'),
	(140, 16, 'Ranger'),
	(141, 16, 'Taurus'),
	(142, 16, 'Taurus-X'),
	(143, 16, 'Tempo'),
	(144, 16, 'Thunderbird'),
	(145, 16, 'Torino'),
	(146, 16, 'Transit Connent'),
	(147, 16, 'Windstar'),
	(148, 16, 'ZX2'),
	(150, 20, 'Tourism'),
	(151, 20, 'Truck'),
	(152, 20, 'Accent'),
	(153, 20, 'Atoz'),
	(154, 20, 'Azera'),
	(155, 20, 'Elantra'),
	(156, 20, 'Entourage'),
	(157, 20, 'Equus'),
	(158, 20, 'Excel'),
	(159, 20, 'Genisis'),
	(160, 20, 'Genisis Coupe'),
	(161, 20, 'HED-5'),
	(162, 20, 'Santa Fe'),
	(163, 20, 'Scoupe'),
	(164, 20, 'Sonata'),
	(165, 20, 'Tiburon'),
	(166, 20, 'Tucson'),
	(167, 20, 'Veloster'),
	(168, 20, 'Veracruz'),
	(169, 20, 'XG-300'),
	(170, 20, 'XG-350'),
	(172, 34, '200-SX'),
	(173, 34, '240-SX'),
	(174, 34, '280-ZX'),
	(175, 34, '300-ZX'),
	(176, 34, '350-Z'),
	(177, 34, '350-Z Roadster'),
	(178, 34, '370-Z'),
	(179, 34, 'Altima'),
	(180, 34, 'Armada'),
	(181, 34, 'Cube'),
	(182, 34, 'Datsun'),
	(183, 34, 'Frontier'),
	(184, 34, 'GT-R'),
	(185, 34, 'Juke'),
	(186, 34, 'Leaf'),
	(187, 34, 'Maxima'),
	(188, 34, 'Murano'),
	(189, 34, 'Navara'),
	(190, 34, 'NV-1500'),
	(191, 34, 'NV-2500'),
	(192, 34, 'NV-3500'),
	(193, 34, 'NX'),
	(194, 34, 'Pathfinder'),
	(195, 34, 'Pathfinder Armada'),
	(196, 34, 'Quest'),
	(197, 34, 'Rogue'),
	(198, 34, 'Sentra'),
	(199, 34, 'Stanza'),
	(200, 34, 'Titan'),
	(201, 34, 'Versa'),
	(202, 34, 'Xterra'),
	(204, 25, 'Matriz'),
	(205, 25, 'Truck'),
	(206, 25, 'Visto'),
	(207, 25, 'Amanti'),
	(208, 25, 'Borrego'),
	(209, 25, 'Carents'),
	(210, 25, 'Forte'),
	(211, 25, 'Mentor'),
	(212, 25, 'Mohave'),
	(213, 25, 'Optima'),
	(214, 25, 'Rio'),
	(215, 25, 'Rio-5'),
	(216, 25, 'Rondo'),
	(217, 25, 'Sedona'),
	(218, 25, 'Sephia'),
	(219, 25, 'Sorento'),
	(220, 25, 'Spectra'),
	(221, 25, 'Spectra-5'),
	(222, 25, 'Sportage'),
	(224, 36, 'Aerio'),
	(225, 36, 'Cultus'),
	(226, 36, 'Daewoo Lacetti'),
	(227, 36, 'Daewoo Magnus'),
	(228, 36, 'Equator'),
	(229, 36, 'Esteem'),
	(230, 36, 'Forenza'),
	(231, 36, 'Grand Vitara'),
	(232, 36, 'Kizashi'),
	(233, 36, 'Reno'),
	(234, 36, 'Zamurai'),
	(235, 36, 'Sidekick'),
	(236, 36, 'SJ'),
	(237, 36, 'SJ 410'),
	(238, 36, 'Swift'),
	(239, 36, 'Verona'),
	(240, 36, 'SX-4'),
	(241, 36, 'Vitara'),
	(242, 36, 'X-90'),
	(243, 36, 'XL-7'),
	(245, 38, 'Beetle'),
	(246, 38, 'Cabriolet'),
	(247, 38, 'CC'),
	(248, 38, 'Corrado'),
	(249, 38, 'EOS'),
	(250, 38, 'Eurovan'),
	(251, 38, 'FOX'),
	(252, 38, 'GLI'),
	(253, 38, 'Golf'),
	(254, 38, 'Golf III'),
	(255, 38, 'GTI'),
	(256, 38, 'Jetta'),
	(257, 38, 'Jetta III'),
	(258, 38, 'New Beetle'),
	(259, 38, 'Passat'),
	(260, 38, 'Phaeton'),
	(261, 38, 'Quantum'),
	(262, 38, 'R-32'),
	(263, 38, 'Rabbit'),
	(264, 38, 'Riolet'),
	(265, 38, 'Routan'),
	(266, 38, 'Scirocco'),
	(267, 38, 'Tiguan'),
	(268, 38, 'Touareg'),
	(269, 38, 'Touareg-2'),
	(270, 38, 'Type-2'),
	(271, 38, 'Vanagon'),
	(273, 23, 'S-Type'),
	(274, 23, 'X-Type'),
	(275, 23, 'XF'),
	(276, 23, 'XJ'),
	(277, 23, 'XJ Series'),
	(278, 23, 'XK'),
	(279, 23, 'XK Series'),
	(281, 9, '1500'),
	(282, 9, '2500'),
	(283, 9, '3500'),
	(284, 9, 'APV'),
	(285, 9, 'Astro'),
	(286, 9, 'Avalanche'),
	(287, 9, 'Avalanche 1500'),
	(288, 9, 'Avalanche 2500'),
	(289, 9, 'Aveo'),
	(290, 9, 'Bel Air'),
	(291, 9, 'Beretta'),
	(292, 9, 'Blazer'),
	(293, 9, 'Camaro'),
	(294, 9, 'Caprice'),
	(295, 9, 'Caprice Classic'),
	(296, 9, 'Cavalier'),
	(297, 9, 'Citation'),
	(298, 9, 'Classic'),
	(299, 9, 'Cobalt'),
	(300, 9, 'Cobalt SS'),
	(301, 9, 'Colorado'),
	(302, 9, 'Corsica'),
	(303, 9, 'Corvair'),
	(304, 9, 'Corvair 500'),
	(305, 9, 'Corvette'),
	(306, 9, 'Cruze'),
	(307, 9, 'Equinox'),
	(308, 9, 'Express'),
	(309, 9, 'Express 1500'),
	(310, 9, 'Express 2500'),
	(311, 9, 'Express 3500'),
	(312, 9, 'G-Series 1500'),
	(313, 9, 'G-Series 2500'),
	(314, 9, 'G-Series 3500'),
	(315, 9, 'G-10'),
	(316, 9, 'G-20'),
	(317, 9, 'G-30'),
	(318, 9, 'HHR'),
	(319, 9, 'HHR Panel'),
	(320, 9, 'Impala'),
	(321, 9, 'Impala SS'),
	(322, 9, 'K5 Blazer'),
	(323, 9, 'Lumina'),
	(324, 9, 'Lumina APV'),
	(325, 9, 'LUV'),
	(326, 9, 'Malibu'),
	(327, 9, 'Malibu Maxx'),
	(328, 9, 'Metro'),
	(329, 9, 'Monte Carlo'),
	(330, 9, 'Monza'),
	(331, 9, 'Prizm'),
	(332, 9, 'S-10'),
	(333, 9, 'S-10 Blazer'),
	(334, 9, 'Silverado'),
	(335, 9, 'Silverado 1500'),
	(336, 9, 'Silverado 2500'),
	(337, 9, 'Silverado 3500'),
	(338, 9, 'Silverado 3500HD'),
	(339, 9, 'Silverado Hybrid'),
	(340, 9, 'Sonic'),
	(341, 9, 'Sportvan G10'),
	(342, 9, 'Sportvan G20'),
	(343, 9, 'Sportvan G30'),
	(344, 9, 'SSR'),
	(345, 9, 'Suburban'),
	(346, 9, 'Suburban 1500'),
	(347, 9, 'Suburban 2500'),
	(348, 9, 'Tahoe'),
	(349, 9, 'Tracker'),
	(350, 9, 'Trail Blazer'),
	(351, 9, 'Traverse'),
	(352, 9, 'Uplander'),
	(353, 9, 'Vega'),
	(354, 9, 'Venture'),
	(355, 9, 'Volt'),
	(357, 30, 'BT-50'),
	(358, 30, 'BT-50 Pro'),
	(359, 30, 'CX-5'),
	(360, 30, 'CX-7'),
	(361, 30, 'CX-9'),
	(362, 30, '30-2'),
	(363, 30, '30-3'),
	(364, 30, '30-5'),
	(365, 30, '30-6'),
	(366, 30, '30-6 Sport'),
	(367, 30, '30-6 5Doors'),
	(368, 30, '323'),
	(369, 30, '626'),
	(370, 30, '929'),
	(371, 30, 'B-Series'),
	(372, 30, 'B-Series Plus'),
	(373, 30, 'B-2000'),
	(374, 30, 'B-2500'),
	(375, 30, 'Familia'),
	(376, 30, 'B-2600'),
	(377, 30, 'GLC'),
	(378, 30, '30 Speed 3'),
	(379, 30, '30 Speed 6'),
	(380, 30, 'Miata MX-5'),
	(381, 30, 'Millenia'),
	(382, 30, 'MX-3'),
	(383, 30, 'MX-5'),
	(384, 30, 'MX-6'),
	(385, 30, 'Navajo'),
	(386, 30, 'Protage'),
	(387, 30, 'Protage-5'),
	(388, 30, 'RX-7'),
	(389, 30, 'RX-8'),
	(390, 30, 'Tribute'),
	(392, 32, 'Clubman'),
	(393, 32, 'Cooper'),
	(394, 32, 'Cooper Clubman'),
	(395, 32, 'Cooper Countryman'),
	(396, 32, 'Countryman'),
	(397, 32, '32'),
	(399, 33, '3000-GT'),
	(400, 33, 'Challenger'),
	(401, 33, 'Chariot'),
	(402, 33, 'Cordia'),
	(403, 33, 'Diamante'),
	(404, 33, 'Eclipse'),
	(405, 33, 'Endeavor'),
	(406, 33, 'Excel'),
	(407, 33, 'Expo'),
	(408, 33, 'Expo LRV'),
	(409, 33, 'Galant'),
	(410, 33, 'GTO'),
	(411, 33, 'I-Miev'),
	(412, 33, 'L-300'),
	(413, 33, 'Lancer'),
	(414, 33, 'Lancer Evolution'),
	(415, 33, 'Mighty Max'),
	(416, 33, 'Mighty Max Marco'),
	(417, 33, 'Mirage'),
	(418, 33, 'Montero'),
	(419, 33, 'Montero Sport'),
	(420, 33, 'Pajero'),
	(421, 33, 'Precis'),
	(422, 33, 'Raider'),
	(423, 33, 'RVR'),
	(424, 33, 'Sigma'),
	(425, 33, 'Space'),
	(426, 33, 'Starion'),
	(427, 33, 'Tredia'),
	(428, 33, 'Trition'),
	(429, 33, 'Truck'),
	(430, 33, 'Tundra'),
	(432, 35, 'Alcyone SVX'),
	(433, 35, 'B9 Tribeca'),
	(434, 35, 'Baja'),
	(435, 35, 'Brat'),
	(436, 35, 'BRZ'),
	(437, 35, 'Forester'),
	(438, 35, 'Impreza'),
	(439, 35, 'Impreza WRX'),
	(440, 35, 'Justy'),
	(441, 35, 'Legacy'),
	(442, 35, 'Leone'),
	(443, 35, 'Loyale'),
	(444, 35, 'Outback'),
	(445, 35, 'Outback Sport'),
	(446, 35, 'SVX'),
	(447, 35, 'Tribeca'),
	(448, 35, 'XT'),
	(450, 27, 'Defender'),
	(451, 27, 'Defender 110'),
	(452, 27, 'Defender 90'),
	(453, 27, 'Defender Ice Edition'),
	(454, 27, 'Discovery'),
	(455, 27, 'Discovery Series II'),
	(456, 27, 'Freelander'),
	(457, 27, 'LR-2'),
	(458, 27, 'LR-3'),
	(459, 27, 'LR-4'),
	(460, 27, 'Range Rover'),
	(461, 27, 'Range Rover Classic'),
	(462, 27, 'Range Rover Evoque'),
	(463, 27, 'Range Rover Sport'),
	(464, 27, 'Range Rover Voque'),
	(465, 27, 'Sterling'),
	(467, 1, 'CL'),
	(468, 1, 'Integra'),
	(469, 1, 'Legend'),
	(470, 1, 'MDX'),
	(471, 1, 'NSX'),
	(472, 1, 'RDX'),
	(473, 1, 'RL'),
	(474, 1, 'RSX'),
	(475, 1, 'SLX'),
	(476, 1, 'TL'),
	(477, 1, 'TSX'),
	(478, 1, 'Vigor'),
	(479, 1, 'ZDX'),
	(481, 2, '164'),
	(482, 2, 'Spider'),
	(483, 3, 'DB-9'),
	(484, 3, 'DB-9 Volante'),
	(485, 3, 'DBS'),
	(486, 3, 'V-12 Vantage'),
	(487, 3, 'V-8 Vantage'),
	(488, 3, 'V-8 Vantage S'),
	(489, 3, 'Vanquish S'),
	(490, 3, 'Vantage'),
	(491, 3, 'Virage'),
	(493, 4, 'A3'),
	(494, 4, 'A4'),
	(495, 4, 'A5'),
	(496, 4, 'A6'),
	(497, 4, 'A7'),
	(498, 4, 'A8'),
	(499, 4, 'Q5'),
	(500, 4, 'Q7'),
	(501, 4, 'Quattro'),
	(502, 4, '100'),
	(503, 4, '200'),
	(504, 4, '4000'),
	(505, 4, '4000CS Quattro'),
	(506, 4, '4000S'),
	(507, 4, '4000S Quattro'),
	(508, 4, '5000CS'),
	(509, 4, '5000CS Quattro'),
	(510, 4, '5000S'),
	(511, 4, '80'),
	(512, 4, '90'),
	(513, 4, 'Allroad'),
	(514, 4, 'Cabriolet'),
	(515, 4, 'Coupe GT'),
	(516, 4, 'Coupe Quattro'),
	(517, 4, 'R8'),
	(518, 4, 'Riolet'),
	(519, 4, 'RS-4'),
	(520, 4, 'RS-6'),
	(521, 4, 'S4'),
	(522, 4, 'S5'),
	(523, 4, 'S6'),
	(524, 4, 'S8'),
	(525, 4, 'TT'),
	(526, 4, 'V8'),
	(528, 5, 'Arnage'),
	(529, 5, 'Azure'),
	(530, 5, 'Azure T'),
	(531, 5, 'Brooklands'),
	(532, 5, 'Continental'),
	(533, 5, 'Continental Flying Spur'),
	(534, 5, 'Continental GT'),
	(535, 5, 'Continental GTC'),
	(536, 5, 'Continental Super'),
	(537, 5, 'Mulsanne'),
	(539, 6, 'X3'),
	(540, 6, 'X5'),
	(541, 6, 'X5 M'),
	(542, 6, 'X6'),
	(543, 6, 'X6 M'),
	(544, 6, '1 Series'),
	(545, 6, '3 Series'),
	(546, 6, '325'),
	(547, 6, '330'),
	(548, 6, '5 Series'),
	(549, 6, '525'),
	(550, 6, '530'),
	(551, 6, '545'),
	(552, 6, '550'),
	(553, 6, '6 Series'),
	(554, 6, '600'),
	(555, 6, '645'),
	(556, 6, '650'),
	(557, 6, '7 Series'),
	(558, 6, '740'),
	(559, 6, '750'),
	(560, 6, '760'),
	(561, 6, '8 Series'),
	(562, 6, 'Alpina B7'),
	(563, 6, 'M'),
	(564, 6, 'M Roadster'),
	(565, 6, 'M3'),
	(566, 6, 'M5'),
	(567, 6, 'M6'),
	(568, 6, 'Z3'),
	(569, 6, 'Z4'),
	(570, 6, 'Z4 M'),
	(571, 6, 'Z4 M Roadster'),
	(572, 6, 'Z8'),
	(573, 7, 'Century'),
	(574, 7, 'Coachbuilder'),
	(575, 7, 'Electra'),
	(576, 7, 'Enclave'),
	(577, 7, 'Estate'),
	(578, 7, 'Hearse'),
	(579, 7, 'La Crosse'),
	(580, 7, 'Le Sabre'),
	(581, 7, 'Lucerne'),
	(582, 7, 'Park Avenue'),
	(583, 7, 'Rainier'),
	(584, 7, 'Reatta'),
	(585, 7, 'Regal'),
	(586, 7, 'Rendezvous'),
	(587, 7, 'Riviera'),
	(588, 7, 'Roadmaster'),
	(589, 7, 'Skyhawk'),
	(590, 7, 'Skylark'),
	(591, 7, 'Sumerset'),
	(592, 7, 'Special'),
	(593, 7, 'Terraza'),
	(594, 7, 'Verano'),
	(596, 8, 'Allante'),
	(597, 8, 'Brougham'),
	(598, 8, 'Catera'),
	(599, 8, 'CTS'),
	(600, 8, 'CTS-V'),
	(601, 8, 'De Ville'),
	(602, 8, 'DTS'),
	(603, 8, 'Eldorado'),
	(604, 8, 'Escalade'),
	(605, 8, 'Escalade ESV'),
	(606, 8, 'Escalade EXT'),
	(607, 8, 'Fleetwood'),
	(608, 8, 'Seville'),
	(609, 8, 'Sixty Special'),
	(610, 8, 'SRX'),
	(611, 8, 'STS'),
	(612, 8, 'STS-V'),
	(613, 8, 'XLR'),
	(614, 8, 'XLR-V'),
	(616, 10, '200'),
	(617, 10, '300'),
	(618, 10, '300C'),
	(619, 10, '300M'),
	(620, 10, 'Aspen'),
	(621, 10, 'Cirrus'),
	(622, 10, 'Concord'),
	(623, 10, 'Crossfire'),
	(624, 10, 'Crossfire Roadster'),
	(625, 10, 'Fifth Ave'),
	(626, 10, 'Grand Voyagar'),
	(627, 10, 'Imperial'),
	(628, 10, 'Le Baron'),
	(629, 10, 'LHS'),
	(630, 10, 'New Yorker'),
	(631, 10, 'Pacifica'),
	(632, 10, 'Prowler'),
	(633, 10, 'PT Cruiser'),
	(634, 10, 'Sebring'),
	(635, 10, 'Voyoger'),
	(637, 11, '2CV'),
	(638, 11, 'CX'),
	(639, 11, 'SM'),
	(640, 12, 'Lanos'),
	(641, 12, 'Leganza'),
	(642, 12, 'Nibira'),
	(644, 13, 'Aries'),
	(645, 13, 'Aspen'),
	(646, 13, 'Avenger'),
	(647, 13, 'Caliber'),
	(648, 13, 'Caravan'),
	(649, 13, 'Challenger'),
	(650, 13, 'Colt'),
	(651, 13, 'D 150'),
	(652, 13, 'D 150 Club'),
	(653, 13, 'D 250'),
	(654, 13, 'D 250 Club'),
	(655, 13, 'D 350'),
	(656, 13, 'D 350 Club'),
	(657, 13, 'Dakota'),
	(658, 13, 'Dakota'),
	(659, 13, 'Daytona'),
	(660, 13, 'Durango'),
	(661, 13, 'Dynasty'),
	(662, 13, 'Grand Caravan'),
	(663, 13, 'Intrepid'),
	(664, 13, 'Journey'),
	(665, 13, 'Magnum'),
	(666, 13, 'Monaco'),
	(667, 13, 'Neon'),
	(668, 13, 'Nitro'),
	(669, 13, 'Omni'),
	(670, 13, 'Ram'),
	(671, 13, 'Ram 1500'),
	(672, 13, 'Ram 1500 Club'),
	(673, 13, 'Ram 2500'),
	(674, 13, 'Ram 2500 Club'),
	(675, 13, 'Ram 3500'),
	(676, 13, 'Ram 3500 Club'),
	(677, 13, 'Ram 50'),
	(678, 13, 'Ram Van 1500'),
	(679, 13, 'Ram Van 2500'),
	(680, 13, 'Ram Van 3500'),
	(681, 13, 'Ram Van B150'),
	(682, 13, 'Ram Van B250'),
	(683, 13, 'Ram Van B350'),
	(684, 13, 'Ram Wagon B150'),
	(685, 13, 'Ram Wagon B250'),
	(686, 13, 'Ram Wagon B350'),
	(687, 13, 'Ram Charger'),
	(688, 13, 'Shadow'),
	(689, 13, 'Spirit'),
	(690, 13, 'Sprinter'),
	(691, 13, 'Stealth'),
	(692, 13, 'Stratus'),
	(693, 13, 'Viper'),
	(694, 13, 'Viper RT/10'),
	(696, 14, '430 Scuderia'),
	(697, 14, '458 Italia'),
	(698, 14, '599 GTB Fiorano'),
	(699, 14, '612 Scaglietti'),
	(700, 14, 'California'),
	(701, 14, 'F430'),
	(702, 14, 'F430 Spider'),
	(703, 14, 'FF'),
	(705, 15, '500'),
	(706, 15, 'Nuova 500'),
	(708, 17, '1500'),
	(709, 17, '1500 Club Coupe'),
	(710, 17, '2500'),
	(711, 17, '2500 Club Coupe'),
	(712, 17, '3500'),
	(713, 17, '3500 Club Coupe'),
	(714, 17, 'Acadia'),
	(715, 17, 'Canyon'),
	(716, 17, 'Envoy'),
	(717, 17, 'Envoy XL'),
	(718, 17, 'Envoy XUV'),
	(719, 17, 'EV1'),
	(720, 17, 'Jimmy'),
	(721, 17, 'Rally Wagon 1500'),
	(722, 17, 'Rally Wagon 2500'),
	(723, 17, 'Rally Wagon 3500'),
	(724, 17, 'Rally Wagon G2500'),
	(725, 17, 'Rallly Wagon G3500'),
	(726, 17, 'Safari'),
	(727, 17, 'Savana'),
	(728, 17, 'Savana 1500'),
	(729, 17, 'Savana 2500'),
	(730, 17, 'Savana Cargo Van'),
	(731, 17, 'Sierra 1500'),
	(732, 17, 'Sierra 2500'),
	(733, 17, 'Sierra 2500HD'),
	(734, 17, 'Sierra 3500'),
	(735, 17, 'Sierra 3500HD'),
	(736, 17, 'Sierra Denali'),
	(737, 17, 'Sierra Hybrid'),
	(738, 17, 'Sonoma'),
	(739, 17, 'Sonoma Club'),
	(740, 17, 'Sonoma Club Coupe'),
	(741, 17, 'Suburban 1500'),
	(742, 17, 'Suburban 2500'),
	(743, 17, 'Terrain'),
	(744, 17, 'Vandura 1500'),
	(745, 17, 'Vandura 2500'),
	(746, 17, 'Vandura 3500'),
	(747, 17, 'Vandura G1500'),
	(748, 17, 'Vandura G2500'),
	(749, 17, 'Vandura G3500'),
	(750, 17, 'Yukon'),
	(751, 17, 'Yukon Denali'),
	(752, 17, 'Yukon XL'),
	(753, 17, 'Yukon XL 1500'),
	(754, 17, 'Yukon XL 2500'),
	(756, 19, 'H1'),
	(757, 19, 'H2'),
	(758, 19, 'H2 Sut'),
	(759, 19, 'H2 Suv'),
	(760, 19, 'H3'),
	(761, 19, 'H3 T'),
	(763, 21, 'EX'),
	(764, 21, 'FX'),
	(765, 21, 'G'),
	(766, 21, 'G25'),
	(767, 21, 'G35'),
	(768, 21, 'G37'),
	(769, 21, 'I'),
	(770, 21, 'IPL G'),
	(771, 21, 'J'),
	(772, 21, 'JX'),
	(773, 21, 'M'),
	(774, 21, 'Q'),
	(775, 21, 'QX'),
	(776, 21, 'QX 56'),
	(778, 22, 'Amigo'),
	(779, 22, 'Ascender'),
	(780, 22, 'Axiom'),
	(781, 22, 'Hombre'),
	(782, 22, 'Hombre Space'),
	(783, 22, 'I-280'),
	(784, 22, 'I-290'),
	(785, 22, 'I-350'),
	(786, 22, 'I-370'),
	(787, 22, 'I-Series'),
	(788, 22, 'Impulse'),
	(789, 22, 'Oasis'),
	(790, 22, 'Rodeo'),
	(791, 22, 'Rodeo Sport'),
	(792, 22, 'Space'),
	(793, 22, 'Stylus'),
	(794, 22, 'Trooper'),
	(795, 22, 'Vehi Cross'),
	(797, 24, 'Cherokee'),
	(798, 24, 'Comanche'),
	(799, 24, 'Commander'),
	(800, 24, 'Grand Cherokee'),
	(801, 24, 'Liberty'),
	(802, 24, 'Patriot'),
	(803, 24, 'Wrangler'),
	(805, 26, 'Aventador'),
	(806, 26, 'Countach'),
	(807, 26, 'Diablo'),
	(808, 26, 'Gallardo'),
	(809, 26, 'Murciélago'),
	(810, 26, 'Murciélago LP640'),
	(811, 26, 'Reventón'),
	(813, 29, '228'),
	(814, 29, '430'),
	(815, 29, 'Biturbo'),
	(816, 29, 'Coupe'),
	(817, 29, 'Grand Sport'),
	(818, 29, 'Grand Turismo'),
	(819, 29, 'Karif'),
	(820, 29, 'Quattroporte'),
	(821, 29, 'Spyder'),
	(823, 31, '190E'),
	(824, 31, '300CE'),
	(825, 31, '300D'),
	(826, 31, '300E'),
	(827, 31, '300SD'),
	(828, 31, '300SE'),
	(829, 31, '300SL'),
	(830, 31, '300TE'),
	(831, 31, '400E'),
	(832, 31, '400SE'),
	(833, 31, '400SEL'),
	(834, 31, '500E'),
	(835, 31, '500SEC'),
	(836, 31, '500SEL'),
	(837, 31, '500SL'),
	(838, 31, '600SEC'),
	(839, 31, '600SEL'),
	(840, 31, '600SL'),
	(841, 31, 'C-Class'),
	(842, 31, 'CL-Class'),
	(843, 31, 'CL65 AMG'),
	(844, 31, 'CLK-Class'),
	(845, 31, 'CLS-Class'),
	(846, 31, 'E-Class'),
	(847, 31, 'G-Class'),
	(848, 31, 'G55 AMG'),
	(849, 31, 'GL-Class'),
	(850, 31, 'GLK-Class'),
	(851, 31, 'M-Class'),
	(852, 31, 'R-Class'),
	(853, 31, 'S-Class'),
	(854, 31, 'SL-Class'),
	(855, 31, 'SL65 AMG'),
	(856, 31, 'SLK-Class'),
	(857, 31, 'SLK55 AMG'),
	(858, 31, 'SLR McLaren'),
	(859, 31, 'SLS AMG'),
	(860, 31, 'SLS-Class'),
	(861, 31, 'Sprinter'),
	(862, 31, 'Sprinter 2500'),
	(863, 31, 'Sprinter 3500'),
	(864, 31, 'W123'),
	(865, 31, 'W126'),
	(866, 31, 'W201'),
	(867, 39, 'Ghost'),
	(868, 39, 'Phantom');
/*!40000 ALTER TABLE `car_model` ENABLE KEYS */;

-- Dumping structure for table khmercar.car_overview
CREATE TABLE IF NOT EXISTS `car_overview` (
  `car_id` int(11) NOT NULL AUTO_INCREMENT,
  `model_id` int(11) NOT NULL,
  `brand_id` int(11) NOT NULL,
  `year` int(11) DEFAULT '0',
  `created_by` int(11) NOT NULL,
  `content` mediumtext,
  `specification` mediumtext,
  `created_date` datetime DEFAULT NULL,
  `updated_date` datetime DEFAULT NULL,
  PRIMARY KEY (`car_id`)
) ENGINE=InnoDB DEFAULT CHARSET=utf8;

-- Dumping data for table khmercar.car_overview: ~0 rows (approximately)
/*!40000 ALTER TABLE `car_overview` DISABLE KEYS */;
/*!40000 ALTER TABLE `car_overview` ENABLE KEYS */;

-- Dumping structure for table khmercar.car_photo
CREATE TABLE IF NOT EXISTS `car_photo` (
  `photo_id` int(11) NOT NULL AUTO_INCREMENT,
  `car_id` int(11) NOT NULL,
  `photo_url` varchar(250) NOT NULL,
  `width` int(11) DEFAULT NULL,
  `height` int(11) DEFAULT NULL,
  `primary_photo` enum('T','F') NOT NULL DEFAULT 'F',
  `removed` enum('T','F') NOT NULL DEFAULT 'F',
  PRIMARY KEY (`photo_id`)
) ENGINE=InnoDB AUTO_INCREMENT=996 DEFAULT CHARSET=utf8;

-- Dumping data for table khmercar.car_photo: ~995 rows (approximately)
/*!40000 ALTER TABLE `car_photo` DISABLE KEYS */;
INSERT INTO `car_photo` (`photo_id`, `car_id`, `photo_url`, `width`, `height`, `primary_photo`, `removed`) VALUES
	(1, 1, '//s4.kh1.co/cb/cba6936a752ff45140af7720c00ec6b4595c0afe.jpg', 1000, 750, 'T', 'F'),
	(2, 1, '//s4.kh1.co/94/945f01561e19c33c149d2ddff87b30aed838050f.jpg', 1000, 750, 'F', 'F'),
	(3, 1, '', NULL, NULL, 'F', 'T'),
	(4, 1, '//s4.kh1.co/69/69a5968a281402f01fe050f502e6eea5f1a77cb6.jpg', 1000, 750, 'F', 'F'),
	(5, 1, '', NULL, NULL, 'F', 'T'),
	(6, 1, '//s4.kh1.co/0e/0e2f3b7efb2f36575f1726880b820d5ddc9b86c2.jpg', 1000, 750, 'F', 'F'),
	(7, 1, '//s5.kh1.co/d7/d780deb799faad386e2422c354a7d4e3b1fa9d5b.jpg', 1000, 750, 'F', 'F'),
	(8, 1, '//s6.kh1.co/2e/2e5d5ed5a69be5e3172361d091592a0d711024e9.jpg', 1000, 750, 'F', 'F'),
	(9, 1, '//s5.kh1.co/46/4694afa4e083cae73e8f871fb7cfcc20acdc66cf.jpg', 1000, 750, 'F', 'F'),
	(10, 2, '', NULL, NULL, 'F', 'T'),
	(11, 2, '', NULL, NULL, 'F', 'T'),
	(12, 2, '', NULL, NULL, 'F', 'T'),
	(13, 2, '', NULL, NULL, 'F', 'T'),
	(14, 2, '', NULL, NULL, 'F', 'T'),
	(15, 2, '//s4.kh1.co/61/61d061efb9eb9dd962f283c0923583dfa251304b.jpg', 1000, 750, 'F', 'T'),
	(16, 2, '//s4.kh1.co/c7/c731bbb3e90b1e8bf5bbbcf54a6fd069526528f3.jpg', 1000, 750, 'F', 'T'),
	(17, 2, '', NULL, NULL, 'F', 'T'),
	(18, 2, '', NULL, NULL, 'F', 'T'),
	(19, 2, '', NULL, NULL, 'F', 'T'),
	(20, 2, '', NULL, NULL, 'F', 'T'),
	(21, 2, '', NULL, NULL, 'F', 'T'),
	(22, 2, '//s6.kh1.co/b1/b105c6ca25e08ecfe409db6e268f89c6771f69c8.jpg', 1000, 750, 'T', 'F'),
	(23, 2, '//s5.kh1.co/72/72f08e6e3629a945250f477529ee04c8a798233c.jpg', 1000, 750, 'F', 'F'),
	(24, 2, '//s4.kh1.co/f7/f758dd21c27c93319ca2bf2f4203212b310fc2ac.jpg', 1000, 750, 'F', 'F'),
	(25, 2, '//s4.kh1.co/c3/c3c29c3e340b62c793a5319f2f8fa32b34ea5ab4.jpg', 1000, 750, 'F', 'F'),
	(26, 2, '//s6.kh1.co/5f/5f98c5658598de3000ac723ce38e76ca915fd107.jpg', 1000, 750, 'F', 'F'),
	(27, 2, '//s4.kh1.co/f7/f728148a67577f4ec9cf8c8b035a60396a28f764.jpg', 1000, 750, 'F', 'F'),
	(28, 2, '//s4.kh1.co/6a/6ae1af3887f86b70697234c7d94ebae230750605.jpg', 1000, 750, 'F', 'F'),
	(29, 2, '//s4.kh1.co/00/00f0e106ee19a046135e51cf163ad2614154f201.jpg', 1000, 750, 'F', 'F'),
	(30, 2, '//s4.kh1.co/00/004a733b986759fed06fcfa3072b1053d0c06eea.jpg', 1000, 750, 'F', 'F'),
	(31, 3, '//s6.kh1.co/e7/e7ee4df9dbc3af78ccc34f2662314c614d05cc88.jpg', 1000, 750, 'F', 'F'),
	(32, 3, '//s4.kh1.co/ff/fff6ba381f1b6a776e7d946c2d92826c8e6ae70a.jpg', 1000, 750, 'T', 'F'),
	(33, 3, '//s5.kh1.co/1f/1f557796b4526577bac546c819e550478350a8c2.jpg', 1000, 750, 'F', 'F'),
	(34, 3, '//s5.kh1.co/1f/1f557796b4526577bac546c819e550478350a8c2.jpg', 1000, 750, 'F', 'T'),
	(35, 3, '//s6.kh1.co/55/55a5f1afe1d83b979197ba9cfdece071c259fbbf.jpg', 1000, 750, 'F', 'F'),
	(36, 3, '//s5.kh1.co/de/dede74a6fc49d0e2fbbcb36848783e640ef51078.jpg', 1000, 750, 'F', 'F'),
	(37, 3, '//s6.kh1.co/5e/5e0e6d388330f059eb5f4b70597b278b324e2406.jpg', 1000, 750, 'F', 'F'),
	(38, 3, '//s6.kh1.co/2a/2aa5af409fea2e73a0cc0e04c7a4afcc426b28c4.jpg', 1000, 750, 'F', 'F'),
	(39, 3, '//s6.kh1.co/2a/2aa5af409fea2e73a0cc0e04c7a4afcc426b28c4.jpg', 1000, 750, 'F', 'T'),
	(40, 3, '//s4.kh1.co/32/32e8c292b91ba0abb8f73f9e4ad4eeee85d0764d.jpg', 1000, 750, 'F', 'F'),
	(41, 3, '//s4.kh1.co/09/0964ac2eaed83d4495547bfcf2e98ee073e4cf9f.jpg', 1000, 750, 'F', 'F'),
	(42, 4, '//s6.kh1.co/26/26524fcc9bea6250e8c4de121695ff196cd2bdec.jpg', 1000, 750, 'T', 'F'),
	(43, 4, '//s6.kh1.co/e7/e70c7e11ce7a8846d7073568d14a44be8531d684.jpg', 1000, 750, 'F', 'F'),
	(44, 4, '//s5.kh1.co/d2/d20e60bd0dd896b7a00414afabee2e5321e33c73.jpg', 1000, 750, 'F', 'F'),
	(45, 4, '//s4.kh1.co/64/649c5704634d40a5e9dd9245212dd6c6ed2ee45c.jpg', 1000, 750, 'F', 'F'),
	(46, 4, '//s6.kh1.co/ed/ed2028fb70234c3ec106d9038a0942b4586ac120.jpg', 1000, 750, 'F', 'F'),
	(47, 4, '//s6.kh1.co/5d/5d857a732925e10461a65708aba0e927c7bc0a35.jpg', 1000, 750, 'F', 'F'),
	(48, 4, '//s5.kh1.co/da/da4ed552b7d9033475ed0dec0b9e2daf7cf83ea4.jpg', 1000, 750, 'F', 'F'),
	(49, 4, '//s5.kh1.co/aa/aaaf9491b2d15c5fc8546be2d97f6a05884731fb.jpg', 1000, 750, 'F', 'F'),
	(50, 5, '//s5.kh1.co/1b/1bc85c812d476bbf8ea17952ca97ca798c526790.jpg', 1000, 750, 'T', 'F'),
	(51, 5, '//s5.kh1.co/17/179adf6264bb936d1968d64dea14b272ecd5588d.jpg', 1000, 750, 'F', 'F'),
	(52, 5, '//s4.kh1.co/f1/f1dcea461862a6ab82b1275be2138f8353a30c39.jpg', 1000, 750, 'F', 'F'),
	(53, 5, '//s5.kh1.co/7c/7c251143f266603cb203eaa61c47074d5972f57c.jpg', 1000, 750, 'F', 'F'),
	(54, 5, '//s5.kh1.co/d4/d46465cb144f9ea9a1e1258611e514b35e37b715.jpg', 1000, 750, 'F', 'F'),
	(55, 5, '//s4.kh1.co/92/92840c2e74d86fe84a88f2aaa1da8f13dda37a9b.jpg', 1000, 750, 'F', 'F'),
	(56, 5, '//s4.kh1.co/69/69bec4d0475bd304dad68b6c68783f43cc54016d.jpg', 1000, 750, 'F', 'F'),
	(57, 5, '//s4.kh1.co/c2/c207566ff8df188c1fd2096b2b92e9e49d343add.jpg', 1000, 750, 'F', 'F'),
	(58, 5, '//s6.kh1.co/8f/8fdfde4701350fae179dc46e29f8050216df621c.jpg', 1000, 750, 'F', 'F'),
	(59, 6, '//s6.kh1.co/51/51c4b52e6690173cbac7e90f1348de8ccf1092a0.jpg', 1000, 750, 'T', 'F'),
	(60, 6, '//s5.kh1.co/d6/d6561805d548f544e963191808f2d2b82af6d9d5.jpg', 1000, 750, 'F', 'F'),
	(61, 6, '//s4.kh1.co/9d/9d7e341ba79243647aa58321ddbd27a69d650f3a.jpg', 1000, 750, 'F', 'F'),
	(62, 6, '//s6.kh1.co/27/27f0c03b356ef7f5c9af2438dd6999ae4c88791c.jpg', 1000, 750, 'F', 'F'),
	(63, 6, '//s5.kh1.co/45/453d0d5bd2c910cf2e4a84c931e39fa97037a363.jpg', 1000, 750, 'F', 'F'),
	(64, 6, '//s4.kh1.co/69/69bec4d0475bd304dad68b6c68783f43cc54016d.jpg', 1000, 750, 'F', 'F'),
	(65, 6, '//s6.kh1.co/e8/e8e4780f7e1df994d8102d08d44e0b7ceb5b6a65.jpg', 1000, 750, 'F', 'F'),
	(66, 6, '//s4.kh1.co/96/9600ebd28fcbe54a6399c80fbde339e2f4f7bf46.jpg', 1000, 750, 'F', 'F'),
	(67, 7, '//s5.kh1.co/ae/aeb636b1554cc7a51f4e698d0b4b88d8a4aba910.jpg', 1000, 750, 'T', 'F'),
	(68, 7, '//s6.kh1.co/b3/b30ea154b4926d82f887bd00e26a69fdb2fa9278.jpg', 1000, 750, 'F', 'F'),
	(69, 7, '//s5.kh1.co/a4/a476c6dc014cd292f001160dfb4bdfc912644c62.jpg', 1000, 750, 'F', 'F'),
	(70, 7, '//s6.kh1.co/b4/b494af90d6ef9d9a8634d5d5168ecb7a8631b5b2.jpg', 1000, 750, 'F', 'F'),
	(71, 7, '//s4.kh1.co/9f/9f9965cc178c88e4564a36d77fa4cd88f879a2ce.jpg', 1000, 750, 'F', 'F'),
	(72, 7, '//s5.kh1.co/af/af522fc89b0d807117f4fb78d98d272499b7c02e.jpg', 1000, 750, 'F', 'F'),
	(73, 7, '//s4.kh1.co/0f/0ff9dcdcebe604a8844f01e2372d434d4e0cf3cd.jpg', 1000, 750, 'F', 'F'),
	(74, 7, '//s5.kh1.co/79/7935ee225332cedfff92d4444b6858391653a0a1.jpg', 1000, 750, 'F', 'F'),
	(75, 8, '//s4.kh1.co/9e/9eb12f7cecc135fdfc053a56c174a6c26e79ff0f.jpg', 1000, 750, 'T', 'F'),
	(76, 8, '//s5.kh1.co/48/481d9e03bc635c048372a7059b3e30c785f36fd2.jpg', 1000, 750, 'F', 'F'),
	(77, 8, '//s4.kh1.co/c3/c3e59be3ce2ad51a2c9fb492606189fb389949c8.jpg', 1000, 750, 'F', 'F'),
	(78, 8, '//s6.kh1.co/8d/8db8220e25b256e05be24c8b932c27da16b9f7bc.jpg', 1000, 750, 'F', 'F'),
	(79, 8, '//s5.kh1.co/42/4227b39ec7593620621ae3a77d4799c10463e311.jpg', 1000, 750, 'F', 'F'),
	(80, 8, '//s5.kh1.co/d9/d9408440188f1cc0fe29a8bdc04427a3c0c29cbb.jpg', 1000, 750, 'F', 'F'),
	(81, 8, '//s5.kh1.co/72/72581f6489427036c9665f94459b0ac0838fdd8a.jpg', 1000, 750, 'F', 'F'),
	(82, 8, '//s4.kh1.co/c9/c91217cf4c91ac9bb8e76cb155d9675004f8900b.jpg', 1000, 750, 'F', 'F'),
	(83, 9, '//s6.kh1.co/b1/b1e9ec24e069962adc7b86a89f880c3ed8e873e1.jpg', 1000, 750, 'F', 'F'),
	(84, 9, '//s6.kh1.co/55/5558706d33729fd3ade702da3ea8798d6c4b2acf.jpg', 1000, 750, 'F', 'F'),
	(85, 9, '//s5.kh1.co/43/43e45d71ccc7d721efcde751fa023b8ac2ab3822.jpg', 1000, 750, 'F', 'F'),
	(86, 9, '//s5.kh1.co/18/18748ce7e606d5e515f54a1c51af9f32e70d73d0.jpg', 1000, 750, 'F', 'F'),
	(87, 9, '//s4.kh1.co/04/04ed2a3c922e298ac219a4a119f2d150e1569a52.jpg', 1000, 750, 'F', 'F'),
	(88, 9, '//s6.kh1.co/26/2688ccd9ee094756edea8cd34c1d7b0a210748e5.jpg', 1000, 750, 'F', 'F'),
	(89, 9, '//s6.kh1.co/b8/b82f2fb3c68e15f437338f77e81ecb03a30e5872.jpg', 1000, 750, 'F', 'F'),
	(90, 9, '//s5.kh1.co/d1/d106b1a688c1382bbea09acbe407671dd686abf6.jpg', 1000, 750, 'F', 'F'),
	(91, 9, '//s6.kh1.co/b9/b9ce8d958c3cce241169332e93428585911256e9.png', 1000, 562, 'F', 'F'),
	(92, 10, '//s4.kh1.co/98/98a57860c0c1f3b3d725b81669afbec67aa214f0.jpg', 1000, 750, 'T', 'F'),
	(93, 10, '//s5.kh1.co/a1/a1f4fe474fe40bddf35db9dcc279988812ab0b5f.jpg', 1000, 750, 'F', 'F'),
	(94, 10, '//s5.kh1.co/de/de31f84009fe5e94f78e8b3312801163c5a938d2.jpg', 1000, 750, 'F', 'F'),
	(95, 10, '//s4.kh1.co/ce/ce00c923bba314c900d2a2d83b0bfd9e0dd5de2c.jpg', 1000, 750, 'F', 'F'),
	(96, 10, '//s4.kh1.co/62/62f6ae019eff8fe751eb3411d1d51650814095cd.jpg', 1000, 750, 'F', 'F'),
	(97, 10, '//s4.kh1.co/0a/0adc9ec33e5b474b895c3414a853b20f5f091f45.jpg', 1000, 750, 'F', 'F'),
	(98, 10, '//s6.kh1.co/bf/bf5513445ed5c35a4f28cc25477446dd8a4bfff3.jpg', 1000, 750, 'F', 'F'),
	(99, 10, '//s4.kh1.co/65/6507f6362fded98bc4ccf10bd7d850216bdf9382.jpg', 1000, 750, 'F', 'F'),
	(100, 10, '//s5.kh1.co/13/13aeeeee4ac14b941692a0910632efa8bdc95be3.jpg', 1000, 750, 'F', 'F'),
	(101, 10, '//s5.kh1.co/45/451fe3c51a9c65bc154daa455746ff2995605dfb.jpg', 1000, 750, 'F', 'F'),
	(102, 11, '//s5.kh1.co/16/169839b5ac9e6101184c3316fab39d213f8d8f0b.jpg', 1000, 750, 'F', 'F'),
	(103, 11, '//s5.kh1.co/44/44db2d7fb3df035b3f47b69aee7cf0462af928c3.jpg', 1000, 750, 'F', 'F'),
	(104, 11, '//s6.kh1.co/89/89a33969950c4d8bafd8aab6a228809f4530c31a.jpg', 1000, 750, 'F', 'F'),
	(105, 11, '//s4.kh1.co/fe/feb0f14071e7ce0d1b55df0af324d1a97af831e4.jpg', 1000, 750, 'F', 'F'),
	(106, 11, '//s6.kh1.co/87/873f6cb9eddfa4224ffb55ba9e96905c217d6549.jpg', 1000, 750, 'F', 'F'),
	(107, 11, '//s6.kh1.co/2d/2d0e9370f5f0d1e7f83c3e02e3071ea45bbf96c1.jpg', 1000, 750, 'F', 'F'),
	(108, 11, '//s6.kh1.co/bf/bfa35afccb2c25ac329e7c87471a3c244755d8a7.jpg', 1000, 750, 'F', 'F'),
	(109, 11, '//s5.kh1.co/11/11f5768bc38efd9b7892111391f06dfdea395bb0.jpg', 1000, 750, 'F', 'F'),
	(110, 11, '//s5.kh1.co/1d/1d1e6a2e5325e3d685f154243bbcda53bed7b149.jpg', 1000, 750, 'F', 'F'),
	(111, 11, '//s5.kh1.co/7d/7dafb3e074fc29a6ad1938fe964004f3b083cb76.jpg', 720, 540, 'F', 'F'),
	(112, 11, '//s6.kh1.co/89/894c1927206e3a4e5d85bf85149036a81f755f41.jpg', 1000, 750, 'F', 'F'),
	(113, 12, '//s5.kh1.co/d6/d6e315332b5a14cb8b3dd4dfe91e1b1408bb4bcc.jpg', 1000, 741, 'F', 'T'),
	(114, 13, '//s6.kh1.co/ba/ba177aa8498b3d8f013976e12c4331fa19b994c3.jpg', 600, 450, 'T', 'F'),
	(115, 13, '//s5.kh1.co/76/76b6e955df9d88dcfe63e55a442ecfd9eb9330dc.jpg', 600, 450, 'F', 'F'),
	(116, 13, '//s6.kh1.co/8c/8c54b62a6f418168b0214884f814457ca7bc4477.jpg', 600, 450, 'F', 'F'),
	(117, 16, '//s5.kh1.co/40/40f52952f124bf183492bb75483011920a2289d7.jpg', 960, 696, 'F', 'T'),
	(118, 16, '//s5.kh1.co/40/40f52952f124bf183492bb75483011920a2289d7.jpg', 960, 696, 'T', 'F'),
	(119, 17, '//s6.kh1.co/85/85cfc3e9766f8a78bc7117fb884a8c5ee5d40bf7.jpg', 480, 370, 'F', 'F'),
	(120, 17, '//s6.kh1.co/b6/b6dac625b0886377c5431e7d4a693fd9d1082d7e.jpg', 960, 720, 'T', 'F'),
	(121, 17, '//s4.kh1.co/cf/cfba6943609967255d274a980a02fbd1fa9278f7.jpg', 960, 720, 'F', 'F'),
	(122, 17, '//s6.kh1.co/5a/5a8ff140388b6c25cb8159bd3b2d4b1b81638231.jpg', 790, 670, 'F', 'F'),
	(123, 18, '//s4.kh1.co/69/69544c04c841977c78f51a219d3bfe17cfc419fd.jpg', 720, 960, 'F', 'F'),
	(124, 18, '//s4.kh1.co/93/936de12df040b3dcc7f88e3b1ec75bdafb48445f.jpg', 720, 960, 'F', 'F'),
	(125, 18, '//s5.kh1.co/74/7435fea2085b7207ee17ecce8fc5cf1d69a82487.jpg', 405, 720, 'F', 'F'),
	(126, 18, '//s5.kh1.co/d3/d38a9ba76647d83beed43e81166bec451699ea45.png', 688, 400, 'T', 'T'),
	(127, 18, '//s6.kh1.co/ea/eac9623ee211ee5f6a8330a3cebd30f246c90366.jpg', 445, 188, 'F', 'T'),
	(128, 18, '//s4.kh1.co/99/99bfe51afc9f1d8445ffc4b13d9cdac1869d5ebc.jpg', 395, 241, 'F', 'F'),
	(129, 19, '//s5.kh1.co/1d/1db44ffeea2f068a1542b77c1ea6352c41391f04.jpg', 960, 720, 'T', 'F'),
	(130, 19, '//s6.kh1.co/84/840e260bc3b48a8e4ca3db62c17c84844759af33.jpg', 720, 960, 'F', 'T'),
	(131, 19, '//s4.kh1.co/64/642b13169f0751244e72350cfadf6b50c89f51b7.jpg', 960, 720, 'F', 'F'),
	(132, 19, '//s5.kh1.co/1d/1db44ffeea2f068a1542b77c1ea6352c41391f04.jpg', 960, 720, 'F', 'F'),
	(133, 19, '//s6.kh1.co/84/840e260bc3b48a8e4ca3db62c17c84844759af33.jpg', 720, 960, 'F', 'T'),
	(134, 19, '//s4.kh1.co/64/642b13169f0751244e72350cfadf6b50c89f51b7.jpg', 960, 720, 'F', 'T'),
	(135, 19, '//s5.kh1.co/1d/1db44ffeea2f068a1542b77c1ea6352c41391f04.jpg', 960, 720, 'F', 'T'),
	(136, 19, '//s6.kh1.co/84/840e260bc3b48a8e4ca3db62c17c84844759af33.jpg', 720, 960, 'F', 'F'),
	(137, 19, '//s4.kh1.co/64/642b13169f0751244e72350cfadf6b50c89f51b7.jpg', 960, 720, 'F', 'T'),
	(138, 19, '//s5.kh1.co/1d/1db44ffeea2f068a1542b77c1ea6352c41391f04.jpg', 960, 720, 'F', 'T'),
	(139, 19, '//s6.kh1.co/84/840e260bc3b48a8e4ca3db62c17c84844759af33.jpg', 720, 960, 'F', 'F'),
	(140, 19, '//s4.kh1.co/64/642b13169f0751244e72350cfadf6b50c89f51b7.jpg', 960, 720, 'F', 'T'),
	(141, 20, '//s5.kh1.co/ab/ab8f0efaa67c2b5fa1e3edf61affc8d6f52086be.jpg', 960, 720, 'F', 'F'),
	(142, 20, '//s4.kh1.co/05/05d2c3f79eb7f0a3952d0edc695dbf04d0504903.jpg', 960, 720, 'F', 'F'),
	(143, 20, '//s6.kh1.co/e2/e2d8d14ea0bd7efff6a5b406655b780f32c462dd.jpg', 960, 720, 'F', 'F'),
	(144, 20, '//s5.kh1.co/77/77688b5169f59ddf863426c58200bd75bc79fc9d.jpg', 960, 720, 'T', 'F'),
	(145, 21, '//s4.kh1.co/fa/fa5d387af432374e8ab6fccffa58504e8ccb0ff9.jpg', 960, 540, 'F', 'F'),
	(146, 21, '//s4.kh1.co/c7/c7606cc7556465608b95d43e4a68de789b9b35ea.jpg', 960, 540, 'F', 'T'),
	(147, 21, '//s4.kh1.co/f6/f655d40713efcb2068ac0c7404fd5359fa12956f.jpg', 960, 540, 'F', 'T'),
	(148, 21, '//s5.kh1.co/dc/dcd0ce447bc2d1038eb483c8e10b041afa43108e.jpg', 960, 540, 'F', 'T'),
	(149, 21, '//s4.kh1.co/31/318f5056009cb0d16f6179fee69087819fec7451.jpg', 960, 540, 'F', 'T'),
	(150, 21, '//s6.kh1.co/e2/e2c0287926b6fe4c42f3b19e8c1c8f6b940398f2.jpg', 960, 540, 'F', 'T'),
	(151, 21, '//s5.kh1.co/48/48c699de0110f91c747db9d7031a015fdeb9964c.jpg', 540, 960, 'F', 'T'),
	(152, 21, '//s4.kh1.co/fa/fa5d387af432374e8ab6fccffa58504e8ccb0ff9.jpg', 960, 540, 'F', 'T'),
	(153, 21, '//s4.kh1.co/c7/c7606cc7556465608b95d43e4a68de789b9b35ea.jpg', 960, 540, 'F', 'T'),
	(154, 21, '//s4.kh1.co/f6/f655d40713efcb2068ac0c7404fd5359fa12956f.jpg', 960, 540, 'F', 'T'),
	(155, 21, '//s5.kh1.co/dc/dcd0ce447bc2d1038eb483c8e10b041afa43108e.jpg', 960, 540, 'F', 'T'),
	(156, 21, '//s4.kh1.co/31/318f5056009cb0d16f6179fee69087819fec7451.jpg', 960, 540, 'F', 'T'),
	(157, 21, '//s6.kh1.co/e2/e2c0287926b6fe4c42f3b19e8c1c8f6b940398f2.jpg', 960, 540, 'F', 'T'),
	(158, 21, '//s5.kh1.co/48/48c699de0110f91c747db9d7031a015fdeb9964c.jpg', 540, 960, 'F', 'T'),
	(159, 21, '//s4.kh1.co/fa/fa5d387af432374e8ab6fccffa58504e8ccb0ff9.jpg', 960, 540, 'F', 'T'),
	(160, 21, '//s4.kh1.co/c7/c7606cc7556465608b95d43e4a68de789b9b35ea.jpg', 960, 540, 'F', 'T'),
	(161, 21, '//s4.kh1.co/f6/f655d40713efcb2068ac0c7404fd5359fa12956f.jpg', 960, 540, 'F', 'T'),
	(162, 21, '//s5.kh1.co/dc/dcd0ce447bc2d1038eb483c8e10b041afa43108e.jpg', 960, 540, 'F', 'T'),
	(163, 21, '//s4.kh1.co/31/318f5056009cb0d16f6179fee69087819fec7451.jpg', 960, 540, 'F', 'T'),
	(164, 21, '//s6.kh1.co/e2/e2c0287926b6fe4c42f3b19e8c1c8f6b940398f2.jpg', 960, 540, 'F', 'T'),
	(165, 21, '//s5.kh1.co/48/48c699de0110f91c747db9d7031a015fdeb9964c.jpg', 540, 960, 'F', 'T'),
	(166, 21, '//s4.kh1.co/fa/fa5d387af432374e8ab6fccffa58504e8ccb0ff9.jpg', 960, 540, 'F', 'T'),
	(167, 21, '//s4.kh1.co/c7/c7606cc7556465608b95d43e4a68de789b9b35ea.jpg', 960, 540, 'F', 'T'),
	(168, 21, '//s4.kh1.co/f6/f655d40713efcb2068ac0c7404fd5359fa12956f.jpg', 960, 540, 'F', 'T'),
	(169, 21, '//s5.kh1.co/dc/dcd0ce447bc2d1038eb483c8e10b041afa43108e.jpg', 960, 540, 'T', 'F'),
	(170, 21, '//s4.kh1.co/31/318f5056009cb0d16f6179fee69087819fec7451.jpg', 960, 540, 'F', 'F'),
	(171, 21, '//s6.kh1.co/e2/e2c0287926b6fe4c42f3b19e8c1c8f6b940398f2.jpg', 960, 540, 'F', 'F'),
	(172, 21, '//s5.kh1.co/48/48c699de0110f91c747db9d7031a015fdeb9964c.jpg', 540, 960, 'F', 'F'),
	(173, 21, '//s4.kh1.co/fa/fa5d387af432374e8ab6fccffa58504e8ccb0ff9.jpg', 960, 540, 'F', 'T'),
	(174, 21, '//s4.kh1.co/c7/c7606cc7556465608b95d43e4a68de789b9b35ea.jpg', 960, 540, 'F', 'F'),
	(175, 21, '//s4.kh1.co/f6/f655d40713efcb2068ac0c7404fd5359fa12956f.jpg', 960, 540, 'F', 'F'),
	(176, 21, '//s5.kh1.co/dc/dcd0ce447bc2d1038eb483c8e10b041afa43108e.jpg', 960, 540, 'F', 'T'),
	(177, 21, '//s4.kh1.co/31/318f5056009cb0d16f6179fee69087819fec7451.jpg', 960, 540, 'F', 'T'),
	(178, 21, '//s6.kh1.co/e2/e2c0287926b6fe4c42f3b19e8c1c8f6b940398f2.jpg', 960, 540, 'F', 'T'),
	(179, 21, '//s5.kh1.co/48/48c699de0110f91c747db9d7031a015fdeb9964c.jpg', 540, 960, 'F', 'T'),
	(180, 21, '//s4.kh1.co/fa/fa5d387af432374e8ab6fccffa58504e8ccb0ff9.jpg', 960, 540, 'F', 'T'),
	(181, 21, '//s4.kh1.co/c7/c7606cc7556465608b95d43e4a68de789b9b35ea.jpg', 960, 540, 'F', 'T'),
	(182, 21, '//s4.kh1.co/f6/f655d40713efcb2068ac0c7404fd5359fa12956f.jpg', 960, 540, 'F', 'T'),
	(183, 21, '//s5.kh1.co/dc/dcd0ce447bc2d1038eb483c8e10b041afa43108e.jpg', 960, 540, 'F', 'T'),
	(184, 21, '//s4.kh1.co/31/318f5056009cb0d16f6179fee69087819fec7451.jpg', 960, 540, 'F', 'T'),
	(185, 21, '//s6.kh1.co/e2/e2c0287926b6fe4c42f3b19e8c1c8f6b940398f2.jpg', 960, 540, 'F', 'T'),
	(186, 21, '//s5.kh1.co/48/48c699de0110f91c747db9d7031a015fdeb9964c.jpg', 540, 960, 'F', 'T'),
	(187, 22, '//s5.kh1.co/ad/ad55085664d9234c1f7a211af5e3e4302519398e.jpg', 480, 640, 'F', 'T'),
	(188, 22, '//s4.kh1.co/62/6204b9df33137ef27f782e06d9df81224b8ef9ef.png', 451, 257, 'F', 'T'),
	(189, 22, '//s4.kh1.co/c6/c67b9654e81bf5d118d6f554e61b1648a9c3fc44.jpg', 467, 274, 'F', 'T'),
	(190, 22, '//s6.kh1.co/2b/2b1e4f23cd14fa5c065296775a5a4b3d25e8c7b3.jpg', 480, 360, 'F', 'F'),
	(191, 22, '//s6.kh1.co/ef/ef84d6ecbe0436ab4672a12fd545dac0e199257f.jpg', 720, 540, 'F', 'T'),
	(192, 22, '//s6.kh1.co/ee/ee09f35d4964ef332a2cfbeea9dc220d0d75c44b.jpg', 476, 288, 'F', 'T'),
	(193, 22, '//s4.kh1.co/cc/cc4405799543ca36ab58674508d5018cc66e5684.jpg', 480, 372, 'F', 'T'),
	(194, 22, '//s4.kh1.co/cc/cc4405799543ca36ab58674508d5018cc66e5684.jpg', 480, 372, 'F', 'T'),
	(195, 22, '//s6.kh1.co/8a/8a5936578760cbcf8b26dfcfc8cee036d8ddeb03.png', 535, 330, 'F', 'T'),
	(196, 22, '//s6.kh1.co/8c/8c96077e171569c83f92a07b8021adc21f0b4bff.jpg', 479, 359, 'F', 'T'),
	(197, 22, '//s5.kh1.co/1e/1e4bb195c2b209e85914acc298e47fb99f493028.png', 527, 358, 'F', 'T'),
	(198, 22, '//s5.kh1.co/77/77929f854a987423c2934bfb00ff35db2ea55650.png', 598, 368, 'F', 'T'),
	(199, 22, '//s6.kh1.co/2e/2e16c112d06fc86e0c34007606a682391284b9bc.png', 607, 393, 'T', 'F'),
	(200, 23, '//s6.kh1.co/89/8932e0128b5fe9810d28aa16653ea332a95d3769.jpg', 960, 720, 'F', 'F'),
	(201, 23, '//s6.kh1.co/57/5776dfc3defc91baee9a9a1bc148fa9d77fd9f47.jpg', 960, 720, 'F', 'F'),
	(202, 23, '//s6.kh1.co/bc/bc49a43f33cc8369bf58d882f91455b5609d64ea.jpg', 960, 720, 'T', 'F'),
	(203, 23, '//s6.kh1.co/27/273f588a500d1789da124bc6cbbab55a8051283d.jpg', 960, 720, 'F', 'F'),
	(204, 23, '//s5.kh1.co/dc/dc3208317554b5d4850156c45239e4925dce5f89.jpg', 320, 240, 'F', 'F'),
	(205, 23, '//s5.kh1.co/76/764af7a9ab9ae337b42f2813a075e294f9bbe02b.jpg', 960, 720, 'F', 'F'),
	(206, 23, '//s6.kh1.co/20/209279e523e16e46bca2e3c796d815f6d79dc579.jpg', 960, 720, 'F', 'F'),
	(207, 23, '//s6.kh1.co/82/82f246b5cab52ce58b167410f4307dfeaae49159.jpg', 960, 720, 'F', 'F'),
	(208, 24, '//s5.kh1.co/16/16365441a15db2a68148efce5c6227235fb8d170.jpg', 960, 720, 'F', 'F'),
	(209, 24, '//s4.kh1.co/fe/fe04a471d6b4ec00dfdd4f3a29c9bcb6a1507ad9.jpg', 960, 720, 'F', 'F'),
	(210, 24, '//s5.kh1.co/1a/1a34f4091ea72e63743b1236f81a0feaa2db872c.jpg', 720, 960, 'F', 'F'),
	(211, 24, '//s4.kh1.co/cf/cfbe1861a61379ec73a98424bd1267d379264113.jpg', 960, 720, 'F', 'F'),
	(212, 24, '//s6.kh1.co/e2/e2f8ada0ab2ef01a810a8932469357fbdae094ca.jpg', 960, 720, 'T', 'F'),
	(213, 24, '//s6.kh1.co/bd/bd7a45b544303a891d96f28d871b358ab2f200a9.jpg', 720, 960, 'F', 'F'),
	(214, 24, '//s6.kh1.co/23/23a7e41199226d963b96270ae80d5ce89f1918b0.jpg', 960, 720, 'F', 'F'),
	(215, 24, '//s5.kh1.co/49/49f3fa34d1da3c37e7d02a968507fdf501f9d6e1.jpg', 960, 720, 'F', 'F'),
	(216, 25, '//s4.kh1.co/62/62cc20086edd70604711c93101ba46ee9e92fa33.jpg', 720, 540, 'T', 'F'),
	(217, 25, '//s4.kh1.co/00/00c499ef8e45f6da74675ddb4057f561f454f4e1.jpg', 720, 540, 'F', 'F'),
	(218, 25, '//s5.kh1.co/1a/1a38217b8efc7eb64d992400b455f5706aca6f19.jpg', 320, 240, 'F', 'F'),
	(219, 25, '//s6.kh1.co/b9/b91eafee0253ecad438ad6d33871732c4fcbcd97.jpg', 720, 540, 'F', 'F'),
	(220, 25, '//s4.kh1.co/9d/9df280c27459a548edd93939f79952740e45a311.jpg', 720, 960, 'F', 'F'),
	(221, 25, '//s4.kh1.co/36/36a77426c6fb0122d7e475c3008f36d466e8df55.jpg', 720, 540, 'F', 'F'),
	(222, 26, '//s6.kh1.co/88/88da1e4f854ce9c26af9eba3fc2ca0a692bb6499.jpg', 960, 720, 'F', 'F'),
	(223, 26, '//s4.kh1.co/04/04d10423d1ae2b213f855487f11f9b3a07e336c0.jpg', 720, 960, 'F', 'F'),
	(224, 26, '//s6.kh1.co/b1/b1f16c454ab4d1b557e3b1ddc4a578cde2aebdf5.jpg', 578, 720, 'F', 'F'),
	(225, 26, '//s6.kh1.co/5f/5f70eaf426b6f8d0aedb24ade50488ce2a989a24.jpg', 960, 720, 'T', 'F'),
	(226, 26, '//s5.kh1.co/48/482a539d0e092ad04d98d02a57bde1224a8a44c7.jpg', 960, 720, 'F', 'F'),
	(227, 26, '//s6.kh1.co/88/889a74fc2e7d4ca883fc9542f58c62004781a895.jpg', 720, 960, 'F', 'F'),
	(228, 26, '//s6.kh1.co/e3/e3aaeb0b9788391d2fce6cd7d4c146b409abec47.jpg', 960, 720, 'F', 'F'),
	(229, 26, '//s6.kh1.co/bc/bc2df334baadaee1f2738ce38366cfca82c9e323.jpg', 635, 720, 'F', 'F'),
	(230, 27, '//s6.kh1.co/b7/b7968c8f4f4bfcb9b1d956e066f641fcbb182b1d.jpg', 960, 720, 'F', 'F'),
	(231, 27, '//s4.kh1.co/fe/fecfe24b4bcb910b5249789fb7ceb2599c202798.jpg', 960, 720, 'F', 'F'),
	(232, 27, '//s4.kh1.co/3c/3cad24ce016055c92df69ecbb95ca29d68c26505.jpg', 768, 960, 'F', 'F'),
	(233, 27, '//s4.kh1.co/6c/6c89d10c9a34226b5cbea42e9cb761496b6511c6.jpg', 320, 240, 'F', 'F'),
	(234, 27, '//s4.kh1.co/cb/cbbb4b91f71aba34f0c83249e6af074568559233.jpg', 960, 960, 'F', 'F'),
	(235, 27, '//s5.kh1.co/a7/a7a9f52486f10e7bbe86e6b02d2a09254c8a4173.jpg', 960, 720, 'T', 'F'),
	(236, 27, '//s6.kh1.co/e1/e1cb2c6c4b040328b316eca387c32a815ac711b4.jpg', 768, 960, 'F', 'F'),
	(237, 28, '//s5.kh1.co/7e/7ee07c195e6d7504aa4695a7ba19b61b9ef60274.jpg', 960, 720, 'F', 'F'),
	(238, 28, '//s6.kh1.co/e1/e17a3cd1a28f38804063c235d797ce5bbd68e957.jpg', 960, 960, 'F', 'F'),
	(239, 28, '//s4.kh1.co/c0/c0bee996bab8f23a863bca3f2cf421328c786524.jpg', 960, 720, 'F', 'F'),
	(240, 28, '//s6.kh1.co/e2/e23cfcac295a38420f0e02502e92a7f539c25e55.jpg', 960, 720, 'T', 'F'),
	(241, 28, '//s5.kh1.co/a2/a2d611f624fbcd892bcdeac8e3951342508e2bc9.jpg', 960, 720, 'F', 'F'),
	(242, 29, '//s6.kh1.co/20/208501bfe80a21f65c897c6e18ea1af3f9dd841e.jpg', 720, 960, 'F', 'F'),
	(243, 29, '//s5.kh1.co/7b/7b25a248e090c7d4a1518e537983ca2152dfa3c0.jpg', 960, 720, 'F', 'F'),
	(244, 29, '//s5.kh1.co/d3/d3c1cf42085236d2d7ce3175bf0c0b60d78de68e.jpg', 960, 720, 'F', 'F'),
	(245, 29, '//s5.kh1.co/a2/a2b2d1990b1f79661ca213ec34c1d92d6a1c2003.jpg', 320, 240, 'F', 'F'),
	(246, 29, '//s4.kh1.co/39/393f4f456dc5bf6be3c4c102d806ad662a93f318.jpg', 960, 720, 'T', 'F'),
	(247, 30, '//s4.kh1.co/3a/3aa2e1d199601d1af91d56024b6ba32977022b5c.jpg', 960, 720, 'T', 'F'),
	(248, 31, '//s4.kh1.co/01/015799860df4e4deb345fe92220b34817f04b84e.jpg', 960, 720, 'T', 'F'),
	(249, 31, '//s5.kh1.co/a3/a3cfdf7598f34626e2ea6d20eee9c5daa3cd71d4.jpg', 960, 720, 'F', 'F'),
	(250, 32, '//s6.kh1.co/e8/e8acf3ff425993600b1822a1e0719123e742534d.jpg', 960, 720, 'T', 'F'),
	(251, 32, '//s6.kh1.co/5b/5bd793e11136eeac1efd390b1e822972a51c0baa.jpg', 960, 720, 'F', 'F'),
	(252, 33, '//s4.kh1.co/37/37710378a60835084fd84b05609ab523ec680980.jpg', 960, 720, 'T', 'F'),
	(253, 34, '//s6.kh1.co/b0/b08d935e857be63ebe8fc64f0941fa5aa7bb1591.jpg', 960, 720, 'T', 'F'),
	(254, 34, '//s4.kh1.co/02/027a8683376d3f747574142a4b4b5225943ca2e9.jpg', 960, 720, 'F', 'F'),
	(255, 35, '//s4.kh1.co/30/30b2470267d5104fd2d6b27c9dd15e78ebe64bde.jpg', 960, 720, 'F', 'F'),
	(256, 35, '//s6.kh1.co/52/52cdf1538ab6f2f5e512c60484f19f629dffe8cd.jpg', 960, 720, 'T', 'F'),
	(257, 36, '//s5.kh1.co/a0/a08670b9af2d0e4f4a9083f13dae65b9a1eae7a4.jpg', 960, 720, 'T', 'F'),
	(258, 36, '//s4.kh1.co/93/934de6c58437bbdf3bbe8e059f4dfcdadbbda3cb.jpg', 720, 960, 'F', 'T'),
	(259, 36, '//s6.kh1.co/55/55df439f3c01fb0089e8a1afe777990b783b567b.jpg', 960, 720, 'F', 'T'),
	(260, 36, '//s6.kh1.co/85/85891700ef2c73bd7cfaf94fa3e48c889c9fee7b.jpg', 720, 960, 'F', 'T'),
	(261, 36, '//s5.kh1.co/a5/a509afdf205a2821cdccff78b8ec66aa5c4efb4c.jpg', 720, 960, 'F', 'T'),
	(262, 36, '//s4.kh1.co/3b/3b384d1865361381c67116ae061f6ce3d9efeb6b.jpg', 720, 960, 'F', 'F'),
	(263, 36, '//s4.kh1.co/0d/0dfbb05b4234c5318e558e6cc2dc23072223c13c.jpg', 720, 960, 'F', 'F'),
	(264, 36, '//s5.kh1.co/a0/a08670b9af2d0e4f4a9083f13dae65b9a1eae7a4.jpg', 960, 720, 'F', 'T'),
	(265, 36, '//s4.kh1.co/93/934de6c58437bbdf3bbe8e059f4dfcdadbbda3cb.jpg', 720, 960, 'F', 'F'),
	(266, 36, '//s6.kh1.co/55/55df439f3c01fb0089e8a1afe777990b783b567b.jpg', 960, 720, 'F', 'F'),
	(267, 36, '//s6.kh1.co/85/85891700ef2c73bd7cfaf94fa3e48c889c9fee7b.jpg', 720, 960, 'F', 'F'),
	(268, 36, '//s5.kh1.co/a5/a509afdf205a2821cdccff78b8ec66aa5c4efb4c.jpg', 720, 960, 'F', 'F'),
	(269, 36, '//s4.kh1.co/3b/3b384d1865361381c67116ae061f6ce3d9efeb6b.jpg', 720, 960, 'F', 'F'),
	(270, 36, '//s4.kh1.co/0d/0dfbb05b4234c5318e558e6cc2dc23072223c13c.jpg', 720, 960, 'F', 'T'),
	(271, 37, '//s4.kh1.co/62/62540335eee92f368bb48de7b56cef830c266182.jpg', 540, 960, 'F', 'T'),
	(272, 37, '//s4.kh1.co/67/670eb8a2ce5834a92cb1b21461c13300f8807ae7.jpg', 540, 410, 'F', 'T'),
	(273, 37, '//s4.kh1.co/9d/9d2c35f8d878054a14e8d2f84f2be823873be556.jpg', 540, 405, 'F', 'F'),
	(274, 37, '//s5.kh1.co/a0/a08670b9af2d0e4f4a9083f13dae65b9a1eae7a4.jpg', 960, 720, 'F', 'T'),
	(275, 37, '//s6.kh1.co/87/87378993e3e0bfc81ac7b8f7e81419668f8e61c3.jpg', 540, 440, 'F', 'T'),
	(276, 37, '//s4.kh1.co/fd/fd213314783f760f6fdc9bf736a8116e1ef363e1.jpg', 540, 413, 'F', 'T'),
	(277, 37, '//s6.kh1.co/e7/e75031a487fbde9cdf1bc11e9cfafed8c67b424c.png', 799, 496, 'T', 'F'),
	(278, 38, '//s4.kh1.co/3a/3a4e3956adfd2a9b51a47634da7641bcb9b17e5b.jpg', 960, 720, 'T', 'F'),
	(279, 38, '//s6.kh1.co/e0/e03dfef7f2f99b3a8551b6b9828c9a32b306d34f.jpg', 320, 240, 'F', 'F'),
	(280, 38, '//s5.kh1.co/4e/4e698c3804c3660b05b447f8032a20b3cba912e7.jpg', 960, 720, 'F', 'F'),
	(281, 38, '//s4.kh1.co/c5/c541b90a09b96c429711b0d8416dbd4e3919b97b.jpg', 960, 720, 'F', 'F'),
	(282, 38, '//s5.kh1.co/76/7669faf3cfb9c3511a82c4850a605c0c71ec95a9.jpg', 960, 720, 'F', 'F'),
	(283, 39, '//s4.kh1.co/c5/c5ce31c95d05e04aa533b935e637b8faebf7e97a.jpg', 960, 720, 'F', 'F'),
	(284, 39, '//s4.kh1.co/60/60d2410bc506438b635183663ff19207599ddd96.jpg', 960, 720, 'F', 'F'),
	(285, 39, '//s6.kh1.co/b6/b63956dce28b0a088a0a1fb118ede6a0eb4bda6b.jpg', 960, 720, 'T', 'F'),
	(286, 39, '//s5.kh1.co/ab/ab5618efb58f24ee5ebe698aa70c03026017de7e.jpg', 960, 720, 'F', 'F'),
	(287, 39, '//s5.kh1.co/da/dabb181de3f766a0cbcf997a8233135f88f18a62.jpg', 960, 720, 'F', 'F'),
	(288, 40, '//s6.kh1.co/29/299cd15f5404f5b2fee480b89b9553fd14d2fe8b.jpg', 960, 720, 'F', 'F'),
	(289, 40, '//s5.kh1.co/40/40da0a2f51c6f0eedbcdba91c6d06e729890cf06.jpg', 960, 720, 'F', 'F'),
	(290, 40, '//s4.kh1.co/61/61458dcdc76892ef3bb6263bfcb622b0bea26950.jpg', 960, 720, 'F', 'F'),
	(291, 40, '//s4.kh1.co/00/00a41f3c6237d32795a4b4610b1076f15c0be028.jpg', 960, 720, 'F', 'F'),
	(292, 40, '//s4.kh1.co/3e/3e607023443786ae922422b503551334f3c798ba.jpg', 960, 720, 'T', 'F'),
	(293, 41, '//s6.kh1.co/29/299cd15f5404f5b2fee480b89b9553fd14d2fe8b.jpg', 960, 720, 'F', 'T'),
	(294, 41, '//s5.kh1.co/40/40da0a2f51c6f0eedbcdba91c6d06e729890cf06.jpg', 960, 720, 'F', 'T'),
	(295, 41, '//s4.kh1.co/61/61458dcdc76892ef3bb6263bfcb622b0bea26950.jpg', 960, 720, 'F', 'T'),
	(296, 41, '//s4.kh1.co/00/00a41f3c6237d32795a4b4610b1076f15c0be028.jpg', 960, 720, 'F', 'T'),
	(297, 41, '//s4.kh1.co/3e/3e607023443786ae922422b503551334f3c798ba.jpg', 960, 720, 'F', 'T'),
	(298, 41, '//s4.kh1.co/6e/6e7f23377c03d6ec7135506377d5784457385b7f.jpg', 960, 720, 'F', 'F'),
	(299, 41, '//s5.kh1.co/a7/a718df5b512502b7ccd59caa03aea90838299007.jpg', 960, 960, 'F', 'F'),
	(300, 41, '//s4.kh1.co/6e/6e81c8a8365a9a6c468c07558c1ff5d901ce7416.jpg', 960, 960, 'F', 'F'),
	(301, 41, '//s5.kh1.co/1e/1ee8bcf59303a0b152753411bd719fd101efe5d1.jpg', 960, 720, 'F', 'F'),
	(302, 41, '//s4.kh1.co/0f/0f5fa9f3377c04a2e66b1740196fcdbcce315f08.jpg', 960, 720, 'F', 'F'),
	(303, 41, '//s5.kh1.co/40/400f8d49320748fd98cf602e90c6a8cea696fd13.jpg', 960, 720, 'T', 'F'),
	(304, 42, '//s5.kh1.co/4c/4cf843379564c146b7d1e3126a7483d3ad2e8dda.jpg', 720, 540, 'F', 'F'),
	(305, 42, '//s5.kh1.co/a9/a9ba58bead20f40c125d609d595abc7ad63dd7ca.jpg', 720, 540, 'T', 'F'),
	(306, 43, '//s5.kh1.co/15/1552cd319dc34bccc161ade0f014d8bfe2fad4c4.jpg', 720, 540, 'F', 'F'),
	(307, 43, '//s4.kh1.co/03/034a7261409c1e02760fbc5b842b8f72a1e41bd7.jpg', 720, 540, 'F', 'F'),
	(308, 43, '//s5.kh1.co/d4/d429faadac811a354cf2c976e7113c8a06b47803.jpg', 720, 540, 'F', 'F'),
	(309, 43, '//s6.kh1.co/24/243c5a24c3855434a0df68308e65d7c0333e90ac.jpg', 720, 540, 'F', 'F'),
	(310, 43, '//s4.kh1.co/fc/fc4de371b8005b3f11ae3c0039e2ccd55d114017.jpg', 720, 540, 'F', 'F'),
	(311, 43, '//s4.kh1.co/68/68689943b7e189c7b6132840def1316fa6958b35.jpg', 720, 540, 'T', 'F'),
	(312, 44, '//s6.kh1.co/2e/2ed0232dbe40e7c9b0cae1169ccf03a672f3033d.jpg', 960, 768, 'F', 'F'),
	(313, 44, '//s5.kh1.co/a8/a8f78f7609790144f5b75203a953274fba06926c.jpg', 444, 250, 'F', 'F'),
	(314, 44, '//s4.kh1.co/fb/fb7c59c84bf0da505f935b695f64d9da58c7f6ec.png', 773, 459, 'T', 'F'),
	(315, 45, '//s6.kh1.co/2f/2ff44d48e85383d57c595806a8ae301f829a0b8f.jpg', 720, 540, 'F', 'F'),
	(316, 45, '//s4.kh1.co/96/968080cd40250dcc9d4d452c3a6ce4725792a97f.jpg', 720, 540, 'F', 'F'),
	(317, 45, '//s5.kh1.co/af/af143eca11b3b75b4c31022e27f3302b74e71e03.jpg', 720, 540, 'F', 'F'),
	(318, 45, '//s4.kh1.co/fd/fd8181449851fec57162138e5d804ee64949900e.jpg', 720, 540, 'F', 'F'),
	(319, 45, '//s5.kh1.co/a6/a6b293f706c0dca9a6506c200621784d999ad5df.jpg', 720, 540, 'F', 'F'),
	(320, 45, '//s5.kh1.co/a0/a0791367c702f5d8e7716e25d8e69a843519b223.jpg', 720, 540, 'F', 'F'),
	(321, 45, '//s6.kh1.co/55/55a81df96398d3e2d58f7d921180494a73f2f5bb.jpg', 720, 540, 'F', 'F'),
	(322, 45, '//s5.kh1.co/a3/a3b5f60f7eeffc19787c222f01acd3bb33985498.jpg', 720, 540, 'T', 'F'),
	(323, 46, '//s4.kh1.co/c9/c9f5d8b100fc5334c58b739499236c8a7e9bba19.jpg', 720, 540, 'F', 'F'),
	(324, 46, '//s5.kh1.co/74/74a66f713fcdbbac19234fc92c445d0a0b3759fe.jpg', 720, 540, 'T', 'F'),
	(325, 46, '//s5.kh1.co/ab/ab77bc8776ba720e556c5b661668e615d4dec02c.jpg', 720, 540, 'F', 'F'),
	(326, 47, '//s6.kh1.co/ef/ef5bf6f995e9bccb5406cb61ae995342b61528f7.jpg', 720, 540, 'F', 'F'),
	(327, 47, '//s4.kh1.co/9c/9c8c746c5835b994aa78b97a1148fbd3466a931b.jpg', 720, 540, 'T', 'F'),
	(328, 47, '//s6.kh1.co/58/5815d7e65a20dd4b98af37b89609d30e7312bc8e.jpg', 720, 540, 'F', 'F'),
	(329, 47, '//s4.kh1.co/97/977ee33fd110fe41419e2d046b091fca5eb847d2.jpg', 480, 360, 'F', 'F'),
	(330, 47, '//s6.kh1.co/b7/b7f4d7710a9f78b4ca305f346ce2797e06a2187d.jpg', 720, 540, 'F', 'F'),
	(331, 47, '//s6.kh1.co/84/8476e8855e785e1bfe22cf29bfd3a90b6d55ddb2.jpg', 720, 540, 'F', 'F'),
	(332, 48, '//s4.kh1.co/0e/0ed4820610ff6b6077fbab5578b87f1c6235028d.jpg', 720, 540, 'T', 'F'),
	(333, 48, '//s5.kh1.co/4c/4cb5c3eaec0319a4a3aad38d2045abf86f5b089b.jpg', 720, 540, 'F', 'F'),
	(334, 48, '//s5.kh1.co/19/19ee1103eeace7402988c3c74e26e937cab5f644.jpg', 720, 540, 'F', 'F'),
	(335, 48, '//s4.kh1.co/ce/ce8063b1f109c4b8bc2039ad37b2fad5a310a52e.jpg', 720, 540, 'F', 'F'),
	(336, 48, '//s4.kh1.co/61/6186accc43e3ab980afaafdd85507dc503dee091.jpg', 720, 540, 'F', 'F'),
	(337, 49, '//s4.kh1.co/f2/f2d73cedcc7f6e9984924db153445db82649c830.jpg', 720, 540, 'F', 'F'),
	(338, 49, '//s6.kh1.co/57/57504f9cd463e2308a985c155e5bfbb2ba9bff2d.jpg', 720, 540, 'F', 'F'),
	(339, 49, '//s4.kh1.co/35/35286b4b314ba433bc37f68418d3a96c96f009f4.jpg', 720, 540, 'T', 'F'),
	(340, 49, '//s4.kh1.co/35/35286b4b314ba433bc37f68418d3a96c96f009f4.jpg', 720, 540, 'F', 'T'),
	(341, 49, '//s6.kh1.co/bc/bc134092f817f658a7b0d4fe62be9e56a6830b60.jpg', 720, 960, 'F', 'F'),
	(342, 49, '//s6.kh1.co/e5/e5d75fe4e6a1d357b3291c8b093c8ec73abba9f2.jpg', 720, 540, 'F', 'F'),
	(343, 49, '//s5.kh1.co/71/71b46fe7dfff049d7562271da088f3ebe91ec92e.jpg', 720, 540, 'F', 'F'),
	(344, 50, '//s4.kh1.co/c5/c5e6c7c25713b7d20a868791b65c9fcd31a1ea5e.jpg', 720, 540, 'F', 'F'),
	(345, 50, '//s4.kh1.co/3d/3dd1887b4156e54028aac71263a27fdabd1f76d1.jpg', 480, 360, 'F', 'F'),
	(346, 50, '//s6.kh1.co/23/2319b385a9a2bbe93abc1fd7a8078d43eded1499.jpg', 720, 540, 'T', 'F'),
	(347, 51, '//s5.kh1.co/47/4761fa136b2498fbdd69a3cd6e490ecc80c3fcaa.jpg', 720, 540, 'T', 'F'),
	(348, 51, '//s4.kh1.co/64/64223815a9c00788c053142674156a4e74c500b3.jpg', 720, 540, 'F', 'F'),
	(349, 51, '//s4.kh1.co/69/69bd2520f896b56cf7a47a8b0fb7ef689e2e296c.jpg', 720, 540, 'F', 'F'),
	(350, 51, '//s5.kh1.co/1c/1c6fa44c56fef0629e089bb84e4a44646d6dcb3a.jpg', 720, 960, 'F', 'F'),
	(351, 51, '//s6.kh1.co/ea/ea7d5976d9d3abcb56817abe250d3f87754fbc06.jpg', 720, 540, 'F', 'F'),
	(352, 51, '//s5.kh1.co/1b/1b2638087aa92ec653a4b391f199fd0ada798d31.jpg', 720, 540, 'F', 'F'),
	(353, 51, '//s4.kh1.co/f1/f1b19fbfdb2ff22481031e35ac30d9a24cc64787.jpg', 720, 540, 'F', 'F'),
	(354, 52, '//s4.kh1.co/6a/6ae11a90ae4c2038cb5fc61193dc2f2a07e84ed6.jpg', 720, 540, 'F', 'F'),
	(355, 52, '//s4.kh1.co/fa/fa4a01f940ee1b2bd0249bee2952b2e1cd5f66e5.jpg', 720, 540, 'T', 'F'),
	(356, 52, '//s4.kh1.co/08/083c3630149ac4b4cd594a8b232d40bb18ccbb3a.jpg', 720, 540, 'F', 'F'),
	(357, 53, '//s5.kh1.co/43/43138cff76955dece986ff8c681122d00a3c363d.jpg', 720, 540, 'F', 'T'),
	(358, 53, '//s5.kh1.co/43/43138cff76955dece986ff8c681122d00a3c363d.jpg', 720, 540, 'F', 'F'),
	(359, 53, '//s5.kh1.co/ad/adb10c4b37d990d1b133d37252d0b9065c695539.jpg', 720, 540, 'F', 'F'),
	(360, 53, '//s5.kh1.co/a5/a5c552297f38e037cb13e48116d9159daaa73565.jpg', 720, 540, 'T', 'F'),
	(361, 53, '//s4.kh1.co/95/95bf2987bc1a115dae20845a251c770ec7d5b7f3.jpg', 720, 540, 'F', 'F'),
	(362, 54, '//s4.kh1.co/6e/6e93bced2f7056756a01f9c5507339fdc7ef8b98.jpg', 720, 540, 'F', 'F'),
	(363, 54, '//s4.kh1.co/64/6435db5befc33a8af722e8f38d9e96d92ea5fdcb.jpg', 720, 540, 'F', 'F'),
	(364, 54, '//s4.kh1.co/0f/0fc443b3ea6fea0fcdf97a86abef85525bcac008.jpg', 720, 540, 'T', 'F'),
	(365, 54, '//s5.kh1.co/a7/a78c1e37be89b2b6df0c8762925278ad64d0bf0a.jpg', 720, 540, 'F', 'F'),
	(366, 54, '//s5.kh1.co/72/725b3663660a1f14e3681c569d16f285641a7b95.jpg', 720, 540, 'F', 'F'),
	(367, 54, '//s5.kh1.co/48/48ab18ca0ff75e0976927fb07e07c88e3898119b.jpg', 720, 540, 'F', 'F'),
	(368, 55, '//s5.kh1.co/d7/d7ca25d3aaa21912c3bfd1e0e4a94e557d628d8b.jpg', 720, 540, 'F', 'F'),
	(369, 55, '//s5.kh1.co/70/7010e7bb9a6c89c7ada815089b77ed81eca97f13.jpg', 720, 540, 'F', 'F'),
	(370, 55, '//s6.kh1.co/eb/eb44a41d6f64de119c1b00790dc968cd3ec21ced.jpg', 480, 360, 'F', 'F'),
	(371, 55, '//s6.kh1.co/eb/eb7a9bb06d095c516b2b3217e84ca91fe087466a.jpg', 720, 540, 'F', 'F'),
	(372, 55, '//s6.kh1.co/27/2771576780f1f5db1eedc3d56fd5dfb22fdd8549.jpg', 720, 540, 'T', 'F'),
	(373, 55, '//s5.kh1.co/7a/7a20335ea5f2a339a9bc54831acbd16ca6b5a87d.jpg', 720, 540, 'F', 'F'),
	(374, 55, '//s4.kh1.co/cc/cc1c375ca94e256092a58ce2abd9b50832689674.jpg', 720, 540, 'F', 'F'),
	(375, 56, '//s4.kh1.co/ff/ff089618dd7ced510116e2cd50431529409bcb45.jpg', 720, 540, 'F', 'F'),
	(376, 56, '//s4.kh1.co/0b/0bb2de15dd6f613ea3a17fd861a857301aa7eafb.jpg', 720, 540, 'F', 'T'),
	(377, 56, '//s4.kh1.co/6e/6e857ba300a850134a6d536606e92512c6d1c1ca.jpg', 480, 360, 'F', 'F'),
	(378, 56, '//s4.kh1.co/f4/f45e1dc19869a37bd781c90e3c615dfc97a09704.jpg', 720, 540, 'T', 'F'),
	(379, 56, '//s6.kh1.co/b8/b85ff137c0c801b81a068a9f973dafa410b5d445.jpg', 720, 540, 'F', 'F'),
	(380, 56, '//s4.kh1.co/c4/c423120bec9d47dc1cfcb08181fddef9230bfbed.jpg', 720, 960, 'F', 'F'),
	(381, 56, '//s4.kh1.co/6e/6e51f501b19767b8ba3f120f96c11501575581e7.jpg', 720, 540, 'F', 'F'),
	(382, 57, '//s5.kh1.co/77/7708a5f4ccf94aacdad731dc31d54f264afe2c2f.jpg', 720, 540, 'F', 'F'),
	(383, 57, '//s4.kh1.co/34/343a8b3bf8be2b5076a3c9583d69237c952b3156.jpg', 720, 540, 'F', 'F'),
	(384, 57, '//s6.kh1.co/84/84d029decd9a01104b0fcf0e2b115ece68479895.jpg', 720, 960, 'F', 'F'),
	(385, 57, '//s5.kh1.co/1f/1f480875800bbdc19ce025342bfc3fb5613f6625.jpg', 720, 540, 'F', 'F'),
	(386, 57, '//s5.kh1.co/77/77bee2fb269a703df0f7781b1be7e1be1baf103d.jpg', 720, 540, 'F', 'F'),
	(387, 57, '//s5.kh1.co/48/488a47a2e73f11af4f20e06874085350ddd2f1d1.jpg', 720, 540, 'F', 'F'),
	(388, 57, '//s5.kh1.co/dc/dc7774777cf0545ebf1eea683a5656a92d346611.jpg', 720, 540, 'F', 'F'),
	(389, 57, '//s4.kh1.co/6b/6bf0f51aefffa250b8440ac5c7f5e660f67442f3.jpg', 720, 540, 'F', 'F'),
	(390, 57, '//s5.kh1.co/46/46d5324ea75dfb4515a8fbac1d79302d9f4f894c.jpg', 720, 540, 'F', 'F'),
	(391, 57, '//s6.kh1.co/8b/8bf2b0c541be8594b2de12d1daa28f3c95e81505.jpg', 720, 540, 'T', 'F'),
	(392, 57, '//s6.kh1.co/2c/2ca8890571a94b05e80494eb2ff7242f54baee8f.jpg', 720, 540, 'F', 'F'),
	(393, 57, '//s6.kh1.co/82/8229bdb45fc3fecbe2555a44a5f8fca815eb1c33.jpg', 480, 360, 'F', 'F'),
	(394, 58, '//s6.kh1.co/23/239e09b67dc94e85f5033e5e2b388b1faff2fb2d.jpg', 720, 540, 'F', 'F'),
	(395, 58, '//s4.kh1.co/f1/f18efed3affb1b7d8dd30f30a33c17b4330cbed1.jpg', 720, 540, 'F', 'F'),
	(396, 58, '//s5.kh1.co/14/144059ed52076e85ab143fbc5c9e3a180fcca006.jpg', 720, 540, 'F', 'F'),
	(397, 58, '//s6.kh1.co/89/892d84297fd3676fdef1b7bf2aa278a6b84abf9f.jpg', 720, 540, 'F', 'F'),
	(398, 58, '//s4.kh1.co/fb/fb106d47d0ce2813817536c556f6b1d0b7131ab3.jpg', 720, 540, 'F', 'F'),
	(399, 58, '//s5.kh1.co/d7/d744b7ca20da9c2f65ba96a0219104945ebbf950.jpg', 720, 540, 'F', 'F'),
	(400, 58, '//s4.kh1.co/3c/3c79f57c01ae4b0e8747899ead30e016bd4dc9d8.jpg', 720, 540, 'F', 'F'),
	(401, 58, '//s5.kh1.co/7a/7a80bc5c232337a673aaea564822880d82e27839.jpg', 720, 540, 'F', 'F'),
	(402, 58, '//s4.kh1.co/f1/f1f014f602c715a7c7952cd558c2c390a566104e.jpg', 720, 540, 'F', 'F'),
	(403, 58, '//s4.kh1.co/3e/3e71d35eff48399a1a8261d4ddadc74a57fa19f7.jpg', 720, 540, 'T', 'F'),
	(404, 59, '//s6.kh1.co/b9/b963435efeaea445a09297ceb3ad8c179e0c61e0.jpg', 720, 540, 'F', 'F'),
	(405, 59, '//s6.kh1.co/51/51ccf1adaaa6563e9d46225e45a8e6a4154b7177.jpg', 720, 540, 'F', 'F'),
	(406, 59, '//s5.kh1.co/4f/4f627c36fd89fe990bbf16b357329416b1fefed6.jpg', 480, 360, 'F', 'F'),
	(407, 59, '//s4.kh1.co/68/68ff17efb0af923c941b8b702ddf27b9178aff73.jpg', 720, 540, 'F', 'F'),
	(408, 59, '//s4.kh1.co/93/9381e18f8e0fd908068929e74f294729adc507c7.jpg', 720, 540, 'T', 'F'),
	(409, 59, '//s5.kh1.co/d0/d021d4dece0eb1c703ae945dfda52aae658959fd.jpg', 720, 540, 'F', 'F'),
	(410, 59, '//s4.kh1.co/61/61c816ded65ba54698335cfb0745519f373660cd.jpg', 720, 540, 'F', 'F'),
	(411, 60, '//s5.kh1.co/4c/4c9c9f66ac6e98bb519cc3ec8a72309335ba59c0.jpg', 720, 540, 'F', 'F'),
	(412, 60, '//s4.kh1.co/9e/9ed0fdb2672f7b4a6db4c6b045ee4bab8dff7af5.jpg', 720, 540, 'F', 'F'),
	(413, 60, '//s5.kh1.co/7d/7d506d206e6ecc0a3a7f434de109cedf8fe1516b.jpg', 720, 540, 'F', 'F'),
	(414, 60, '//s4.kh1.co/cb/cb20152bcf224a73680c5cfa3bb27a0c55d031e0.jpg', 720, 540, 'F', 'F'),
	(415, 60, '//s6.kh1.co/eb/eb18b41b49d7d2532ffb413a6fefa42e4ee611e5.jpg', 720, 540, 'T', 'F'),
	(416, 60, '//s5.kh1.co/73/730cf35e610c89af3dd85577c244207844bcf88c.jpg', 720, 540, 'F', 'F'),
	(417, 60, '//s5.kh1.co/73/730cf35e610c89af3dd85577c244207844bcf88c.jpg', 720, 540, 'F', 'F'),
	(418, 60, '//s5.kh1.co/d8/d8445d5045a958fc968b6d0cbd0214b552c6acfc.jpg', 720, 540, 'F', 'F'),
	(419, 60, '//s6.kh1.co/83/8324cb88bae17c2e1da99595807f10933ffa5e70.jpg', 720, 540, 'F', 'F'),
	(420, 61, '//s4.kh1.co/35/35e1dbbc13000ab0e5a38b93973597b0b8041682.jpg', 360, 480, 'F', 'F'),
	(421, 61, '//s5.kh1.co/df/df3a3f1dab75af44d3948f87985d43102bb5f532.jpg', 720, 960, 'F', 'F'),
	(422, 61, '//s6.kh1.co/ec/ecfe85271ad605db2e36d286d2597175ba8d4e5f.jpg', 960, 720, 'T', 'F'),
	(423, 61, '//s5.kh1.co/d4/d423f00464bf5839d443bdf4699a3a9b5e26cfac.jpg', 960, 720, 'F', 'F'),
	(424, 62, '//s4.kh1.co/62/629099864664d2ab8d9d61c3319258b663718fae.jpg', 720, 960, 'F', 'T'),
	(425, 62, '//s4.kh1.co/62/629099864664d2ab8d9d61c3319258b663718fae.jpg', 720, 960, 'F', 'T'),
	(426, 62, '//s5.kh1.co/19/19b0089af370fd8b76c3442c88afefcccee4a44d.jpg', 960, 720, 'T', 'F'),
	(427, 62, '//s6.kh1.co/ea/eac52b7a2b8a7989169c9fd0541ae9dcc0df1134.jpg', 720, 960, 'F', 'F'),
	(428, 62, '//s6.kh1.co/be/be73bd705f8f4e128e75d6f51d682dba376665df.jpg', 360, 480, 'F', 'T'),
	(429, 62, '//s6.kh1.co/5a/5a7603ddf939802052dfd15f5a2cc3a17d13373b.jpg', 960, 720, 'F', 'F'),
	(430, 63, '//s6.kh1.co/84/847f66ef6e4d30571e9fc3a9448085b4689fee37.jpg', 720, 540, 'T', 'F'),
	(431, 63, '//s6.kh1.co/e7/e791b068c0ae7fbd8758b354cb014bdba7ae020d.jpg', 720, 540, 'F', 'F'),
	(432, 63, '//s6.kh1.co/2d/2d3935b95b551913c65bff4071ae68ee90bfddc2.jpg', 720, 540, 'F', 'F'),
	(433, 63, '//s6.kh1.co/84/84dd7f3aff5f7a1fff9be81e1e58f922c655db3a.jpg', 720, 540, 'F', 'F'),
	(434, 63, '//s4.kh1.co/cf/cf3a7b28d2865ba9b4dd4140f282eaaf05d26205.jpg', 720, 540, 'F', 'F'),
	(435, 63, '//s6.kh1.co/8b/8b9aa6ab8ba89fd308c6d82c57a4ebd2baf2560d.jpg', 720, 540, 'F', 'F'),
	(436, 63, '//s4.kh1.co/05/05ddef8103a9537921e875fa005fd8d245d2350b.jpg', 720, 540, 'F', 'F'),
	(437, 64, '//s6.kh1.co/b4/b4c4df6847d743e45563c852f866ebe2206aaed5.jpg', 720, 540, 'F', 'F'),
	(438, 64, '//s4.kh1.co/01/01634910f770204c605195d76833b3dd1452114e.jpg', 720, 540, 'T', 'F'),
	(439, 64, '//s4.kh1.co/c1/c17e495e57e7b70ed80dbc9db2efb661ca67b4d6.jpg', 720, 540, 'F', 'F'),
	(440, 65, '//s5.kh1.co/4f/4fdbff7fbb57c9bc8a735387e39d609ef12ccee1.jpg', 720, 540, 'F', 'F'),
	(441, 65, '//s4.kh1.co/f8/f8b7fb123c404a73fe7329a9116575b8fe1bba5b.jpg', 720, 540, 'T', 'F'),
	(442, 65, '//s4.kh1.co/fd/fd8396d694900ec62c4e0ef8afd1408c43c88ee5.jpg', 720, 540, 'F', 'F'),
	(443, 66, '//s6.kh1.co/e7/e7ebb6ed1ba6b4a85d582625b60c0b91ee817dab.jpg', 960, 540, 'F', 'F'),
	(444, 66, '//s4.kh1.co/97/971e634bfaa9b4da32d1b22b34c4d7a8d2c180ee.jpg', 960, 540, 'F', 'F'),
	(445, 66, '//s5.kh1.co/a7/a7cac8a35a0e478cf92e0ef2cbd4dfcbae795a34.jpg', 960, 540, 'F', 'F'),
	(446, 66, '//s4.kh1.co/fa/fa94c55cf6260e43d32d79ba0306bb6759303519.jpg', 960, 540, 'F', 'F'),
	(447, 66, '//s6.kh1.co/e3/e335971b004f50802f9b228384f79c2deeb440ab.jpg', 568, 320, 'F', 'F'),
	(448, 66, '//s6.kh1.co/ec/ecd81690f349d942d8e4c8c879a026d408f2ea64.jpg', 960, 540, 'F', 'F'),
	(449, 66, '//s6.kh1.co/8e/8e1b693f92272a2c2f273a0a22a51256e310085d.jpg', 960, 540, 'F', 'F'),
	(450, 66, '//s5.kh1.co/d4/d4d3fe3b6c85d04f680e62906af872120a5cdb12.jpg', 960, 540, 'F', 'F'),
	(451, 66, '//s4.kh1.co/c4/c4c2f251c5ed5f54295ceda8a3a9982e8ebeb906.jpg', 960, 540, 'F', 'F'),
	(452, 66, '//s4.kh1.co/c4/c4c2f251c5ed5f54295ceda8a3a9982e8ebeb906.jpg', 960, 540, 'F', 'F'),
	(453, 66, '//s5.kh1.co/15/152ada1d528d55ba22e824253417996af2df68b4.jpg', 960, 540, 'F', 'F'),
	(454, 66, '//s6.kh1.co/e7/e7ebb6ed1ba6b4a85d582625b60c0b91ee817dab.jpg', 960, 540, 'F', 'F'),
	(455, 66, '//s4.kh1.co/97/971e634bfaa9b4da32d1b22b34c4d7a8d2c180ee.jpg', 960, 540, 'F', 'F'),
	(456, 66, '//s5.kh1.co/a7/a7cac8a35a0e478cf92e0ef2cbd4dfcbae795a34.jpg', 960, 540, 'F', 'F'),
	(457, 66, '//s4.kh1.co/fa/fa94c55cf6260e43d32d79ba0306bb6759303519.jpg', 960, 540, 'F', 'F'),
	(458, 66, '//s6.kh1.co/e3/e335971b004f50802f9b228384f79c2deeb440ab.jpg', 568, 320, 'F', 'F'),
	(459, 66, '//s6.kh1.co/ec/ecd81690f349d942d8e4c8c879a026d408f2ea64.jpg', 960, 540, 'F', 'F'),
	(460, 66, '//s6.kh1.co/8e/8e1b693f92272a2c2f273a0a22a51256e310085d.jpg', 960, 540, 'T', 'F'),
	(461, 66, '//s5.kh1.co/d4/d4d3fe3b6c85d04f680e62906af872120a5cdb12.jpg', 960, 540, 'F', 'F'),
	(462, 66, '//s4.kh1.co/c4/c4c2f251c5ed5f54295ceda8a3a9982e8ebeb906.jpg', 960, 540, 'F', 'F'),
	(463, 66, '//s4.kh1.co/c4/c4c2f251c5ed5f54295ceda8a3a9982e8ebeb906.jpg', 960, 540, 'F', 'F'),
	(464, 66, '//s5.kh1.co/15/152ada1d528d55ba22e824253417996af2df68b4.jpg', 960, 540, 'F', 'F'),
	(465, 67, '//s5.kh1.co/7a/7a0e91fbf2387d9712331aa29cef53d7d25d6e04.jpg', 960, 676, 'T', 'F'),
	(466, 67, '//s4.kh1.co/f4/f4f9a2f65306d6bc948233d9ca5f5998f1f80dc8.jpg', 960, 472, 'F', 'F'),
	(467, 67, '//s6.kh1.co/53/53944d791704562f74f62c024808cad43d177df7.jpg', 960, 720, 'F', 'F'),
	(468, 69, '//s6.kh1.co/b8/b8d0f52ea9ad5925f1553e8c62ab1c1759a34099.jpg', 480, 360, 'F', 'F'),
	(469, 69, '//s6.kh1.co/53/532e3f0a1d13d4448f4df77b21c09681ff39f35a.jpg', 960, 720, 'T', 'F'),
	(470, 69, '//s5.kh1.co/15/153a1ad4387b19e16cf0a45dec8e5017bb531541.jpg', 960, 720, 'F', 'F'),
	(471, 70, '//s6.kh1.co/2b/2b58ceb7835d5cd44bc4a24e4c79401a7fc5427e.jpg', 750, 1000, 'F', 'F'),
	(472, 70, '//s6.kh1.co/8e/8e1810f2dc9b3573397e8132cdc433e77a022dd6.jpg', 750, 1000, 'F', 'F'),
	(473, 70, '//s6.kh1.co/e3/e3e49aa584720d630eff2069273f735576525ba9.jpg', 1000, 561, 'T', 'F'),
	(474, 71, '//s4.kh1.co/3a/3aa35430cd54d12e9681d6a713ef7595e427e34d.jpg', 960, 473, 'F', 'F'),
	(475, 71, '//s6.kh1.co/b3/b334f1486b137ab61eba23d2087694ea54151415.jpg', 960, 507, 'T', 'F'),
	(476, 71, '//s4.kh1.co/08/0878f5be6a84eca17b46d983db35e51a8f99c56f.jpg', 960, 640, 'F', 'F'),
	(477, 71, '//s4.kh1.co/69/6910efc4fa3e032af4045fd267c231cd89578fa0.jpg', 960, 640, 'F', 'F'),
	(478, 71, '//s4.kh1.co/3f/3f47c9ba033815cfaab82f28ed6ae1f754cfc186.jpg', 640, 309, 'F', 'F'),
	(479, 71, '//s6.kh1.co/bc/bc6036ac966e944da8e772b10d9ec9e969ab9033.jpg', 960, 640, 'F', 'F'),
	(480, 71, '//s4.kh1.co/3a/3aa35430cd54d12e9681d6a713ef7595e427e34d.jpg', 960, 473, 'F', 'F'),
	(481, 71, '//s6.kh1.co/b3/b334f1486b137ab61eba23d2087694ea54151415.jpg', 960, 507, 'F', 'F'),
	(482, 71, '//s4.kh1.co/08/0878f5be6a84eca17b46d983db35e51a8f99c56f.jpg', 960, 640, 'F', 'F'),
	(483, 71, '//s4.kh1.co/69/6910efc4fa3e032af4045fd267c231cd89578fa0.jpg', 960, 640, 'F', 'F'),
	(484, 71, '//s4.kh1.co/3f/3f47c9ba033815cfaab82f28ed6ae1f754cfc186.jpg', 640, 309, 'F', 'F'),
	(485, 71, '//s6.kh1.co/bc/bc6036ac966e944da8e772b10d9ec9e969ab9033.jpg', 960, 640, 'F', 'F'),
	(486, 72, '//s6.kh1.co/87/8746911dccb906e6ff06ac2cced1482edd05dcb6.jpg', 960, 640, 'F', 'F'),
	(487, 72, '//s5.kh1.co/dc/dc3eb1d7e6089e6b547d58f3279bf765ba8d7f0c.jpg', 619, 320, 'F', 'F'),
	(488, 72, '//s6.kh1.co/ed/ed466ec6511d7743457b044a4edb95fb915d2235.jpg', 960, 640, 'F', 'F'),
	(489, 72, '//s6.kh1.co/2c/2cf4afe36f1d470601e9862b963ccd079546e96c.jpg', 960, 640, 'F', 'F'),
	(490, 72, '//s6.kh1.co/54/54f339cfd16e73a7659d5dc9cdf4c80506ac4ad2.jpg', 960, 640, 'F', 'F'),
	(491, 72, '//s6.kh1.co/8d/8d00eefc41354215e3ac583b79df1b8cd6d19e94.jpg', 960, 446, 'F', 'F'),
	(492, 72, '//s6.kh1.co/8f/8ff1fdfec903a8c6844b39bbb298913a05c14eb5.jpg', 960, 496, 'F', 'F'),
	(493, 72, '//s5.kh1.co/a7/a7a118cdd225a99eeb67ab24554d6c527f54b145.jpg', 960, 640, 'F', 'F'),
	(494, 72, '//s6.kh1.co/87/8746911dccb906e6ff06ac2cced1482edd05dcb6.jpg', 960, 640, 'F', 'F'),
	(495, 72, '//s5.kh1.co/dc/dc3eb1d7e6089e6b547d58f3279bf765ba8d7f0c.jpg', 619, 320, 'F', 'F'),
	(496, 72, '//s6.kh1.co/ed/ed466ec6511d7743457b044a4edb95fb915d2235.jpg', 960, 640, 'F', 'F'),
	(497, 72, '//s6.kh1.co/2c/2cf4afe36f1d470601e9862b963ccd079546e96c.jpg', 960, 640, 'F', 'F'),
	(498, 72, '//s6.kh1.co/54/54f339cfd16e73a7659d5dc9cdf4c80506ac4ad2.jpg', 960, 640, 'F', 'F'),
	(499, 72, '//s6.kh1.co/8d/8d00eefc41354215e3ac583b79df1b8cd6d19e94.jpg', 960, 446, 'F', 'F'),
	(500, 72, '//s6.kh1.co/8f/8ff1fdfec903a8c6844b39bbb298913a05c14eb5.jpg', 960, 496, 'T', 'F'),
	(501, 72, '//s5.kh1.co/a7/a7a118cdd225a99eeb67ab24554d6c527f54b145.jpg', 960, 640, 'F', 'F'),
	(502, 73, '//s5.kh1.co/a7/a77a0bf1d594d61c66146caa56ae2693ab078cc4.jpg', 960, 560, 'T', 'F'),
	(503, 73, '//s5.kh1.co/4f/4ffbacccf0f876860a89808a14c16178fcd87f77.jpg', 960, 622, 'F', 'F'),
	(504, 73, '//s4.kh1.co/0a/0a898804d1089c8474163f0f37dcd68a0b42a4fb.jpg', 960, 640, 'F', 'F'),
	(505, 73, '//s6.kh1.co/23/233b00b0c564374c3e56ded8b85d63b61e75a604.jpg', 960, 640, 'F', 'F'),
	(506, 73, '//s4.kh1.co/3b/3ba174dfcc7968f6f7be62eb552c5be86cf746b8.jpg', 960, 640, 'F', 'F'),
	(507, 73, '//s5.kh1.co/76/76c03a8f1a47d19a098da35f2b9c970e956b56f0.jpg', 960, 569, 'F', 'F'),
	(508, 74, '//s6.kh1.co/b6/b65a7b7debcff7f469e6a2eee5b04fe077164327.jpg', 960, 640, 'F', 'F'),
	(509, 74, '//s6.kh1.co/57/57b38360e75f7f361c6c5f0d53c0ea24d02df618.jpg', 960, 640, 'F', 'F'),
	(510, 74, '//s4.kh1.co/0c/0c54afd90700f654a46ff0268b547d582d40efee.jpg', 960, 640, 'F', 'F'),
	(511, 74, '//s4.kh1.co/31/312e3464cbcc6a29232f6dd7c485e8db6f32f479.jpg', 497, 320, 'F', 'F'),
	(512, 74, '//s6.kh1.co/e4/e47ea4f2d06e7daecef1866a20b55905af420576.jpg', 960, 640, 'F', 'F'),
	(513, 74, '//s4.kh1.co/01/01f29d88fda332dac4163e42985ff9a0195cbec3.jpg', 960, 577, 'T', 'F'),
	(514, 74, '//s4.kh1.co/c2/c2d2585c53690a577c6438a593aa405a85d97948.jpg', 960, 583, 'F', 'F'),
	(515, 74, '//s5.kh1.co/ab/ab49d4fb1c8fe1fdc86c0a3485f4ebe09e02d28e.jpg', 960, 586, 'F', 'F'),
	(516, 74, '//s4.kh1.co/07/07b8dd6b80caa6df58d949a0eef271ecc3bfc343.jpg', 960, 607, 'F', 'F'),
	(517, 75, '//s6.kh1.co/8a/8a44653f6106708c3e7d62804c5b7bd7092f3d3d.jpg', 960, 574, 'F', 'F'),
	(518, 75, '//s6.kh1.co/8a/8a44653f6106708c3e7d62804c5b7bd7092f3d3d.jpg', 960, 574, 'F', 'T'),
	(519, 75, '//s4.kh1.co/0e/0efe418f806e2943edcab2090cf9cd49d1f90caa.jpg', 960, 541, 'T', 'F'),
	(520, 75, '//s5.kh1.co/aa/aa021933b36f48dbd7471ca46a5e1227cc47129b.jpg', 960, 474, 'F', 'F'),
	(521, 75, '//s4.kh1.co/6c/6c5fa630ee30b97a9b48998ada8e5779ec9e6c41.jpg', 960, 640, 'F', 'F'),
	(522, 75, '//s6.kh1.co/8a/8a45c81229c58cb069dc83dbe391469f00b0273e.jpg', 960, 499, 'F', 'F'),
	(523, 75, '//s5.kh1.co/75/7539006a1d71f11d593233ecc1298637ae2b3240.jpg', 960, 640, 'F', 'F'),
	(524, 75, '//s5.kh1.co/a5/a5ad34acfb327f5df7307d23f5e9f9faf506445f.jpg', 542, 320, 'F', 'F'),
	(525, 75, '//s4.kh1.co/c8/c804aee56c5146e30b9358336790bd1c498ab825.jpg', 960, 640, 'F', 'F'),
	(526, 75, '//s6.kh1.co/24/24720a30bb5caa62b0ea6bb3d0820baf45a9082a.jpg', 960, 640, 'F', 'F'),
	(527, 76, '//s6.kh1.co/2e/2e9760983f9c41368196c4dc97768ebf928fc1e1.jpg', 960, 640, 'F', 'F'),
	(528, 76, '//s6.kh1.co/b6/b65a7b7debcff7f469e6a2eee5b04fe077164327.jpg', 960, 640, 'F', 'F'),
	(529, 76, '//s6.kh1.co/57/57b38360e75f7f361c6c5f0d53c0ea24d02df618.jpg', 960, 640, 'F', 'F'),
	(530, 76, '//s5.kh1.co/74/744cc58eb8da2366e26fcf5ba7e00d3254303ecb.jpg', 960, 618, 'T', 'F'),
	(531, 76, '//s6.kh1.co/e4/e47ea4f2d06e7daecef1866a20b55905af420576.jpg', 960, 640, 'F', 'F'),
	(532, 76, '//s4.kh1.co/01/01f29d88fda332dac4163e42985ff9a0195cbec3.jpg', 960, 577, 'F', 'F'),
	(533, 76, '//s4.kh1.co/3e/3e35b6d4a3f54de5ec38fa613fd8bed4d77a42c1.jpg', 960, 640, 'F', 'F'),
	(534, 76, '//s5.kh1.co/ab/ab49d4fb1c8fe1fdc86c0a3485f4ebe09e02d28e.jpg', 960, 586, 'F', 'F'),
	(535, 77, '//s4.kh1.co/c2/c29d6b12194bf7f01cee19ed36e2674c6a4b99c0.jpg', 960, 640, 'F', 'F'),
	(536, 77, '//s4.kh1.co/f8/f816900302107b99d4f6c36c854c86ad6e9e4e28.jpg', 960, 587, 'F', 'F'),
	(537, 77, '//s4.kh1.co/97/97d6bc2560ea2bd4000974f9161bf899973a3a5c.jpg', 960, 640, 'F', 'F'),
	(538, 77, '//s5.kh1.co/48/48e5000d8c62d2a43541b823441943b9271f365f.jpg', 960, 525, 'T', 'F'),
	(539, 77, '//s5.kh1.co/af/af23c04c147dd00aef353f2a603c6d4da1c31892.jpg', 960, 640, 'F', 'F'),
	(540, 77, '//s6.kh1.co/85/85a9cc9f5d1338aa40cebd5d06140a68db8256bf.jpg', 533, 320, 'F', 'F'),
	(541, 78, '//s5.kh1.co/a7/a77a0bf1d594d61c66146caa56ae2693ab078cc4.jpg', 960, 560, 'T', 'F'),
	(542, 78, '//s5.kh1.co/4f/4ffbacccf0f876860a89808a14c16178fcd87f77.jpg', 960, 622, 'F', 'F'),
	(543, 78, '//s4.kh1.co/0a/0a898804d1089c8474163f0f37dcd68a0b42a4fb.jpg', 960, 640, 'F', 'F'),
	(544, 78, '//s6.kh1.co/23/233b00b0c564374c3e56ded8b85d63b61e75a604.jpg', 960, 640, 'F', 'F'),
	(545, 78, '//s4.kh1.co/3b/3ba174dfcc7968f6f7be62eb552c5be86cf746b8.jpg', 960, 640, 'F', 'F'),
	(546, 78, '//s5.kh1.co/76/76c03a8f1a47d19a098da35f2b9c970e956b56f0.jpg', 960, 569, 'F', 'F'),
	(547, 79, '//s6.kh1.co/5c/5c0e698bf797e73bff072804d4ce88492af6aa36.jpg', 960, 720, 'F', 'F'),
	(548, 79, '//s5.kh1.co/74/74145cd0130c027c0612662e9e417715243e072a.jpg', 960, 720, 'F', 'F'),
	(549, 79, '//s5.kh1.co/42/4239861de5d02da44bae274e89216afa12cedd25.jpg', 960, 476, 'F', 'F'),
	(550, 79, '//s4.kh1.co/30/30d507eac559679c2a466224fe686ed677dd2586.jpg', 960, 640, 'F', 'F'),
	(551, 79, '//s6.kh1.co/29/29e412a437a40c4d06cc7886502cb05e560ccfa9.jpg', 960, 720, 'F', 'F'),
	(552, 79, '//s4.kh1.co/f7/f74ff4bbfc28d04cb25bec34e3040619e1e044f5.jpg', 960, 574, 'T', 'F'),
	(553, 79, '//s6.kh1.co/b4/b4d71c0d38aa078c780c145b51424e2ba9dc2b4b.jpg', 960, 437, 'F', 'F'),
	(554, 79, '//s5.kh1.co/db/db7390dc12ceac8f35e84ea6cd633fd8b06c169c.jpg', 960, 604, 'F', 'F'),
	(555, 79, '//s6.kh1.co/e7/e761d51bb130e932eac301f8e528d14005c92477.jpg', 960, 720, 'F', 'F'),
	(556, 79, '//s4.kh1.co/36/364160dbf99cdc910d4390d10ae8fa8daf5c84f0.jpg', 577, 320, 'F', 'F'),
	(557, 80, '//s5.kh1.co/18/186abc43ed26a2f61e1aeba65d3a163cf7cb0d01.jpg', NULL, NULL, 'F', 'F'),
	(558, 80, '//s6.kh1.co/51/515109f44263d5ebc7098790c007f878e8f05caa.jpg', 960, 588, 'F', 'F'),
	(559, 80, '//s6.kh1.co/e6/e6fb9256f992c16eb91aaa5ef0c9c7934ade9020.jpg', 960, 480, 'F', 'F'),
	(560, 80, '//s5.kh1.co/47/47d7c3c9e739725fbedd76a1fd9169d07fd85902.jpg', 960, 522, 'T', 'F'),
	(561, 80, '//s5.kh1.co/a9/a92e258f7595647580a7d992fc712a230357fd26.jpg', 960, 640, 'F', 'F'),
	(562, 80, '//s6.kh1.co/56/568d36fc101e22ada6d1c51bf800ad144376dd03.jpg', 960, 640, 'F', 'F'),
	(563, 80, '//s4.kh1.co/f8/f84651da99f13bf1361afe5754b04cad7c50f930.jpg', 960, 640, 'F', 'F'),
	(564, 80, '//s5.kh1.co/1f/1f8e6714f340f1f6148242c8b24b026f3e83bb6f.jpg', 513, 320, 'F', 'F'),
	(565, 80, '//s5.kh1.co/14/14ad3b560fd66d45aaf6ddb57b13eb725e9e10a0.jpg', 960, 640, 'F', 'F'),
	(566, 80, '//s6.kh1.co/be/bec2688a6b61ec5c75ae58988c59f333c030e25b.jpg', 960, 640, 'F', 'F'),
	(567, 81, '//s5.kh1.co/1e/1ea13e318c39a3f10721753d424fb5fae5422091.jpg', 960, 720, 'F', 'F'),
	(568, 81, '//s5.kh1.co/1a/1aa9fd6dd24c0fa335c3fbf1d4f3a9ac95e629fd.jpg', 960, 720, 'F', 'F'),
	(569, 81, '//s6.kh1.co/59/597b57f015a40f1304ec3481f46181dea2b29dcc.jpg', 960, 720, 'F', 'F'),
	(570, 81, '//s4.kh1.co/c0/c0131a9c6896e9e0012928d2effe789073006e7a.jpg', 960, 720, 'F', 'F'),
	(571, 81, '//s4.kh1.co/3c/3cbe3042a912af8b06196fa609b5df4f17d2a677.jpg', 960, 720, 'F', 'F'),
	(572, 81, '//s4.kh1.co/3f/3f6f94d8f0e0080b70ab33765d41dd080596cf88.jpg', 960, 720, 'F', 'F'),
	(573, 81, '//s4.kh1.co/01/015ce0634eb982ede4d03ba5a798fb72dc439c1a.jpg', 480, 360, 'F', 'F'),
	(574, 81, '//s5.kh1.co/71/719d8a28ac0411907b32f89a1dc71917a5d5a816.jpg', 960, 720, 'F', 'F'),
	(575, 81, '//s5.kh1.co/aa/aaa5dadcd90e1c5524a85fc42bf48e64b0c4eeec.jpg', 960, 720, 'F', 'F'),
	(576, 81, '//s4.kh1.co/0a/0a2d01b74e822a83acc10e784e9b85e20d15330c.jpg', 960, 720, 'T', 'F'),
	(577, 81, '//s6.kh1.co/ee/eea22f41e05ddf1256cd4407e21fd36c97c5f30b.jpg', 960, 720, 'F', 'F'),
	(578, 82, '//s5.kh1.co/79/79965cd7a2ae45a3745acc34d46bfb60f5f21f3f.jpg', 960, 640, 'F', 'F'),
	(579, 82, '//s4.kh1.co/f5/f54ce44f9b1a232281e2d0eb15936d2df60dd08b.jpg', 960, 550, 'T', 'F'),
	(580, 82, '//s4.kh1.co/f4/f4a07ac76eb74fb542d5615e897fe63921231955.jpg', 960, 558, 'F', 'F'),
	(581, 82, '//s5.kh1.co/a8/a8d1864eb90be6355670a8a6406b9b37cec1ae60.jpg', 960, 606, 'F', 'F'),
	(582, 82, '//s6.kh1.co/bd/bd1d7fbc5d997d7522a2dbc18ca792cbc265701a.jpg', 960, 548, 'F', 'F'),
	(583, 82, '//s5.kh1.co/4a/4a9e60b4b81048d4d8b52da9910903e81f7cc781.jpg', 960, 584, 'F', 'F'),
	(584, 82, '//s6.kh1.co/21/213597090a0b0364a06070067d9f512cabfe2525.jpg', 960, 540, 'F', 'F'),
	(585, 83, '//s6.kh1.co/22/22114e29fde5bc4683d93c643de123b748161398.jpg', 960, 639, 'T', 'F'),
	(586, 83, '//s4.kh1.co/0a/0ada6d85dd5311f52ba6e48afff02b9a0902e9bb.jpg', 960, 639, 'F', 'F'),
	(587, 83, '//s4.kh1.co/3c/3c8e8180512288c5e133a2e4845f76eaefc89298.jpg', 960, 639, 'F', 'F'),
	(588, 83, '//s5.kh1.co/dd/ddfc61fceff82b128c4c0ce732d106631cc8fe75.jpg', 960, 639, 'F', 'F'),
	(589, 83, '//s4.kh1.co/37/37d946ae16351305411fbac64432a6a9ee424f49.jpg', 960, 720, 'F', 'F'),
	(590, 83, '//s5.kh1.co/a7/a77bd7a0a8b77598fbf150ff0a34da0707339d05.jpg', 960, 639, 'F', 'F'),
	(591, 83, '//s4.kh1.co/94/9462693ddbc4bee2ad54daf7cac7cafb90d80b2c.jpg', 960, 639, 'F', 'F'),
	(592, 83, '//s6.kh1.co/86/86210e53aab39307e22e2479cb38167112041140.jpg', 960, 639, 'F', 'F'),
	(593, 83, '//s5.kh1.co/af/af59a4743e86fccdc58b5f8e135c43193365826b.jpg', 960, 639, 'F', 'F'),
	(594, 84, '//s5.kh1.co/45/45eb7bd334d213fe89082afd0fe6df895abd33b5.jpg', 960, 639, 'F', 'F'),
	(595, 84, '//s5.kh1.co/47/47bdcf3a33a7607f9dda084c42ceb8bda97b2e1c.jpg', 960, 639, 'F', 'F'),
	(596, 84, '//s6.kh1.co/28/28ac65737b15f86ee905ab01fe907208bcf95bb2.jpg', 960, 639, 'F', 'F'),
	(597, 84, '//s4.kh1.co/ff/ff56de108150010769aca04fb2e3ac0b7177a89f.jpg', 960, 639, 'F', 'F'),
	(598, 84, '//s6.kh1.co/5f/5fadd2dfebd2de946f0b4bc609e9da705158b6cd.jpg', 960, 639, 'T', 'F'),
	(599, 84, '//s5.kh1.co/11/11c7a4a96405f3dd9495a05fa03dd820ed98435d.jpg', 960, 639, 'F', 'F'),
	(600, 84, '//s4.kh1.co/cd/cdbaec37bad94f879c57c7fdc8b9457afccac3a9.jpg', 960, 639, 'F', 'F'),
	(601, 85, '//s4.kh1.co/f6/f6022f2c5f4e0d140d660be20a01283a3a85ee99.jpg', 960, 540, 'T', 'F'),
	(602, 86, '//s5.kh1.co/d6/d650f90ee51b13ef8b156df460eb04723829c8db.jpg', 720, 960, 'F', 'F'),
	(603, 86, '//s4.kh1.co/35/3536a21f63f630fd3c3b26eabb64c431d590e7be.jpg', 960, 720, 'T', 'F'),
	(604, 86, '//s4.kh1.co/f0/f088d55341d37cdaa18536a145ebdd49a29a4738.jpg', 720, 960, 'F', 'F'),
	(605, 86, '//s6.kh1.co/2a/2ab1f74bb0e28e1a5f7505fcd54217e8c7aab047.jpg', 720, 960, 'F', 'F'),
	(606, 86, '//s6.kh1.co/55/5517d475043fdaaf81ae01b823ffb727ee7e1a10.jpg', 960, 720, 'F', 'F'),
	(607, 86, '//s4.kh1.co/c1/c14789fa3cf94f7a9c76bf9c27a6bf145b97eff1.jpg', 720, 960, 'F', 'F'),
	(608, 86, '//s4.kh1.co/9d/9d31a18861ae8968eb34d9bd0a46e24335699e38.jpg', 720, 960, 'F', 'F'),
	(609, 86, '//s4.kh1.co/c7/c764859d8dd8b62435703a157e65061aafb489cb.jpg', 960, 720, 'F', 'F'),
	(610, 86, '//s5.kh1.co/47/47789697c9ab3b64acdb975f47b76b073cc82602.jpg', 960, 720, 'F', 'F'),
	(611, 86, '//s6.kh1.co/89/89ece2b571d070ef76bb47f63df65d0c7a6a95a8.jpg', 720, 960, 'F', 'F'),
	(612, 86, '//s4.kh1.co/cb/cb1314e7c9529b0c762f6935d3c3e53652abe7bd.jpg', 960, 720, 'F', 'F'),
	(613, 87, '//s5.kh1.co/d0/d00189be50a562d6291ebf42c89e7f0295cabef1.jpg', 960, 720, 'F', 'F'),
	(614, 87, '//s6.kh1.co/b6/b6d9a57a723fad7a69f2e491194eeccf039223de.jpg', 960, 720, 'F', 'T'),
	(615, 87, '//s4.kh1.co/9c/9c0a1e675f4c1ee40650564de7645ccf14b65f96.jpg', 960, 720, 'F', 'T'),
	(616, 87, '//s4.kh1.co/35/35fc0e8282feb8b8596b50bdff8f892c8a00100c.jpg', 960, 720, 'F', 'T'),
	(617, 87, '//s5.kh1.co/db/db0c81e0dd2d1b7bc9266e2887e9cb14ca984634.jpg', 960, 720, 'F', 'T'),
	(618, 87, '//s5.kh1.co/43/4319c99c778d40ef46e3d10b434d0c103f1bb404.jpg', 960, 720, 'F', 'T'),
	(619, 87, '//s4.kh1.co/97/97f8a41cb5fb248be9e966f72dd20a5a33c7e09b.jpg', 960, 720, 'F', 'T'),
	(620, 87, '//s5.kh1.co/79/7921e0a19225d4bbcc49ee7f2c8f93b245c26214.jpg', 960, 720, 'F', 'T'),
	(621, 87, '//s6.kh1.co/ef/ef1904b33ae93ff2b9d6c524e0300c21001515c9.jpg', 960, 720, 'F', 'T'),
	(622, 87, '//s4.kh1.co/6d/6d4057939ae8538615109c86b0d42df2abb208d3.jpg', 960, 720, 'F', 'T'),
	(623, 87, '//s5.kh1.co/af/af251649f3a6895ad44d090da2d4aec23e4fa0c5.jpg', 960, 720, 'F', 'T'),
	(624, 87, '//s6.kh1.co/ea/eac984cbc1be47be68ec88e8d45d31581a468e20.jpg', 960, 720, 'F', 'T'),
	(625, 87, '//s5.kh1.co/d0/d00189be50a562d6291ebf42c89e7f0295cabef1.jpg', 960, 720, 'F', 'T'),
	(626, 87, '//s6.kh1.co/b6/b6d9a57a723fad7a69f2e491194eeccf039223de.jpg', 960, 720, 'F', 'F'),
	(627, 87, '//s4.kh1.co/9c/9c0a1e675f4c1ee40650564de7645ccf14b65f96.jpg', 960, 720, 'F', 'F'),
	(628, 87, '//s4.kh1.co/35/35fc0e8282feb8b8596b50bdff8f892c8a00100c.jpg', 960, 720, 'F', 'F'),
	(629, 87, '//s5.kh1.co/db/db0c81e0dd2d1b7bc9266e2887e9cb14ca984634.jpg', 960, 720, 'F', 'F'),
	(630, 87, '//s5.kh1.co/43/4319c99c778d40ef46e3d10b434d0c103f1bb404.jpg', 960, 720, 'F', 'F'),
	(631, 87, '//s4.kh1.co/97/97f8a41cb5fb248be9e966f72dd20a5a33c7e09b.jpg', 960, 720, 'F', 'F'),
	(632, 87, '//s5.kh1.co/79/7921e0a19225d4bbcc49ee7f2c8f93b245c26214.jpg', 960, 720, 'F', 'F'),
	(633, 87, '//s6.kh1.co/ef/ef1904b33ae93ff2b9d6c524e0300c21001515c9.jpg', 960, 720, 'T', 'F'),
	(634, 87, '//s4.kh1.co/6d/6d4057939ae8538615109c86b0d42df2abb208d3.jpg', 960, 720, 'F', 'F'),
	(635, 87, '//s5.kh1.co/af/af251649f3a6895ad44d090da2d4aec23e4fa0c5.jpg', 960, 720, 'F', 'F'),
	(636, 87, '//s6.kh1.co/ea/eac984cbc1be47be68ec88e8d45d31581a468e20.jpg', 960, 720, 'F', 'F'),
	(637, 88, '//s4.kh1.co/06/0605127f0ba0cd66538161dd67959200ee5d952e.jpg', 541, 960, 'F', 'F'),
	(638, 88, '//s4.kh1.co/fd/fd3a180c9e6481cd462b57f1b02676dbcb1b3196.jpg', 960, 541, 'T', 'F'),
	(639, 89, '//s4.kh1.co/68/68035614ecbca75b69fe9ff0c6502c7c888dad27.jpg', 720, 960, 'F', 'F'),
	(640, 89, '//s4.kh1.co/0b/0b80363b253fe16585567e4a019f4f8940db1ff1.jpg', 960, 720, 'T', 'F'),
	(641, 89, '//s6.kh1.co/2f/2f46e34afc7e3a2eb70b6de34aa64a92e62ffb72.jpg', 720, 960, 'F', 'F'),
	(642, 89, '//s6.kh1.co/b3/b3ffdbe5b74f2f49941170f36bc5da896d76a174.jpg', 720, 960, 'F', 'F'),
	(643, 89, '//s4.kh1.co/3c/3c640d4e8bd6ba0ce71235d2cfb7bdea59bd27f1.jpg', 720, 960, 'F', 'F'),
	(644, 90, '//s6.kh1.co/ba/ba7262f35f1c0efbb1fa5e060d09707d13d30212.jpg', 960, 720, 'T', 'F'),
	(645, 90, '//s5.kh1.co/41/412d7c68696727a4b54c915b9e6710000c35bee8.jpg', 960, 720, 'F', 'F'),
	(646, 91, '//s6.kh1.co/59/594fe4bd16d27552bf9f8d7636bb4b30964d4ff0.jpg', 1000, 750, 'T', 'F'),
	(647, 91, '//s6.kh1.co/bc/bcedd7225017bdeb86775400acccb53ccfd096fe.jpg', 1000, 750, 'F', 'F'),
	(648, 91, '//s5.kh1.co/ac/ac5580f17866c33ab30bcc802cabe1146ef3899f.jpg', 1000, 750, 'F', 'F'),
	(649, 91, '//s6.kh1.co/88/884da31e284983fc77e2fbe4e882d6f182a9ca95.jpg', 1000, 750, 'F', 'F'),
	(650, 93, '//s5.kh1.co/4c/4c5e1ef2e685ff51d31028636a68bc8009d96b21.jpg', 1000, 750, 'T', 'F'),
	(651, 97, '//s5.kh1.co/db/db9aecb181cd64618f093fe2a22f95a16437a3dc.jpg', 900, 800, 'F', 'F'),
	(652, 97, '//s5.kh1.co/a9/a9f2f7fad991a6d329af5204a426038e2c230cb3.jpg', 900, 800, 'F', 'F'),
	(653, 98, '//s4.kh1.co/95/954bbece078bd69474082118f49ab31541d58084.jpg', 720, 960, 'F', 'F'),
	(654, 98, '//s4.kh1.co/fd/fd119d98c1d2d862c6ff1f1f74339a71c3f3af57.jpg', 720, 960, 'F', 'F'),
	(655, 98, '//s4.kh1.co/9b/9b275aba68139619583432064eb7d3ce99ef4c2b.jpg', 720, 960, 'F', 'F'),
	(656, 98, '//s5.kh1.co/a2/a22f5753e93fa2c1e6a4bd7c500ac8f3f5034041.jpg', 720, 960, 'F', 'F'),
	(657, 98, '//s5.kh1.co/17/17941c6b52090187e6349756168309139117f6d4.jpg', 720, 960, 'F', 'F'),
	(658, 98, '//s5.kh1.co/73/73d2b6863da3f9932f9193939fad16f5f5845b00.jpg', 720, 960, 'F', 'F'),
	(659, 98, '//s4.kh1.co/cc/ccc4c23f34cb8408af82462228ea1231f94b0b3a.jpg', 960, 720, 'F', 'F'),
	(660, 98, '//s5.kh1.co/11/11d97cb55cef34c179b3e3b939ca22510dfcd81c.jpg', 960, 720, 'T', 'F'),
	(661, 98, '//s5.kh1.co/1d/1dbcb4a2bf5861a7b3d2856843e07c7a0f89065c.jpg', 720, 960, 'F', 'F'),
	(662, 98, '//s4.kh1.co/6c/6ce47afe6abd1c8caf8fd28950829b3b8f6b1cf3.jpg', 960, 720, 'F', 'F'),
	(663, 99, '//s5.kh1.co/d8/d8ef6a3c161e0fb2322dc584e3f49f7d4062835f.jpg', 720, 960, 'F', 'F'),
	(664, 99, '//s4.kh1.co/cd/cdbb91b2f31ba835f84dca729f350b3bfd97de00.jpg', 720, 960, 'F', 'F'),
	(665, 99, '//s5.kh1.co/d0/d0c1055199d875f93b8399da5a0f60c3b76f6889.jpg', 960, 720, 'T', 'F'),
	(666, 99, '//s4.kh1.co/fe/fec878028d80800531967c65c1eddb499d53a04e.jpg', 960, 720, 'F', 'F'),
	(667, 99, '//s4.kh1.co/9d/9d8cf5ed7bf2481a3f9e59596ff5692c789e29ef.jpg', 720, 960, 'F', 'F'),
	(668, 99, '//s6.kh1.co/2d/2d9eb14871f4601a17873e4da56a0939b1f0e37f.jpg', 720, 960, 'F', 'F'),
	(669, 99, '//s6.kh1.co/85/853e59be1a6ad67e0f9476c9686ef56a6521f980.jpg', 960, 720, 'F', 'F'),
	(670, 99, '//s4.kh1.co/0d/0d9b1515360f78683cbf1022b32b3d98036818ae.jpg', 720, 960, 'F', 'F'),
	(671, 99, '//s6.kh1.co/82/8235b0c054875d3ac806d71ed0e4f61b57f40f16.jpg', 720, 960, 'F', 'F'),
	(672, 99, '//s4.kh1.co/0f/0fbbdffe0319e5b9b19fac759bf71b5ec8b39831.jpg', 720, 960, 'F', 'F'),
	(673, 99, '//s4.kh1.co/94/94c15a33dda54f540e1fe376fbe1dac8e5e7693a.jpg', 720, 960, 'F', 'F'),
	(674, 99, '//s5.kh1.co/d8/d8ef6a3c161e0fb2322dc584e3f49f7d4062835f.jpg', 720, 960, 'F', 'F'),
	(675, 99, '//s4.kh1.co/cd/cdbb91b2f31ba835f84dca729f350b3bfd97de00.jpg', 720, 960, 'F', 'F'),
	(676, 99, '//s5.kh1.co/d0/d0c1055199d875f93b8399da5a0f60c3b76f6889.jpg', 960, 720, 'F', 'F'),
	(677, 99, '//s4.kh1.co/fe/fec878028d80800531967c65c1eddb499d53a04e.jpg', 960, 720, 'F', 'F'),
	(678, 99, '//s4.kh1.co/9d/9d8cf5ed7bf2481a3f9e59596ff5692c789e29ef.jpg', 720, 960, 'F', 'F'),
	(679, 99, '//s6.kh1.co/2d/2d9eb14871f4601a17873e4da56a0939b1f0e37f.jpg', 720, 960, 'F', 'F'),
	(680, 99, '//s6.kh1.co/85/853e59be1a6ad67e0f9476c9686ef56a6521f980.jpg', 960, 720, 'F', 'F'),
	(681, 99, '//s4.kh1.co/0d/0d9b1515360f78683cbf1022b32b3d98036818ae.jpg', 720, 960, 'F', 'F'),
	(682, 99, '//s6.kh1.co/82/8235b0c054875d3ac806d71ed0e4f61b57f40f16.jpg', 720, 960, 'F', 'F'),
	(683, 99, '//s4.kh1.co/0f/0fbbdffe0319e5b9b19fac759bf71b5ec8b39831.jpg', 720, 960, 'F', 'F'),
	(684, 99, '//s4.kh1.co/94/94c15a33dda54f540e1fe376fbe1dac8e5e7693a.jpg', 720, 960, 'F', 'F'),
	(685, 100, '//s4.kh1.co/94/94c15a33dda54f540e1fe376fbe1dac8e5e7693a.jpg', 720, 960, 'F', 'F'),
	(686, 100, '//s4.kh1.co/fe/fec878028d80800531967c65c1eddb499d53a04e.jpg', 960, 720, 'F', 'F'),
	(687, 100, '//s6.kh1.co/2d/2d9eb14871f4601a17873e4da56a0939b1f0e37f.jpg', 720, 960, 'F', 'F'),
	(688, 100, '//s6.kh1.co/82/8235b0c054875d3ac806d71ed0e4f61b57f40f16.jpg', 720, 960, 'F', 'F'),
	(689, 100, '//s4.kh1.co/0d/0d9b1515360f78683cbf1022b32b3d98036818ae.jpg', 720, 960, 'F', 'F'),
	(690, 100, '//s4.kh1.co/9d/9d8cf5ed7bf2481a3f9e59596ff5692c789e29ef.jpg', 720, 960, 'F', 'F'),
	(691, 100, '//s6.kh1.co/85/853e59be1a6ad67e0f9476c9686ef56a6521f980.jpg', 960, 720, 'T', 'F'),
	(692, 101, '//s4.kh1.co/0d/0da22856efcd689f6869f4a7cad4678ee037d391.jpg', 720, 960, 'F', 'F'),
	(693, 101, '//s5.kh1.co/1a/1a796d9eb166ea9869e08517c558fc50b7d17ef6.jpg', 960, 720, 'T', 'F'),
	(694, 101, '//s5.kh1.co/d7/d7b96748f17261248a61f06a49186330f5674e91.jpg', 960, 720, 'F', 'F'),
	(695, 101, '//s4.kh1.co/38/38a0e44bbcc415d91555754912ca09b770b44894.jpg', 960, 720, 'F', 'F'),
	(696, 101, '//s6.kh1.co/5e/5edb4c73ae5bf62a4e1e7afac2d9410d81049b95.jpg', 960, 720, 'F', 'F'),
	(697, 101, '//s4.kh1.co/f6/f6ccefb44558c60d9215ef11ba8858c2ca585168.jpg', 720, 960, 'F', 'F'),
	(698, 101, '//s4.kh1.co/f6/f6bba0348f94e242881d6c2a58815a31c0aeaa68.jpg', 720, 960, 'F', 'F'),
	(699, 101, '//s6.kh1.co/eb/eb419579f9f766aca4a30ca22f6e702032762573.jpg', 960, 720, 'F', 'F'),
	(700, 102, '//s4.kh1.co/9d/9d8cf5ed7bf2481a3f9e59596ff5692c789e29ef.jpg', 720, 960, 'F', 'F'),
	(701, 102, '//s4.kh1.co/94/94c15a33dda54f540e1fe376fbe1dac8e5e7693a.jpg', 720, 960, 'F', 'F'),
	(702, 102, '//s4.kh1.co/0d/0d9b1515360f78683cbf1022b32b3d98036818ae.jpg', 720, 960, 'F', 'F'),
	(703, 102, '//s6.kh1.co/2d/2d9eb14871f4601a17873e4da56a0939b1f0e37f.jpg', 720, 960, 'F', 'F'),
	(704, 102, '//s4.kh1.co/fe/fec878028d80800531967c65c1eddb499d53a04e.jpg', 960, 720, 'F', 'F'),
	(705, 102, '//s6.kh1.co/85/853e59be1a6ad67e0f9476c9686ef56a6521f980.jpg', 960, 720, 'T', 'F'),
	(706, 103, '//s6.kh1.co/b7/b79b2a02c08c4be06f868a50f9848e8bf135c5c6.jpg', 720, 960, 'F', 'F'),
	(707, 103, '//s6.kh1.co/e9/e90ebd2c2f14c79e16a8d0babad38f44d704c124.jpg', 720, 960, 'F', 'F'),
	(708, 103, '//s6.kh1.co/81/815498dc7fe11d4d0ab97f1ef498a190f99bc519.jpg', 720, 960, 'F', 'F'),
	(709, 103, '//s5.kh1.co/df/df91e0732f55952e82465bfcf7e18e30fc62e045.jpg', 720, 960, 'F', 'F'),
	(710, 103, '//s5.kh1.co/45/452921f023d92ec772c11409b6d4ed062b865856.jpg', 720, 960, 'F', 'F'),
	(711, 103, '//s4.kh1.co/c2/c2f3b1abb7ede82f5feaea6eb4e8479f980aab35.jpg', 720, 960, 'F', 'F'),
	(712, 103, '//s6.kh1.co/e2/e2699a4e60194e40305c889cadc847b7faafc45a.jpg', 720, 960, 'F', 'F'),
	(713, 103, '//s4.kh1.co/f3/f3e547a5678b1f47984e827f06c6918764136a75.jpg', 720, 960, 'F', 'F'),
	(714, 103, '//s6.kh1.co/53/53a49c181610eb1ca379425b32e0f84a0e1a40d6.jpg', 720, 960, 'F', 'F'),
	(715, 103, '//s4.kh1.co/98/983b9bf65fa3ae6fcbd9839908ea5ea71d628450.jpg', 720, 960, 'F', 'F'),
	(716, 103, '//s5.kh1.co/77/7720f4bb157c9a56f2e77199e4b7f4a2b554a8c7.jpg', 720, 960, 'F', 'F'),
	(717, 103, '//s6.kh1.co/bc/bce79fafd73a0ca0f5583c7c4b0035a13a08fc7f.jpg', 654, 428, 'T', 'F'),
	(718, 105, '//s4.kh1.co/f2/f2697c7cab954ab0d82f7744688e76ee10fbe569.jpg', 640, 480, 'T', 'F'),
	(719, 105, '//s4.kh1.co/f3/f3daf016b6a2e2336a36c42d2a9628fdc00bffd5.jpg', 640, 480, 'F', 'F'),
	(720, 105, '//s6.kh1.co/5a/5a3bb1d789b2a081bb3390a66e68246e9a378830.jpg', 640, 480, 'F', 'F'),
	(721, 105, '//s5.kh1.co/df/dfcc299a8448e8458b5b46884e87e20e410a0c74.jpg', 640, 480, 'F', 'F'),
	(722, 105, '//s6.kh1.co/88/88a2bb7f6a563fed59d1cd1595165a4b93a373e5.jpg', 640, 480, 'F', 'F'),
	(723, 105, '//s4.kh1.co/fa/fa0888703b13d02d64409a589bd5358ba88ab215.jpg', 640, 480, 'F', 'F'),
	(724, 105, '//s4.kh1.co/09/09f222dace64639ce978277abda1d1b30f55128f.jpg', 640, 480, 'F', 'F'),
	(725, 105, '//s5.kh1.co/70/7096b2f102acc57667ef03dc72d728ea57002075.jpg', 640, 480, 'F', 'F'),
	(726, 105, '//s4.kh1.co/f2/f2697c7cab954ab0d82f7744688e76ee10fbe569.jpg', 640, 480, 'F', 'F'),
	(727, 105, '//s4.kh1.co/f3/f3daf016b6a2e2336a36c42d2a9628fdc00bffd5.jpg', 640, 480, 'F', 'F'),
	(728, 105, '//s6.kh1.co/5a/5a3bb1d789b2a081bb3390a66e68246e9a378830.jpg', 640, 480, 'F', 'F'),
	(729, 105, '//s5.kh1.co/df/dfcc299a8448e8458b5b46884e87e20e410a0c74.jpg', 640, 480, 'F', 'F'),
	(730, 105, '//s6.kh1.co/88/88a2bb7f6a563fed59d1cd1595165a4b93a373e5.jpg', 640, 480, 'F', 'F'),
	(731, 105, '//s4.kh1.co/fa/fa0888703b13d02d64409a589bd5358ba88ab215.jpg', 640, 480, 'F', 'F'),
	(732, 105, '//s4.kh1.co/09/09f222dace64639ce978277abda1d1b30f55128f.jpg', 640, 480, 'F', 'F'),
	(733, 105, '//s5.kh1.co/70/7096b2f102acc57667ef03dc72d728ea57002075.jpg', 640, 480, 'F', 'F'),
	(734, 105, '//s4.kh1.co/f2/f2697c7cab954ab0d82f7744688e76ee10fbe569.jpg', 640, 480, 'F', 'F'),
	(735, 105, '//s4.kh1.co/f3/f3daf016b6a2e2336a36c42d2a9628fdc00bffd5.jpg', 640, 480, 'F', 'F'),
	(736, 105, '//s6.kh1.co/5a/5a3bb1d789b2a081bb3390a66e68246e9a378830.jpg', 640, 480, 'F', 'F'),
	(737, 105, '//s5.kh1.co/df/dfcc299a8448e8458b5b46884e87e20e410a0c74.jpg', 640, 480, 'F', 'F'),
	(738, 105, '//s6.kh1.co/88/88a2bb7f6a563fed59d1cd1595165a4b93a373e5.jpg', 640, 480, 'F', 'F'),
	(739, 105, '//s4.kh1.co/fa/fa0888703b13d02d64409a589bd5358ba88ab215.jpg', 640, 480, 'F', 'F'),
	(740, 105, '//s4.kh1.co/09/09f222dace64639ce978277abda1d1b30f55128f.jpg', 640, 480, 'F', 'F'),
	(741, 105, '//s5.kh1.co/70/7096b2f102acc57667ef03dc72d728ea57002075.jpg', 640, 480, 'F', 'F'),
	(742, 106, '//s5.kh1.co/19/1920888ecf010313e97b14459e6483d64c0aaca5.jpg', 960, 720, 'F', 'F'),
	(743, 106, '//s5.kh1.co/4e/4ec6bd3944c2c988b08bf68649b4bd765f8bbc53.jpg', 720, 960, 'F', 'F'),
	(744, 106, '//s4.kh1.co/32/32d16ab75b6be1431aee747f477247ba36abe4d9.jpg', 720, 960, 'F', 'F'),
	(745, 106, '//s5.kh1.co/44/448e68a7dab4d7c0157323df5891d937450f5e05.jpg', 960, 720, 'F', 'F'),
	(746, 106, '//s5.kh1.co/d7/d7db1c07ae1a8569c623ce0be54cbd64f9d75c34.jpg', 960, 720, 'F', 'F'),
	(747, 106, '//s5.kh1.co/76/7664486ae36cbf9c32144550a231586955f72bfc.jpg', 960, 720, 'F', 'F'),
	(748, 106, '//s6.kh1.co/54/5448e9ce626527afda2c9284e97184728cf0ac0b.jpg', 960, 720, 'T', 'F'),
	(749, 106, '//s6.kh1.co/54/5448e9ce626527afda2c9284e97184728cf0ac0b.jpg', 960, 720, 'F', 'T'),
	(750, 106, '//s5.kh1.co/14/14dce4a1921e765f92f95ca8f4f6bd79bbc5f692.jpg', 720, 960, 'F', 'F'),
	(751, 107, '//s6.kh1.co/5d/5d2043a3e114ee12db732aef5f27b748884894f1.jpg', 640, 480, 'F', 'F'),
	(752, 107, '//s6.kh1.co/5a/5af4ccf17efdb4e3e574e83abd6a308aba6eb3f1.jpg', 640, 480, 'F', 'F'),
	(753, 107, '//s5.kh1.co/db/db1bae14e9f4b09f2d4b9f2182fe3862c37a06bf.jpg', 640, 480, 'T', 'F'),
	(754, 107, '//s5.kh1.co/7d/7d414759c72dccf5879e2121eb70ee9c8f7f3e35.jpg', 640, 480, 'F', 'F'),
	(755, 107, '//s6.kh1.co/ef/ef67b234e5e45ff8904f0a05b4a59b79e6060de5.jpg', 640, 480, 'F', 'F'),
	(756, 107, '//s6.kh1.co/b1/b1e66f6ff43e254b2da400a98afabee179b36b81.jpg', 640, 480, 'F', 'F'),
	(757, 107, '//s4.kh1.co/36/3667323932c37ccb5a8b5335f22685975d418b36.jpg', 640, 480, 'F', 'T'),
	(758, 107, '//s4.kh1.co/36/3667323932c37ccb5a8b5335f22685975d418b36.jpg', 640, 480, 'F', 'F'),
	(759, 107, '//s6.kh1.co/59/59824b1b4a02ffce2364dd2fcdb53dfe450cd061.jpg', 640, 480, 'F', 'F'),
	(760, 108, '//s5.kh1.co/a2/a2db60e4bd834739a0314d6b4110ea1587181c20.jpg', 960, 720, 'T', 'F'),
	(761, 108, '//s5.kh1.co/7c/7cb34a504d76d4e3de57b3f81b9276098bd194a3.jpg', 960, 720, 'F', 'F'),
	(762, 108, '//s6.kh1.co/54/544c580b3c0c8034b36c3b2082874e66adb25228.jpg', 960, 720, 'F', 'F'),
	(763, 108, '//s5.kh1.co/a2/a2db60e4bd834739a0314d6b4110ea1587181c20.jpg', 960, 720, 'F', 'T'),
	(764, 108, '//s5.kh1.co/7c/7cb34a504d76d4e3de57b3f81b9276098bd194a3.jpg', 960, 720, 'F', 'T'),
	(765, 108, '//s6.kh1.co/54/544c580b3c0c8034b36c3b2082874e66adb25228.jpg', 960, 720, 'F', 'T'),
	(766, 109, '//s5.kh1.co/d0/d025340001d5030c7d7b4e5949c42cedbc34d093.jpg', 1000, 486, 'F', 'F'),
	(767, 109, '//s4.kh1.co/39/39a782a770fc6bcc4d81ca70abfc1480bb4d2177.jpg', 466, 960, 'F', 'F'),
	(768, 109, '//s6.kh1.co/e8/e82db050fd0d0326c403b548af49472ed82ed586.jpg', 1000, 486, 'F', 'F'),
	(769, 109, '//s6.kh1.co/ec/ec94b6eb4990b1311852b031c04d4c503fa10511.jpg', 1000, 486, 'F', 'F'),
	(770, 109, '//s4.kh1.co/03/03e67beb49e258b5ceffb86cb470625ff0aa3e03.jpg', 1000, 486, 'F', 'F'),
	(771, 109, '//s6.kh1.co/51/51a2acdd867ceccf2a148171220185779fd56abc.jpg', 960, 466, 'F', 'F'),
	(772, 109, '//s6.kh1.co/b3/b3386595a228ae903eb271ceded45b1a665b064d.jpg', 1000, 486, 'F', 'F'),
	(773, 109, '//s5.kh1.co/72/72e6c7348a9066516515e78ea589f3c0bd8b3454.jpg', 1000, 606, 'T', 'F'),
	(774, 110, '//s4.kh1.co/f9/f9f7480e4c2994220e3ab22f63236ed68cb4bd34.jpg', 960, 720, 'F', 'F'),
	(775, 110, '//s6.kh1.co/b4/b49744212a29a6d51088560cbc1f2c6d945a5a68.jpg', 960, 720, 'F', 'F'),
	(776, 110, '//s5.kh1.co/ae/ae91c4cd4e6726f77924e0ed136e5fad4f49fd78.jpg', 960, 720, 'F', 'F'),
	(777, 110, '//s6.kh1.co/b6/b6f159082729d9df3d9c9d2ec350c3b0b6f49797.jpg', 960, 720, 'F', 'F'),
	(778, 110, '//s6.kh1.co/b6/b6f159082729d9df3d9c9d2ec350c3b0b6f49797.jpg', 960, 720, 'F', 'F'),
	(779, 110, '//s4.kh1.co/f9/f9f7480e4c2994220e3ab22f63236ed68cb4bd34.jpg', 960, 720, 'F', 'F'),
	(780, 110, '//s6.kh1.co/b4/b49744212a29a6d51088560cbc1f2c6d945a5a68.jpg', 960, 720, 'T', 'F'),
	(781, 110, '//s5.kh1.co/ae/ae91c4cd4e6726f77924e0ed136e5fad4f49fd78.jpg', 960, 720, 'F', 'F'),
	(782, 110, '//s6.kh1.co/b6/b6f159082729d9df3d9c9d2ec350c3b0b6f49797.jpg', 960, 720, 'F', 'F'),
	(783, 110, '//s6.kh1.co/b6/b6f159082729d9df3d9c9d2ec350c3b0b6f49797.jpg', 960, 720, 'F', 'F'),
	(784, 111, '//s4.kh1.co/91/91aa032d58a696c12c6138aa739bd4d5fd74b5f3.jpg', 720, 960, 'F', 'F'),
	(785, 111, '//s4.kh1.co/90/908918b92ed4cc96f41afe8755a40180d101a19e.jpg', 450, 600, 'F', 'F'),
	(786, 111, '//s5.kh1.co/7d/7d0898cae06550be9ec18c4460b01e865c8dd1d9.jpg', 450, 600, 'F', 'F'),
	(787, 111, '//s5.kh1.co/4e/4e99f958151c3975b784cd8b635a2edd914997d9.jpg', 720, 960, 'F', 'F'),
	(788, 111, '//s5.kh1.co/d8/d8074c4d260d4dfb2366676f798f46603d2a59c4.jpg', 739, 477, 'T', 'F'),
	(789, 112, '//s4.kh1.co/91/91a1b37a5fb7533c2e3d454ba8f37666153bfc48.jpg', 720, 960, 'F', 'F'),
	(790, 112, '//s6.kh1.co/e8/e84f274381be4aadb47d576289e3b7b4e97cd1d5.jpg', 960, 720, 'F', 'F'),
	(791, 112, '//s6.kh1.co/8a/8a5870890b9cccfdcf13225e6937f9f45feb97d5.jpg', 960, 720, 'F', 'F'),
	(792, 112, '//s4.kh1.co/05/056f7fc2c7cc4785b0463a83108db9cf9d1a5dc2.jpg', 960, 720, 'F', 'F'),
	(793, 112, '//s5.kh1.co/72/72ad3f99af08e702fd2c3c1ffd48ecbf271d3aa8.jpg', 960, 720, 'F', 'F'),
	(794, 112, '//s4.kh1.co/f6/f6bb6c2eb712c9ce09cdd3880acd0be05b0972d6.jpg', 960, 720, 'F', 'F'),
	(795, 112, '//s6.kh1.co/25/25811e70fd69dd5e2eb31bbcaf2147f73a8032ec.jpg', 960, 720, 'T', 'F'),
	(796, 112, '//s4.kh1.co/c5/c5aa5fa3a1d610b44226415701ac16ca31bf7a90.jpg', 960, 720, 'F', 'F'),
	(797, 112, '//s6.kh1.co/5b/5b6c700d958d18166aad275f067db467a13b2f1b.jpg', 960, 720, 'F', 'F'),
	(798, 112, '//s4.kh1.co/c2/c2520aeac1cd54ba087099cbada4cfa8ffe2df2b.jpg', 960, 720, 'F', 'F'),
	(799, 113, '//s5.kh1.co/1a/1a933e1e3f73d33e1188644f6690eae26d3347ab.jpg', 528, 960, 'F', 'F'),
	(800, 113, '//s4.kh1.co/94/94c532785d3ec25929edd5f8b42fd5611e1e5cc2.jpg', 528, 960, 'F', 'F'),
	(801, 113, '//s5.kh1.co/17/17423d7cbf0c2a73958208569984e21f749fe3c6.jpg', 960, 878, 'F', 'F'),
	(802, 113, '//s5.kh1.co/ab/ab5148eb33549e642d2b75058a861dbf7ec046c4.jpg', 965, 578, 'T', 'F'),
	(803, 114, '//s5.kh1.co/1d/1dca35b060dc3b1deb9d5504ca039adabd50c462.jpg', 960, 720, 'F', 'F'),
	(804, 114, '//s6.kh1.co/bc/bc4c1fe268be41462a8b8080873547604033b516.jpg', 720, 540, 'F', 'F'),
	(805, 114, '//s4.kh1.co/07/073a5e05de7e8ec4922bd9129b9acacbda75276b.jpg', 960, 720, 'F', 'F'),
	(806, 114, '//s4.kh1.co/3a/3a909d2135e37e0ba8ce1a10170ed2ece0f6e3fa.jpg', 960, 720, 'F', 'F'),
	(807, 114, '//s4.kh1.co/c8/c8f6e926e35d2ffee05c8f7ffc9ee8b6ec2bfb8a.jpg', 960, 720, 'F', 'F'),
	(808, 114, '//s6.kh1.co/b9/b94bdf7ec424b503834b49ad8287aa5a8d5a7d46.jpg', 960, 720, 'F', 'F'),
	(809, 114, '//s6.kh1.co/23/23366f5c3eedc0cedbde2e19b07f33cd6bc536d8.jpg', 960, 720, 'F', 'F'),
	(810, 114, '//s4.kh1.co/99/99c47e143bd9af193a906ce342752ce981fba98d.jpg', 960, 720, 'T', 'F'),
	(811, 114, '//s4.kh1.co/6b/6b8a22486cee87f84d399be28adc83d8b2222409.jpg', 960, 720, 'F', 'F'),
	(812, 115, '//s4.kh1.co/05/05550863960e5b6694cafc2c393f3e33671d53f1.jpg', 960, 720, 'F', 'F'),
	(813, 115, '//s6.kh1.co/51/51dba3ed622ff6d692efb2ecfc14ecff1b227594.jpg', 720, 960, 'F', 'F'),
	(814, 115, '//s6.kh1.co/8b/8bcae3b88742f39683b866e65f3650163d3ba3d5.jpg', 720, 960, 'F', 'F'),
	(815, 115, '//s4.kh1.co/f0/f0b604aa7805cb6c3b45806aff7b33967ae65741.jpg', 720, 960, 'F', 'F'),
	(816, 115, '//s5.kh1.co/a0/a03f8ad2a982e21401db4290d8abe42da560268c.jpg', 720, 960, 'F', 'F'),
	(817, 115, '//s6.kh1.co/81/81848e84681302db5436d99a4daeebd5c4c0fbaf.jpg', 720, 960, 'F', 'F'),
	(818, 115, '//s4.kh1.co/04/040f1ee40325f1c01803d7464253795bed3317ec.jpg', 960, 720, 'T', 'F'),
	(819, 115, '//s4.kh1.co/04/040f1ee40325f1c01803d7464253795bed3317ec.jpg', 960, 720, 'F', 'T'),
	(820, 116, '//s4.kh1.co/06/06d3641bb0afcd93cb9491bd4419d4b355fe6e71.jpeg', 1000, 750, 'T', 'F'),
	(821, 116, '//s6.kh1.co/86/86bf070ca4fd225441679c2813cbeda4171e7a5a.jpeg', 1000, 750, 'F', 'F'),
	(822, 116, '//s5.kh1.co/70/7000f4e5a153a0ba0ae9ddd3ae3c6a7dad57381d.jpeg', 1000, 750, 'F', 'F'),
	(823, 116, '//s5.kh1.co/70/7000f4e5a153a0ba0ae9ddd3ae3c6a7dad57381d.jpeg', 1000, 750, 'F', 'T'),
	(824, 116, '//s4.kh1.co/ce/ce5ef75b1f738ea0c047b09d92c7737038117cca.jpeg', 1000, 750, 'F', 'F'),
	(825, 116, '//s6.kh1.co/be/beb86e7fb1dcc7939232dfc213662cd217c29133.jpeg', 750, 1000, 'F', 'F'),
	(826, 116, '//s4.kh1.co/6e/6eafc2d7a24dc361354717211511eb5be8cc6869.jpeg', 1000, 750, 'F', 'F'),
	(827, 117, '//s6.kh1.co/5e/5ed1d00697967919ff5e2ba24ffb66817ecc4ddf.jpg', 552, 414, 'F', 'F'),
	(828, 117, '//s4.kh1.co/6a/6a7e38d1fdc6a078b189b5729bf6ab907d85e38c.jpg', 552, 414, 'F', 'F'),
	(829, 117, '//s4.kh1.co/f7/f7932871f961888c77284c1a3e1e9bf632481b00.jpg', 552, 414, 'F', 'F'),
	(830, 117, '//s5.kh1.co/d2/d2d1eab8fd3b5d806f26fb21e1bebf7e18b0b576.jpg', 552, 414, 'F', 'F'),
	(831, 117, '//s5.kh1.co/17/17e976fb1b8d92cd18d310fbef777b83b4eea2ee.jpg', 552, 414, 'F', 'F'),
	(832, 117, '//s4.kh1.co/f5/f5c8de1610ca2936472391ca60b5d897655067c4.jpg', 552, 414, 'F', 'F'),
	(833, 117, '//s6.kh1.co/e9/e97b1410ea9bb771609632031fab142dc02c97c6.jpg', 450, 600, 'F', 'F'),
	(834, 117, '//s4.kh1.co/9f/9fe975a2e484dda87120a990329424e8fb4d39d8.jpg', 552, 414, 'F', 'F'),
	(835, 117, '//s4.kh1.co/06/06138479adc04b1404de2316c85d0f348806c394.jpg', 742, 440, 'T', 'F'),
	(836, 118, '//s4.kh1.co/6c/6c29ece113b2653b1d6993d6780e4a2c44bbb778.jpg', 960, 720, 'F', 'F'),
	(837, 118, '//s6.kh1.co/e3/e3514e319e8b4077fc367dc27f767cbb774a3b96.jpg', 960, 720, 'T', 'F'),
	(838, 118, '//s6.kh1.co/57/57e5402c60bdc07399ce8f3fa916372b82b817d6.jpg', 960, 720, 'F', 'F'),
	(839, 118, '//s6.kh1.co/50/50460fe8f6c309fe968567c1c1ba384ff4e8a2d1.jpg', 960, 720, 'F', 'F'),
	(840, 118, '//s4.kh1.co/63/6308b4a51af824d9de2b4b18d8a722d67c0cc09e.jpg', 960, 720, 'F', 'F'),
	(841, 118, '//s4.kh1.co/97/978c34cb51e730370c86e95cb66d2d571b8a4c81.jpg', 960, 720, 'F', 'F'),
	(842, 119, '//s5.kh1.co/db/db65df3ad3736b2361faa57e31478e7ec1d949ef.jpg', 960, 540, 'F', 'F'),
	(843, 119, '//s4.kh1.co/03/033b56a8784f9f30680be02a37134bdb596067e7.jpg', 960, 540, 'F', 'F'),
	(844, 119, '//s5.kh1.co/7f/7f507c702d7870275d0550b4e169d3e120d289ba.jpg', 960, 540, 'F', 'F'),
	(845, 119, '//s6.kh1.co/55/5546fd1e58c768fd9697584f4ae4ec3b445c35b7.jpg', 960, 540, 'F', 'F'),
	(846, 119, '//s4.kh1.co/c0/c03067b4901c1d580b67dc6ccaee73504b946793.jpg', 960, 540, 'F', 'F'),
	(847, 119, '//s5.kh1.co/4e/4ef78d1c89622d46a64e5ee7dff3580a5d09a4ae.jpg', 960, 540, 'F', 'F'),
	(848, 119, '//s4.kh1.co/cb/cb6b287d2112b6f3213f28997467968d4e1b823e.jpg', 960, 540, 'T', 'F'),
	(849, 119, '//s4.kh1.co/ff/ffe4b271d8dadab53d2b7f422764aeda0d5e4313.jpg', 960, 540, 'F', 'F'),
	(850, 120, '//s6.kh1.co/21/2137ca437b496f1020428578d4e88393efe259c4.jpg', 960, 720, 'T', 'F'),
	(851, 120, '//s6.kh1.co/21/2137ca437b496f1020428578d4e88393efe259c4.jpg', 960, 720, 'F', 'T'),
	(852, 120, '//s6.kh1.co/5b/5b12f5872d3ac32f828650eec0f24982ab19db09.jpg', 720, 960, 'F', 'F'),
	(853, 120, '//s4.kh1.co/07/07842bcded3ba901b34cde435e42480ce5d8ecde.jpg', 960, 720, 'F', 'F'),
	(854, 120, '//s5.kh1.co/ab/abc74260f10bc4748009a94d459704223681314b.jpg', 720, 960, 'F', 'F'),
	(855, 120, '//s5.kh1.co/76/76b1b1d5af5d6668fd610b03100be11b362e08a2.jpg', 960, 720, 'F', 'F'),
	(856, 120, '//s6.kh1.co/86/866aea879f7deb268a34b364d826172afd84b968.jpg', 960, 720, 'F', 'F'),
	(857, 121, '//s4.kh1.co/cc/cc5f53569a96a13f1ee62a6959db5b3f7acfaa37.jpg', 960, 720, 'F', 'F'),
	(858, 121, '//s4.kh1.co/92/92a54050509b3384223ed7563db1620b89c6b381.jpg', 960, 720, 'F', 'F'),
	(859, 121, '//s6.kh1.co/8d/8d9ba3b9714797eb3caf4367afd0d94cc80b65c4.jpg', 960, 720, 'F', 'F'),
	(860, 121, '//s4.kh1.co/0f/0f2146f06ac697ffe9ccb096e773042137b8d663.jpg', 960, 720, 'F', 'F'),
	(861, 121, '//s5.kh1.co/ae/ae3f49b346bc7d2de4fae73bcf21eff2482b17e5.jpg', 960, 720, 'T', 'F'),
	(862, 121, '//s5.kh1.co/a7/a7b712f15bd04a2c903dc853464317e860da0895.jpg', 960, 720, 'F', 'F'),
	(863, 121, '//s5.kh1.co/71/71b6de42532471fac9a2fa69b6b45725c1d4b185.jpg', 960, 720, 'F', 'F'),
	(864, 121, '//s4.kh1.co/c5/c5c6ffdc88395ac6232449a54d6211637033b997.jpg', 960, 720, 'F', 'F'),
	(865, 121, '//s6.kh1.co/ee/eeb626aaf768b83e32a491b8367c1c7dd624b387.jpg', 960, 720, 'F', 'F'),
	(866, 122, '//s5.kh1.co/14/147e310518291a86b69f0fb096f87b0d449904ca.jpg', 720, 960, 'F', 'F'),
	(867, 122, '//s5.kh1.co/15/15784f8caaf77d106a4cc2f416fc58365c2175ba.jpg', 720, 960, 'F', 'F'),
	(868, 122, '//s5.kh1.co/a2/a2c6b832605b0e3428321d27e7be456db4c7ab2d.jpg', 960, 960, 'F', 'F'),
	(869, 122, '//s4.kh1.co/90/90302b1cbbcb4bf7d1b8a01121cb717f8e76c8fc.jpg', 960, 960, 'F', 'F'),
	(870, 122, '//s5.kh1.co/d3/d3bcb50838fad1b4954bf01869d9f3485a5aced9.jpg', 720, 960, 'F', 'F'),
	(871, 122, '//s4.kh1.co/ce/cec011c4b54523ecd5d67e2a68a00ba6422f390f.jpg', 864, 499, 'T', 'F'),
	(872, 123, '//s4.kh1.co/32/327f4a5b0c426a9a675447125eb8107bdf6e5346.jpg', 960, 720, 'T', 'F'),
	(873, 123, '//s4.kh1.co/3e/3e340934ed54b74e9afefab1ddda227e2de23b81.jpg', 720, 960, 'F', 'F'),
	(874, 123, '//s6.kh1.co/ed/edcbbfc30071b0a951d71fead5a3d438daf6d7c7.jpg', 720, 960, 'F', 'F'),
	(875, 123, '//s6.kh1.co/23/23aef498ac6e809b298778262b944932cfc1769a.jpg', 960, 720, 'F', 'F'),
	(876, 123, '//s5.kh1.co/72/7229ad161d670262e98edce5e306e19a72965d71.jpg', 720, 960, 'F', 'F'),
	(877, 123, '//s6.kh1.co/87/87627acbbe1f913011b25e5c02ee22ef8f6b0802.jpg', 550, 422, 'F', 'F'),
	(878, 123, '//s4.kh1.co/0d/0d066188e641ef7199f5221450c7e97946703d02.jpg', 960, 720, 'F', 'F'),
	(879, 123, '//s5.kh1.co/12/128ef688c16e093ce0ca2f3a91e375f0e28b315b.jpg', 767, 960, 'F', 'F'),
	(880, 123, '//s5.kh1.co/12/128ef688c16e093ce0ca2f3a91e375f0e28b315b.jpg', 767, 960, 'F', 'T'),
	(881, 124, '//s4.kh1.co/04/04eed18ccb5564e8abd67f9f219eba1956298633.jpg', 720, 540, 'F', 'F'),
	(882, 124, '//s6.kh1.co/2e/2ec7d7ea3ecf82b815a0641c06eba764d2315db5.jpg', 720, 540, 'F', 'F'),
	(883, 124, '//s5.kh1.co/44/449d19c7d933ec06a290307fe7ec520436f6cdc4.jpg', 720, 540, 'F', 'F'),
	(884, 124, '//s4.kh1.co/cb/cb0583c6680830b5a61bc04e99dfbfeeec1f3a17.jpg', 720, 540, 'T', 'F'),
	(885, 124, '//s5.kh1.co/a8/a891f2a62252e5fdc0495d9a197a8738685d3cf5.jpg', 720, 540, 'F', 'F'),
	(886, 124, '//s6.kh1.co/be/beb86966fb4fd22ec95b31851925523a8a32fc3d.jpg', 720, 540, 'F', 'F'),
	(887, 124, '//s5.kh1.co/d7/d7e2ac7addc68246b88c0e3a01d8306c291558ff.jpg', 720, 540, 'F', 'F'),
	(888, 125, '//s4.kh1.co/0c/0c7b711f23ef34e06f3403059abd28a10274b928.jpg', 720, 540, 'T', 'F'),
	(889, 125, '//s4.kh1.co/cc/ccda63374ef80ee670dbdfdf1da46d050e41c30f.jpg', 720, 540, 'F', 'F'),
	(890, 125, '//s6.kh1.co/81/81ad83bb3e6609957027001d994c577005eb742b.jpg', 720, 540, 'F', 'F'),
	(891, 125, '//s6.kh1.co/55/55db8010df2080fa86d8684067f3596ac932b9ae.jpg', 720, 540, 'F', 'F'),
	(892, 125, '//s6.kh1.co/8b/8b142d2a3de3ab6a1698f2c9848d6dfcb9bf9f73.jpg', 720, 960, 'F', 'F'),
	(893, 125, '//s4.kh1.co/95/95f579be82052a9cadd316ad7467b026eea48e37.jpg', 720, 540, 'F', 'F'),
	(894, 126, '//s6.kh1.co/e9/e9a8c55110f608d7b802bead764e88913475ccd1.jpg', 720, 540, 'T', 'F'),
	(895, 126, '//s4.kh1.co/6d/6deb9d529e17ba0b6516910ea4fbcf188a67057b.jpg', 720, 540, 'F', 'F'),
	(896, 126, '//s6.kh1.co/b3/b3eddf84f44b05de53a5f8a792b088d30a3bc86b.jpg', 720, 540, 'F', 'F'),
	(897, 126, '//s4.kh1.co/03/03547adadbf0ef9714e078c92b4207c4bd38e4cc.jpg', 593, 476, 'F', 'F'),
	(898, 126, '//s6.kh1.co/2c/2cffe92e693959cd99d19713104582cd068c0d91.jpg', 720, 540, 'F', 'F'),
	(899, 126, '//s5.kh1.co/aa/aa3505a8760e9565e9702c23de3e5df7bcaa6ff3.jpg', 468, 478, 'F', 'F'),
	(900, 126, '//s5.kh1.co/d7/d7ac3b9c8c5707b652717c01cd126aabcb62c0d7.jpg', 720, 540, 'F', 'F'),
	(901, 130, '//s4.kh1.co/f0/f00137ffdf57d535ed342fa065e9a92bc2c9eb60.jpg', 960, 720, 'T', 'F'),
	(902, 131, '//s4.kh1.co/f6/f6623d83e36baf87f8e4cf1ad0c17762c8449fee.jpg', 960, 720, 'F', 'F'),
	(903, 131, '//s4.kh1.co/f2/f25985f8e141b8b17b5d22d08d34e01053253fc4.jpg', 960, 720, 'T', 'F'),
	(904, 131, '//s6.kh1.co/ed/ed11d1b5dd361d8bd7145ee1ece2a842e4674ad6.jpg', 960, 720, 'F', 'F'),
	(905, 131, '//s6.kh1.co/25/25beee1a1196dcca610bca539f9a79cd141f14d8.jpg', 960, 720, 'F', 'F'),
	(906, 131, '//s4.kh1.co/f0/f0ad2a3b44a4a57045dbfaa0eea67bb19fb8ac54.jpg', 960, 720, 'F', 'F'),
	(907, 131, '//s4.kh1.co/63/63cf20b29a0aa86471e780a09dea6bbeb5ba9a23.jpg', 960, 720, 'F', 'F'),
	(908, 131, '//s5.kh1.co/15/15b9b858aa842bacfa08bcb5a1c7ede014eea86b.jpg', 960, 720, 'F', 'F'),
	(909, 131, '//s4.kh1.co/fb/fbf50c70928213347dbe5b63766d4d03714ac1f8.jpg', 960, 720, 'F', 'F'),
	(910, 132, '//s4.kh1.co/9b/9bb532ee3e8da4d32cbc81b63b4473665db54b3b.jpg', 720, 540, 'F', 'F'),
	(911, 132, '//s4.kh1.co/f1/f14f54372550b18570bf097fb2deb8efe547c538.jpg', 720, 540, 'T', 'F'),
	(912, 132, '//s4.kh1.co/37/37c4de397b89b67e78171375e940552e966becd4.jpg', 720, 540, 'F', 'F'),
	(913, 132, '//s6.kh1.co/bb/bbbaac22e72ab94336d680c91316c21a9f01a12c.jpg', 720, 540, 'F', 'F'),
	(914, 132, '//s4.kh1.co/ff/ff63055d390a28b06c9fe53d18b97a50d01a4c72.jpg', 720, 540, 'F', 'F'),
	(915, 132, '//s5.kh1.co/77/77aa88b657aeeff80ff7bb3228449ad6a7ee1f75.jpg', 720, 540, 'F', 'F'),
	(916, 132, '//s5.kh1.co/7f/7fbc672651a5e8b13db45cff650d60c8ea68d425.jpg', 720, 540, 'F', 'F'),
	(917, 132, '//s6.kh1.co/2b/2b72e839574b469b6c0382167698d1c6faaf18e3.jpg', 720, 540, 'F', 'F'),
	(918, 132, '//s6.kh1.co/56/562aa3935e3951c926c9123d9304962af5be8316.jpg', 720, 540, 'F', 'F'),
	(919, 133, '//s5.kh1.co/13/138633176725d7f322295d44410d4f5835fc826f.jpg', 720, 960, 'F', 'F'),
	(920, 133, '//s4.kh1.co/6d/6d1e2b1586f0fcdd23df4bdcd0c047ec6e4228bb.jpg', 960, 720, 'F', 'F'),
	(921, 133, '//s5.kh1.co/a3/a3775f254a4d6d5b22bf00298565b00affc3b25e.jpg', 720, 960, 'F', 'F'),
	(922, 133, '//s5.kh1.co/77/77aec2cb55c827af6fa8b6dfe57a7790754c871a.jpg', 720, 960, 'F', 'F'),
	(923, 133, '//s6.kh1.co/29/295527bbcab767360d58cb87ad5addde513f4b4a.jpg', 720, 960, 'F', 'F'),
	(924, 133, '//s6.kh1.co/b5/b5a91ca7beae265207041982c7a436c109bc0c3d.jpg', 720, 960, 'F', 'F'),
	(925, 133, '//s4.kh1.co/f4/f44122186973cd78308f6d9c8c87b115834cfbff.jpg', 720, 960, 'F', 'F'),
	(926, 133, '//s4.kh1.co/61/614b7711522633d269dc7da1e5b0b0539a5c43b1.jpg', 720, 960, 'F', 'F'),
	(927, 133, '//s6.kh1.co/e6/e6e15a330b4bbe1a74a358a8b5524cab8dae3a55.jpg', 679, 466, 'T', 'F'),
	(928, 134, '//s5.kh1.co/10/10c4862da51026877f6bfd991f49e0f023a78fd1.jpg', 720, 960, 'F', 'F'),
	(929, 134, '//s4.kh1.co/c3/c338ab79b9b20565aec32d80e9e3958732303fc8.jpg', 960, 720, 'F', 'F'),
	(930, 134, '//s4.kh1.co/6c/6c3584429dffced654a125b4983127ddf7b8f0ed.jpg', 960, 720, 'F', 'F'),
	(931, 134, '//s4.kh1.co/6f/6fb931e8c692aeabe5247f8d88b7d3cc04a5e52f.jpg', 960, 720, 'F', 'F'),
	(932, 134, '//s6.kh1.co/2d/2d20f7e07ff58b4f9c8153f3e74fb6759afce098.jpg', 960, 720, 'F', 'F'),
	(933, 134, '//s5.kh1.co/a7/a74e5a091ee8cfe901e79e8060a907d332c5a86d.jpg', 960, 720, 'F', 'F'),
	(934, 134, '//s6.kh1.co/29/295395dede395e7820a7c84ee49009b7231149af.jpg', 960, 720, 'T', 'F'),
	(935, 134, '//s5.kh1.co/44/44243fd7d03dfd86e7cc530d5bdc11b5b7c855a0.jpg', 960, 720, 'F', 'F'),
	(936, 134, '//s5.kh1.co/a8/a80d6a8d0902acffe24f38c6f139d7780350e522.jpg', 960, 720, 'F', 'F'),
	(937, 136, '//s4.kh1.co/33/338f9be1dab334ead889c715488449eaf8756c5e.jpg', 960, 720, 'F', 'F'),
	(938, 136, '//s4.kh1.co/fc/fca4fc3504bd6830f39b955e86bcb1ad6b505bf9.jpg', 960, 720, 'F', 'F'),
	(939, 136, '//s4.kh1.co/fc/fca4fc3504bd6830f39b955e86bcb1ad6b505bf9.jpg', 960, 720, 'F', 'F'),
	(940, 136, '//s4.kh1.co/64/64eea6c09fcda892a22c6e58518138879e151a06.jpg', 960, 720, 'T', 'F'),
	(941, 136, '//s6.kh1.co/24/24163d53b7dd4d9ddea7f38ffade0865bab20570.jpg', 960, 720, 'F', 'F'),
	(942, 136, '//s5.kh1.co/de/de1aff5e233bcd6445f0291239ef9fa9a57c85b7.jpg', 960, 720, 'F', 'F'),
	(943, 137, '//s4.kh1.co/3a/3ab766ba2580da8c62b2eb7d80d3bb440a2614f8.jpg', 960, 675, 'F', 'F'),
	(944, 137, '//s6.kh1.co/84/844c088e8a80f7ef909a01ee70343c3d30ce0d84.jpg', 960, 720, 'F', 'F'),
	(945, 137, '//s4.kh1.co/9c/9c6bb3b3c1468df1b1a4545ee142ce6ac4384981.jpg', 960, 720, 'F', 'F'),
	(946, 137, '//s4.kh1.co/90/90df90e803b43625bdee6a8161158215eaf27ddf.jpg', 960, 720, 'F', 'F'),
	(947, 137, '//s5.kh1.co/d5/d52cbf2cb70e50fbbb5b3916b3cb9e5855ba4113.jpg', 960, 720, 'T', 'F'),
	(948, 137, '//s4.kh1.co/34/342ddc1994d01fbf155bc5cd1ff32cbfceace246.jpg', 960, 720, 'F', 'F'),
	(949, 138, '//s4.kh1.co/01/01a11e3b2bc9fb8888070f2c44763e2ffec176bb.jpg', 960, 720, 'F', 'F'),
	(950, 138, '//s4.kh1.co/fb/fbc50fc23db2ffdd7ab274ea4f31900da838fe09.jpg', 960, 719, 'T', 'F'),
	(951, 138, '//s4.kh1.co/9d/9de3a1e131a79f23d250ce386a7ee2ea5b3856d9.jpg', 960, 719, 'F', 'F'),
	(952, 139, '//s6.kh1.co/e4/e4faa1d995e09a5eba52cf49676945338e88a751.jpg', 960, 540, 'F', 'F'),
	(953, 139, '//s5.kh1.co/1f/1feba39a95d6ac91b8ea3d237c591b9ac62a48ec.jpg', 960, 540, 'F', 'F'),
	(954, 139, '//s5.kh1.co/7c/7cfa717f6332c3ebfd19748c339ffc57380239c1.jpg', 960, 540, 'T', 'F'),
	(955, 139, '//s4.kh1.co/fd/fd64d8611222042dc97ad26d74518c64d5fe4f7f.jpg', 960, 540, 'F', 'F'),
	(956, 139, '//s5.kh1.co/a6/a6522950059f1648634c879efaf22d0927b49345.jpg', 405, 720, 'F', 'F'),
	(957, 140, '//s4.kh1.co/cb/cb4aca430af9408009b08e2d3731281e5de361b0.jpeg', 562, 1000, 'F', 'F'),
	(958, 140, '//s5.kh1.co/dc/dc144dd774c92f1d78e354b071fea3b0f5fcf138.jpeg', 562, 1000, 'F', 'F'),
	(959, 140, '//s6.kh1.co/2e/2ea8347820fdc5e6e81b1f2472fd9d29d775f96f.jpeg', 562, 1000, 'F', 'F'),
	(960, 140, '//s4.kh1.co/38/38ec9d7ae120d5ba3a19867917d112c6a49bfc4d.jpeg', 562, 1000, 'F', 'F'),
	(961, 140, '//s6.kh1.co/26/26c57859552b3fb6d29dd1958bb9e7b9c110e07c.jpeg', 562, 1000, 'F', 'F'),
	(962, 141, '//s4.kh1.co/f8/f85c371f5a798b19b0b483a971b5a296d78c1774.jpg', 405, 720, 'F', 'F'),
	(963, 141, '//s6.kh1.co/81/813f90ceaf74195703b1c89f733a0ff6293c054b.jpg', 405, 720, 'F', 'F'),
	(964, 141, '//s4.kh1.co/95/950588b76f980ace717f685ab61c170d9296bc54.jpg', 405, 720, 'F', 'F'),
	(965, 141, '//s5.kh1.co/a5/a540fae04b3cefba26a39e838426155913a440bc.jpg', 405, 720, 'F', 'T'),
	(966, 141, '//s4.kh1.co/f3/f37d799a3fb8ac6b749ad463463e880613773ade.jpg', 405, 720, 'F', 'F'),
	(967, 141, '//s4.kh1.co/66/6634c102cbec3d7e7b48c6dbcad2e7f910594db1.jpg', 405, 720, 'F', 'F'),
	(968, 141, '//s6.kh1.co/82/827b9a36981fd0595b9ce246938eb93a67ede97b.png', 400, 400, 'F', 'T'),
	(969, 141, '//s6.kh1.co/82/827b9a36981fd0595b9ce246938eb93a67ede97b.png', 400, 400, 'F', 'T'),
	(970, 141, '//s6.kh1.co/e7/e73430666ae1cbb8c89d998f49da54fd40330c92.jpg', 640, 420, 'T', 'F'),
	(971, 142, '//s6.kh1.co/50/508ebf282677b8bcbd82ccd600644a9e1b3c1bbd.jpg', 1000, 666, 'T', 'F'),
	(972, 142, '//s4.kh1.co/99/990c460366b93f208675890af5caff55ce80619b.jpg', 1000, 666, 'F', 'F'),
	(973, 142, '//s5.kh1.co/4e/4e147c56b1c385fad94b8bbdc2379aab3f800341.jpg', 1000, 545, 'F', 'F'),
	(974, 143, '//s5.kh1.co/4e/4e147c56b1c385fad94b8bbdc2379aab3f800341.jpg', 1000, 545, 'F', 'T'),
	(975, 143, '//s6.kh1.co/50/508ebf282677b8bcbd82ccd600644a9e1b3c1bbd.jpg', 1000, 666, 'F', 'T'),
	(976, 143, '//s4.kh1.co/99/990c460366b93f208675890af5caff55ce80619b.jpg', 1000, 666, 'F', 'F'),
	(977, 143, '//s5.kh1.co/4e/4e147c56b1c385fad94b8bbdc2379aab3f800341.jpg', 1000, 545, 'T', 'F'),
	(978, 143, '//s6.kh1.co/50/508ebf282677b8bcbd82ccd600644a9e1b3c1bbd.jpg', 1000, 666, 'F', 'F'),
	(979, 147, '//s4.kh1.co/0b/0bb121cb1245df175b414b850110ef8a07bfac70.jpg', 1000, 563, 'T', 'F'),
	(980, 147, '//s5.kh1.co/76/767a86f9d6ebf0fd5193f68ef410ac838f844382.jpg', 1000, 563, 'F', 'F'),
	(981, 147, '//s4.kh1.co/05/05d06a9eb5bf57dd865b2db1566a6767c8b4a63d.jpg', 1000, 563, 'F', 'F'),
	(982, 147, '//s6.kh1.co/5a/5a84fd76ea329f6bee36ff7a2d29ec1109efd070.jpg', 1000, 563, 'F', 'F'),
	(983, 147, '//s4.kh1.co/f7/f7be2b64f2054ed1107a48b8e3169dcea8cf890b.jpg', 1000, 563, 'F', 'F'),
	(984, 149, '//s6.kh1.co/27/27483cdf7526d1f1cbe777c35bb6c58f805acd83.jpg', 1000, 482, 'F', 'F'),
	(985, 149, '//s4.kh1.co/35/355f3df1fcb784ef0c39101a3b7eb590d491fec1.jpg', 960, 960, 'F', 'F'),
	(986, 149, '//s6.kh1.co/e0/e088712a3aea4d92e6f63eab543997b668f52463.jpg', 960, 960, 'F', 'F'),
	(987, 149, '//s6.kh1.co/24/24d84c9618aecbfd8bac1926f91675552e3188ea.jpg', 960, 720, 'T', 'F'),
	(988, 149, '//s5.kh1.co/15/15a70212a1eba7de00a8029eedaa5631dbb7ddde.jpg', 960, 720, 'F', 'F'),
	(989, 149, '//s6.kh1.co/bc/bc3676baabde53e8cf9c38a7b75f5c5e72d311c6.jpg', 960, 720, 'F', 'F'),
	(990, 149, '//s4.kh1.co/9e/9e6d5e53dd912f6df7f785c6a225c399d75ec7b5.jpg', 960, 720, 'F', 'F'),
	(991, 149, '//s4.kh1.co/0b/0b1914e652acd4511d743adec96ada18ebdaff5f.jpg', 960, 720, 'F', 'F'),
	(992, 149, '//s5.kh1.co/a2/a29f85195767f00d058216b9302dd496d792a8f0.jpg', 720, 362, 'F', 'F'),
	(993, 150, '', NULL, NULL, 'F', 'F'),
	(994, 150, '//s6.kh1.co/83/83b8be515468eac1962a60b69df5fe3619455a1b.png', 146, 147, 'F', 'F'),
	(995, 151, '//s5.kh1.co/a2/a295ee3a276a6b673c1c299c39954abcd785389e.jpg', 720, 553, 'T', 'F');
/*!40000 ALTER TABLE `car_photo` ENABLE KEYS */;

-- Dumping structure for table khmercar.car_type
CREATE TABLE IF NOT EXISTS `car_type` (
  `type_id` int(11) NOT NULL,
  `type_name` varchar(50) NOT NULL,
  PRIMARY KEY (`type_id`)
) ENGINE=InnoDB DEFAULT CHARSET=utf8;

-- Dumping data for table khmercar.car_type: ~16 rows (approximately)
/*!40000 ALTER TABLE `car_type` DISABLE KEYS */;
INSERT INTO `car_type` (`type_id`, `type_name`) VALUES
	(1, 'Sedan'),
	(2, 'Sports'),
	(3, 'Hatchback'),
	(4, 'Stationwagon'),
	(5, 'SUV'),
	(6, 'Mini Bus'),
	(7, 'City Bus'),
	(8, 'Express Bus'),
	(9, 'Pickup Truck'),
	(10, 'Mini Truck'),
	(11, 'Light  Truck'),
	(12, 'Medium Truck'),
	(13, 'Heavy Truck'),
	(14, 'Tractor Unit'),
	(15, 'Industrial Vehicle'),
	(16, 'MPV (MiniVan)');
/*!40000 ALTER TABLE `car_type` ENABLE KEYS */;

-- Dumping structure for table khmercar.dealership
CREATE TABLE IF NOT EXISTS `dealership` (
  `dealershipp_id` int(11) NOT NULL AUTO_INCREMENT,
  `dealership_name` varchar(50) NOT NULL,
  `dealershipp_contact` text NOT NULL,
  `dealership_logo` varchar(200) NOT NULL,
  `address` text NOT NULL,
  `created_by` int(11) NOT NULL,
  `created_datetime` datetime NOT NULL,
  PRIMARY KEY (`dealershipp_id`)
) ENGINE=InnoDB AUTO_INCREMENT=11 DEFAULT CHARSET=utf8;

-- Dumping data for table khmercar.dealership: ~7 rows (approximately)
/*!40000 ALTER TABLE `dealership` DISABLE KEYS */;
INSERT INTO `dealership` (`dealershipp_id`, `dealership_name`, `dealershipp_contact`, `dealership_logo`, `address`, `created_by`, `created_datetime`) VALUES
	(1, 'rrr', '{"phone":["0345678"],"email":["radykim@gmail.com"]}', '', '', 94, '2018-03-09 15:15:33'),
	(5, 'rr', '{"phone":["0345678"],"email":["radykim@gmail.com"]}', '', '', 94, '2018-03-09 15:18:23'),
	(6, 'dfff', '{"phone":["0345678"],"email":["radykim@gmail.com"]}', '', '', 94, '2018-03-09 15:18:53'),
	(7, 'sdgfg', '{"phone":["s4543"],"email":["radykiddm@gmail.com"]}', '', '', 94, '2018-03-09 15:23:20'),
	(8, 'asdfadf', '{"phone":["0678790"],"email":["hello@gmail.com"]}', '', '', 94, '2018-03-09 15:25:10'),
	(9, 'gg', '{"phone":["022344568"],"email":["ggggg@gmail.com"]}', '//s5.kh1.co/af/afbebb1ee21c10736a34fbc4ad36ce02ae64c724.png', 'Phnom Penh', 94, '2018-03-09 15:36:55'),
	(10, 'afsdf', '{"phone":["0897696"],"email":["radyradykim@gmail.com"]}', '//s4.kh1.co/39/395ca00793d75c2f227652eeecaff4e8828cac55.png', 'aasdfsdf', 94, '2018-03-09 15:53:12');
/*!40000 ALTER TABLE `dealership` ENABLE KEYS */;

-- Dumping structure for table khmercar.meta_commune
CREATE TABLE IF NOT EXISTS `meta_commune` (
  `commune_id` int(11) NOT NULL AUTO_INCREMENT,
  `commune_name` varchar(50) NOT NULL DEFAULT '',
  `commune_khname` varchar(50) NOT NULL DEFAULT '',
  `district_id` int(11) NOT NULL,
  PRIMARY KEY (`commune_id`)
) ENGINE=InnoDB AUTO_INCREMENT=1450 DEFAULT CHARSET=utf8;

-- Dumping data for table khmercar.meta_commune: ~1,448 rows (approximately)
/*!40000 ALTER TABLE `meta_commune` DISABLE KEYS */;
INSERT INTO `meta_commune` (`commune_id`, `commune_name`, `commune_khname`, `district_id`) VALUES
	(1, 'boeung Beng', 'បឹងបេង', 1),
	(2, 'Malai', 'ម៉ាឡៃ', 1),
	(3, 'Ou Sampor', 'អូរសំព័រ', 1),
	(4, 'Ou Sralau', 'អូរស្រឡៅ', 1),
	(5, 'Ta Kong', 'តាគង់', 1),
	(6, 'Bat Trang', 'បត់ត្រង់', 2),
	(7, 'Chamnaom', 'ចំណោម', 2),
	(8, 'Kouk Ballangk', 'គោកបល្លង័្ក', 2),
	(9, 'Koy Maeng', 'គយម៉ែង', 2),
	(10, 'Ou Prasat', 'អូរប្រាសាទ', 2),
	(11, 'Phnum Touch', 'ភ្នំតូច', 2),
	(12, 'Rohat Tuek', 'រហាត់ទឹក', 2),
	(13, 'Ruessei Kraok', 'ឬស្សីក្រោក', 2),
	(14, 'Sambuor', 'សំបួរ', 2),
	(15, 'Soea', 'សឿ', 2),
	(16, 'Ta Lam', 'តាឡំ', 2),
	(17, 'Koub', 'កូប', 3),
	(18, 'Kuttasat', 'គុត្តសត', 3),
	(19, 'Ou Beichoan', 'អូរបីជាន់', 3),
	(20, 'Soengh', 'សឹង្ហ', 3),
	(21, 'Paoy Paet', 'ប៉ោយប៉ែត', 4),
	(22, 'Phsar Kandal', 'ផ្សារកណ្ដាល', 4),
	(23, 'Nam Tau', 'ណាំតៅ', 5),
	(24, 'Phnum Dei', 'ភ្នំដី', 5),
	(25, 'Ponley', 'ពន្លៃ', 5),
	(26, 'Poy Char', 'ប៉ោយចារ', 5),
	(27, 'Srah Chik', 'ស្រះជីក', 5),
	(28, 'Chnuor Mean Chey', 'ឈ្នួរមានជ័យ', 6),
	(29, 'Chob Vari', 'ជប់វារី', 6),
	(30, 'Phnum Lieb', 'ភ្នំលៀប', 6),
	(31, 'Preak Netr Preah', 'ព្រះនេត្រព្រះ', 6),
	(32, 'Rohal', 'រហាល', 6),
	(33, 'Tean Kam', 'ទានកាំ', 6),
	(34, 'Kampong Svay', 'កំពង់ស្វាយ', 7),
	(35, 'Kaoh Pong Satv', 'កោះពងសត្វ', 7),
	(36, 'Mkak', 'ម្កាក់', 7),
	(37, 'Ou Ambel', 'អូរអំបិល', 7),
	(38, 'Phniet', 'ភ្នៀត', 7),
	(39, 'Preah Ponlea', 'ព្រះពន្លា', 7),
	(40, 'Teuk Thla', 'ទឹកថ្លា', 7),
	(41, 'Phkoam', 'ផ្គាំ', 8),
	(42, 'Roluos', 'រលួស', 8),
	(43, 'Sarongk', 'សារង្គ', 8),
	(44, 'Sla Kram', 'ស្លក្រាម', 8),
	(45, 'Ta Baen', 'តាបែន', 8),
	(46, 'Ta Phou', 'តាផូ', 8),
	(47, 'Treas', 'ទ្រាស', 8),
	(48, 'Banteay Chhmar', 'បន្ទាយឆ្មារ', 9),
	(49, 'Kouk Romiet', 'គោករមៀត', 9),
	(50, 'Kumru', 'គំរូ', 9),
	(51, 'Phum Thmei', 'ភូមិថ្មី', 9),
	(52, 'Thma Puok', 'ថ្មពួក', 9),
	(53, 'Kaoh Chiveang', 'កោះជីវាំង', 10),
	(54, 'Peam Aek', 'ពាមឯក', 10),
	(55, 'Preaek Khpob', 'ព្រែកខ្ពប', 10),
	(56, 'Preaek Norint', 'ព្រែកនរិន្ទ', 10),
	(57, 'Prey Chas', 'ព្រៃចាស់', 10),
	(58, 'Samraong Knong', 'សំរោងក្នុង', 10),
	(59, 'Chaeng Mean Chey', 'ចែងមានជ័យ', 11),
	(60, 'Chheu Teal', 'ឈើទាល', 11),
	(61, 'Kantueu Muoy', 'កន្ទឺ ១', 11),
	(62, 'Kantueu Pir', 'កន្ទឺ ២', 11),
	(63, 'Phnum Sampov', 'ភ្នំសំពៅ', 11),
	(64, 'Snoeng', 'ស្នឹង', 11),
	(65, 'Ta Kream', 'តាគ្រាម', 11),
	(66, 'Kdol Doun Teav', 'ក្ដុលដូនទាវ', 12),
	(67, 'OMal', 'អូរម៉ាល់', 12),
	(68, 'Ou Char', 'អូរចារ', 12),
	(69, 'Preaek Preah Sdach', '', 12),
	(70, 'Rottanak', 'រតន:', 12),
	(71, 'Sla Ket', 'ស្លាកែត', 12),
	(72, 'Svay Por', 'ស្វាយប៉ោរ', 12),
	(73, 'Toul Ta Ek', '', 12),
	(74, 'wat Kor', 'វត្តគរ', 12),
	(75, 'Ampil Pram Daeum', 'អំពិលប្រាំដើម', 13),
	(76, 'Bavel', 'បវេល', 13),
	(77, 'Kdol Ta Haen', 'ក្ដុលតាហែន', 13),
	(78, 'Khlaeng Meas', 'ឃ្លាំងមាស', 13),
	(79, 'Khnach Romeas', 'ខ្នាចរមាស', 13),
	(80, 'Lvea', 'ល្វា', 13),
	(81, 'Pram', 'បឹងប្រាំ', 13),
	(82, 'Prey Khpos', 'ព្រៃខ្ពស់', 13),
	(83, 'boeung Reang', 'បឹងរាំង', 14),
	(84, 'Kamrieng', 'កំរៀង', 14),
	(85, 'Ou Da', 'អូរដា', 14),
	(86, 'Ta Krei', 'តាក្រី', 14),
	(87, 'Trang', 'ត្រាង', 14),
	(88, 'Chhnal Moan', 'ឆ្នាល់មាន់', 15),
	(89, 'Doun Ba', 'ដូនបា', 15),
	(90, 'Hab', 'ហាប់', 15),
	(91, 'Kaos Krala', 'កោះក្រឡ', 15),
	(92, 'Preah Phos', 'ព្រះផុស', 15),
	(93, 'Thipakdei', 'ធិបតី', 15),
	(94, 'Chrey', 'ជ្រៃ', 16),
	(95, 'Kakaoh', 'កកោះ', 16),
	(96, 'Kear', 'គារ', 16),
	(97, 'Moung', 'មោង', 16),
	(98, 'Prey Svay', 'ព្រៃស្វាយ', 16),
	(99, 'Prey Touch', 'ព្រៃតូច', 16),
	(100, 'Robas Mongkol', 'របស់មង្គល', 16),
	(101, 'Ruessei Krang', 'ឬស្សីក្រាំង', 16),
	(102, 'Ta Loas', 'តាលាស់', 16),
	(103, 'Barang Thleak', 'បារាំងធ្លាក់', 17),
	(104, 'Bour', 'បូរ', 17),
	(105, 'Pech Chenda', 'ពេជ្រចិន្ដា', 17),
	(106, 'Phnum Proek', 'ភ្នំព្រឹក្ស', 17),
	(107, 'Andaeuk Haeb', 'អណ្ដើកហែប', 18),
	(108, 'Phlov Meas', 'ផ្លូវមាស', 18),
	(109, 'Sdau', 'ស្ដៅ', 18),
	(110, 'Mukh Reah', 'មុខរាហ៍', 19),
	(111, 'Prey Tralach', 'ព្រៃត្រឡាច', 19),
	(112, 'Sdok Pravoek', 'ស្ដុកប្រវឹក', 19),
	(113, 'Tonle Bassac', 'ទន្លេបាសាក់', 19),
	(114, 'Kampong Lpov', 'កំពង់ល្ពៅ', 20),
	(115, 'Mean Chey', 'មានជ័យ', 20),
	(116, 'Ou Samrel', 'វត្តតាមឹម', 20),
	(117, 'Samlout', 'សំឡូត', 20),
	(118, 'Sung', 'ស៊ុង', 20),
	(119, 'Ta Sanh', 'តាសាញ', 20),
	(120, 'Angkor Ban', 'អង្ករបាន', 21),
	(121, 'Chrey Seima', 'ជ្រៃសេម៉ា​', 21),
	(122, 'Sampov Lun', 'សំពៅលូន', 21),
	(123, 'Serei Mean Chey', 'សេរីមានជ័យ', 21),
	(124, 'Ta Sda', 'តាដា', 21),
	(125, 'Anlong Vil', 'អន្លង់វិល', 22),
	(126, 'Kampong Pring', 'កំពង់ព្រីង', 22),
	(127, 'Norea', 'នរា', 22),
	(128, 'Ou Dambang Muoy', 'អូរដំបង១', 22),
	(129, 'Ou Dambang Pir', 'អូរដំបង២', 22),
	(130, 'Ou Samrel', 'វត្តតាមឹម', 22),
	(131, 'Reang Kesei', 'រាំង កេសី', 22),
	(132, 'Roka', 'រកា', 22),
	(133, 'Ta Pon', 'តាប៉ុន', 22),
	(134, 'Anlong Run', 'អន្លង់រុន', 23),
	(135, 'Bansay Traeng', 'បន្សាយត្រែង', 23),
	(136, 'boeung Pring', 'បឹងព្រីង', 23),
	(137, 'Chrey', 'ជ្រៃ', 23),
	(138, 'Chrouy Sdau', 'ជ្រោយស្ដៅ', 23),
	(139, 'Kouk Khmum', 'គោកឃ្មុំ', 23),
	(140, 'Rung Chrey', 'រូងជ្រៃ', 23),
	(141, 'Ta Meun', 'តាម៉ឺន', 23),
	(142, 'Ta Pung', 'តាពូង', 23),
	(143, 'Chbar Ampov II', 'ច្បារអំពៅទី២', 24),
	(144, 'Chealea', 'ជាលា', 24),
	(145, 'Cheung Prey', 'ជើងព្រៃ', 24),
	(146, 'Me Pring', 'មេព្រីង', 24),
	(147, 'Ph\'av', 'ផ្អាវ', 24),
	(148, 'Sambour', 'សំបូរ', 24),
	(149, 'Sandaek', 'សណ្ដែក', 24),
	(150, 'Tang Krang', 'តាំងក្រាំង', 24),
	(151, 'Tang Krasang', 'តាំងក្រសាំង', 24),
	(152, 'Trab', 'ត្រប់', 24),
	(153, 'Tumnob', 'ទំនប់', 24),
	(154, 'Bos Khnor', 'បុសខ្នុរ', 25),
	(155, 'Chamkar Andoung', 'ចំការអណ្ដូង', 25),
	(156, 'Lvea Leu', 'ល្វាលើ', 25),
	(157, 'Spueu', 'ស្ពឺ', 25),
	(158, 'Svay Teab', 'ស្វាយទៀប', 25),
	(159, 'Ta Ong', 'តាអុង', 25),
	(160, 'Ta Prok', 'តាប្រុក', 25),
	(161, 'Khnor Dambang', 'ខ្នុរដំបង', 26),
	(162, 'Pdau Chum', 'ផ្ដៅជុំ', 26),
	(163, 'Prey Char', 'ព្រែចារ', 26),
	(164, 'Pring Chrum', 'ព្រីងជ្រំ', 26),
	(165, 'Sampong Chey', 'សំពងជ័យ', 26),
	(166, 'Soutib', 'សូទីប', 26),
	(167, 'Sramar', 'ស្រម៉', 26),
	(168, 'Trapeang Kor', 'ត្រពាំងគរ', 26),
	(169, 'Boeung Kak 2', 'បឹងកក់2', 27),
	(170, 'Kampong Cham', 'កំពង់ចាម', 27),
	(171, 'Sambuor Meas', 'សំបួរមាស', 27),
	(172, 'Veal Vong', 'វាលវង់', 27),
	(173, 'Ampil', 'អំពិល', 28),
	(174, 'Hanchey', 'ហាន់ជ័យ', 28),
	(175, 'Kaoh Roka', 'កោះរកា', 28),
	(176, 'Kaoh Samraong', 'កោះសំរោង', 28),
	(177, 'Kaoh Tontuem', 'កោះទន្ទឹម', 28),
	(178, 'Kaos Krala', 'កោះក្រឡ', 28),
	(179, 'Kokor', 'គគរ', 28),
	(180, 'Roang', '', 28),
	(181, 'Rumchek', 'រំចេក', 28),
	(182, 'Srak', 'ស្រក', 28),
	(183, 'Trean', 'ទ្រាន', 28),
	(184, 'Angkor Ban', 'អង្ករបាន', 29),
	(185, 'Kang Ta Noeng', 'កងតាណឹង', 29),
	(186, 'Peam Chi Kang', 'ពាមជីកង', 29),
	(187, 'Preaek Koy', 'ព្រែកកុយ', 29),
	(188, 'Preaek Krabau', 'ព្រែកក្របៅ', 29),
	(189, 'Reay Pay', 'រាយប៉ាយ', 29),
	(190, 'Roka Ar', 'រកាអារ', 29),
	(191, 'Roka Koy', 'រកាគយ', 29),
	(192, 'Sdau', 'ស្ដៅ', 29),
	(193, 'Sour Kong', 'សូរគង', 29),
	(194, 'Kampong Reab', 'កំពង់រាប', 30),
	(195, 'Kaoh Soutin', 'កោះសូទិន', 30),
	(196, 'Lve', 'ល្វេ', 30),
	(197, 'Moha Leaph', 'មហាលាភ', 30),
	(198, 'Peam Prathnuoh', 'ពាមប្រធ្នោះ', 30),
	(199, 'Pongro', 'ពង្រ', 30),
	(200, 'Preaek Ta Nong', 'ព្រែកតានង់', 30),
	(201, 'Baray', 'បារាយ', 31),
	(202, 'Kor', 'គរ', 31),
	(203, 'Krouch', 'ក្រូច', 31),
	(204, 'Lvea', 'ល្វា', 31),
	(205, 'Mien', 'មៀន', 31),
	(206, 'Prey Torteng', 'ជ្រៃវៀន', 31),
	(207, 'Samraong', 'សំរោង', 31),
	(208, 'Sour Saen', 'សូរសែន', 31),
	(209, 'Srangae', 'ស្រង៉ែ', 31),
	(210, 'Thma Pun', 'ថ្មពួន', 31),
	(211, 'Tong Rong', 'តុងរ៉ុង', 31),
	(212, 'Trapeang Preah', 'ត្រពាំងព្រះ', 31),
	(213, 'Baray', 'បារាយ', 32),
	(214, 'Chi Bal', 'ជីបាល', 32),
	(215, 'Kaoh Andaet', 'កោះអណ្ដែត', 32),
	(216, 'Khnar Sa', 'ខ្នារស', 32),
	(217, 'Mean Chey', 'មានជ័យ', 32),
	(218, 'Phteah Kandal', 'ផ្ទះកណ្ដាល', 32),
	(219, 'Preaek Dambouk', 'ព្រែកដំបូក', 32),
	(220, 'Preaek Pou', 'ព្រែកពោធិ៍', 32),
	(221, 'Ruessei Srok', 'ឬស្សីស្រុក', 32),
	(222, 'Svay Khsach Phnum', 'ស្វាយខ្សាច់ភ្នំ', 32),
	(223, 'Svay Pou', 'ស្វាយពោធិ៍', 32),
	(224, 'Tong Tralach', 'ទងត្រឡាច', 32),
	(225, 'Areaks Tnaot', 'អារក្សត្នោត', 33),
	(226, 'Dang Kdar', 'ទងក្ដារ', 33),
	(227, 'Khpob Ta Nguon', 'ខ្ពបតាងួន', 33),
	(228, 'Me Sar Chrey', 'មេសរជ្រៃ', 33),
	(229, 'Ou Mlu', 'អូរម្លូ', 33),
	(230, 'Preah Andoung', 'ព្រះអណ្ដូង', 33),
	(231, 'Preak Kak', 'ព្រែកកក់', 33),
	(232, 'Soupheas', 'សូភាស', 33),
	(233, 'Tuol Preah Khleang', 'ទួលព្រះឃ្លាំង', 33),
	(234, 'Tuol Sambuor', 'ទួលសំបួរ', 33),
	(235, 'Anhchanh Rung', 'អញ្ចាញរូង', 34),
	(236, 'Chak', 'ចក', 34),
	(237, 'Chhnok Tru', 'ឆ្នុកទ្រូ', 34),
	(238, 'Kampong Preah Kokir', 'កំពង់ព្រះគគីរ', 34),
	(239, 'Khon Rang', 'ខុនរ៉ង', 34),
	(240, 'Melum', 'មេលំ', 34),
	(241, 'Pech Changvar', 'ពេជចង្វារ', 34),
	(242, 'Phsar', 'ផ្សារ', 34),
	(243, 'Ponley', 'ពន្លៃ', 34),
	(244, 'Popel', 'ពពេល', 34),
	(245, 'Trapeang Chan', 'ត្រពាំងចាន់', 34),
	(246, 'Chol Sar', 'ជលសា', 35),
	(247, 'Kampong Ous', 'កំពុងអុស', 35),
	(248, 'Kaoh Thkov', 'កោះថ្កូវ', 35),
	(249, 'Peam Chhkaok', 'ពាមឆ្កោក', 35),
	(250, 'Prey Kri', 'ព្រៃគ្រី', 35),
	(251, 'B\'er', 'ផ្អេរ', 36),
	(252, 'Kampong Chhnang', 'កំពង់ឆ្នាំង', 36),
	(253, 'Phsar Chhnang', 'ផ្សារឆ្នាំង', 36),
	(254, 'Chranouk', 'ច្រណូក', 37),
	(255, 'Dar', 'ដារ', 37),
	(256, 'Kampong Hau', 'កំពង់ហៅ', 37),
	(257, 'Phlov Tuk', 'ផ្លូវទូក', 37),
	(258, 'Pou', 'ពោធិ៍', 37),
	(259, 'Samraong Saen', 'សំរោងសែន', 37),
	(260, 'Svay Rumpear', 'ស្វាយរំពារ', 37),
	(261, 'Ampil Tuek', 'អំពិលទឹក', 38),
	(262, 'Chhuk Sa', 'ឈកស', 38),
	(263, 'Chres', 'ច្រេស', 38),
	(264, 'Kampong Tralach', 'កំពង់ត្រឡាច', 38),
	(265, 'Longveaek', 'លង្វែក', 38),
	(266, 'Peani', 'ពានី', 38),
	(267, 'Saeb', 'សែប', 38),
	(268, 'Ta Ches', 'តាជេស', 38),
	(269, 'Thma Edth', 'ថ្មឥដ្ឋ', 38),
	(270, 'Andoung Snay', 'អណ្ដូងស្នាយ', 39),
	(271, 'Banteay Preal', 'បន្ទាយព្រាល', 39),
	(272, 'Cheung Kreav', 'ជើងគ្រាវ', 39),
	(273, 'Chrey Bak', 'ជ្រៃបាក់', 39),
	(274, 'Kouk Banteay', 'គោកបន្ទាយ', 39),
	(275, 'Krang Leav', 'ក្រាំងលាវ', 39),
	(276, 'Pongro', 'ពង្រ', 39),
	(277, 'Prasnoeb', 'ប្រស្នឹប', 39),
	(278, 'Prey Mul', 'ព្រែមូល', 39),
	(279, 'Rolea B\'ier', 'រលាប្អៀរ', 39),
	(280, 'Srae Thmei', 'ស្រែថ្មី', 39),
	(281, 'Svay Chrum', 'ស្វាយជ្រំ', 39),
	(282, 'Tuek Hout', 'ទឹកហួត', 39),
	(283, 'Chhean Laeung', 'ឈានឡើង', 40),
	(284, 'Khnar Chhmar', 'ខ្នារឆ្មារ', 40),
	(285, 'Krang Lvea', 'ក្រាំងល្វា', 40),
	(286, 'Peam', 'ពាម', 40),
	(287, 'Sedthei', 'សេដ្ឋី', 40),
	(288, 'Svay', 'ស្វាយជ្រំ', 40),
	(289, 'Svay Chuk', 'ស្វាយជុក', 40),
	(290, 'Tbaeng Khpos', 'ត្បែងខ្ពស់', 40),
	(291, 'Akphivoadth', 'អភិវឌ្ឍន៍', 41),
	(292, 'Chaong Maong', 'ចោងម៉ោង', 41),
	(293, 'Chieb', 'ជៀប', 41),
	(294, 'Kbal Tuek', 'ក្បាលទឹក', 41),
	(295, 'Khlong Popok', 'ខ្លុងពពក', 41),
	(296, 'Krang Skear', 'ក្រាំងស្គារ', 41),
	(297, 'Tang Krasang', 'តាំងក្រសាំង', 41),
	(298, 'Haong Samnam', 'ហោងសំណំ', 42),
	(299, 'Reaksmei Sameakki', 'រស្មីសាមគ្គី', 42),
	(300, 'Ta Sal', 'តាសាល', 42),
	(301, 'Trapeang Chour', 'ត្រពាំងជោរ', 42),
	(302, 'Basedth', 'បរសេដ្ឋ', 43),
	(303, 'Kat Phluk', 'កាត់ភ្លុក', 43),
	(304, 'Nitean', 'និទាន', 43),
	(305, 'Pheakdei', 'ភក្ដី', 43),
	(306, 'Pheari Mean Chey', 'ភារីមានជ័យ', 43),
	(307, 'Phong', 'ផុង', 43),
	(308, 'Pou Angkrang', 'ពោធិ៍អង្រ្កង', 43),
	(309, 'Pou Chamraeun', 'ពោធិ៍ចំរើន', 43),
	(310, 'Pou Mreal', 'ពោធិ៍ម្រាល', 43),
	(311, 'Preah Khae', 'ព្រះខែ', 43),
	(312, 'Svay Chacheb', 'ស្វាយចចិប', 43),
	(313, 'Svay Rumpear', 'ស្វាយរំពារ', 43),
	(314, 'Tuol Ampil', 'ទួលអំពិល', 43),
	(315, 'Tuol Sala', 'ទួលសាលា', 43),
	(316, 'Chbar Mon', 'ច្បារមន', 44),
	(317, 'Kandaol Dom', 'កណ្ដោលដុំ', 44),
	(318, 'Sopoar Tep', 'សុព័រទេព', 44),
	(319, 'Svay Kravan', 'ស្វាយក្រវ៉ាន់', 44),
	(320, 'Angk Popel', 'អង្គពពេល', 45),
	(321, 'Chongruk', 'ជង្រុក', 45),
	(322, 'Moha Ruessei', 'មហាឬស្សី', 45),
	(323, 'Pechr Muni', 'ពេជ្រមុនី', 45),
	(324, 'Preah Nipean', 'ព្រះនិពាន្វ', 45),
	(325, 'Prey Nheat', 'ព្រៃញាតិ៍', 45),
	(326, 'Prey Vihear', 'ព្រៃវិហារ', 45),
	(327, 'Roka Kaoh', 'រកាកោះ', 45),
	(328, 'Sdok', 'ស្ដុក', 45),
	(329, 'Snam Krapeu', 'ស្នំក្រពើ', 45),
	(330, 'Srang', 'ស្រង់', 45),
	(331, 'Veal', 'វាល', 45),
	(332, 'Chan Saen', 'ចន្ទសែន', 46),
	(333, 'Cheung Roas', 'ជើងរាស់', 46),
	(334, 'Chumpu Proeks', 'ជម្ពូរព្រឹក្ស', 46),
	(335, 'Khsem Khsant', 'ក្សេមក្សាន្ត', 46),
	(336, 'Krang Chek', 'ក្រាំងចេក', 46),
	(337, 'Mean Chey', 'មានជ័យ', 46),
	(338, 'Peang Lovea', 'ពាំងល្វា', 46),
	(339, 'Phnom Touch', 'ភ្នំតូច', 46),
	(340, 'Preah Srae', 'ព្រះស្រែ', 46),
	(341, 'Prey Krasang', 'ព្រៃក្រសាំង', 46),
	(342, 'Trach Tong', 'ត្រាចទង', 46),
	(343, 'Veal Pong', 'វាលពុង', 46),
	(344, 'Veang Chas', 'វាំងចាស់', 46),
	(345, 'Chambak', 'ចំបក់', 47),
	(346, 'Choam Sangkae', 'ជាំសង្កែ', 47),
	(347, 'Dambouk Rung', 'ដំបូករូង', 47),
	(348, 'Kiri Voan', 'គិរីវ័ណ្ណ', 47),
	(349, 'Krang Dei Vay', 'ក្រាំងដីវ៉ាយ', 47),
	(350, 'Moha Sang', 'មហាសាំង', 47),
	(351, 'Prey Kmeng', 'ព្រៃក្មេង', 47),
	(352, 'Prey Rumduol', 'ព្រៃរំដួល', 47),
	(353, 'Tang Samraong', 'តាំងសំរោង', 47),
	(354, 'Traeng Trayueng', 'ត្រែងត្រយឹង', 47),
	(355, 'Kahang', 'កាហែង', 48),
	(356, 'Khtum Krang', 'ខ្ទុំក្រាំង', 48),
	(357, 'Krang Ampil', 'ក្រាំងអំពិល', 48),
	(358, 'Pneay', 'ព្នាយ', 48),
	(359, 'Roleang Kreul', 'រលាំងគ្រើល', 48),
	(360, 'Saen Dei', 'សែនដី', 48),
	(361, 'Sambour', 'សំបូរ', 48),
	(362, 'Samrong Tong', 'សំរោងទោង', 48),
	(363, 'Skuh', 'ស្គុះ', 48),
	(364, 'Tang Krouch', 'តាំងក្រូច', 48),
	(365, 'Thummoda Ar', 'ធម្មតាអរ', 48),
	(366, 'Trapeang Kong', 'ត្រពាំងគង', 48),
	(367, 'Voa Sar', 'វល្លិ៍ស', 48),
	(368, 'Amleang', 'អមលាំង', 49),
	(369, 'Monourom', 'មនោរម្យ', 49),
	(370, 'Prambei Mum', 'ប្រាំបីមុំ', 49),
	(371, 'Rung Roeang', 'រុងរឿង', 49),
	(372, 'Toap Mean', 'ទ័ពមាន', 49),
	(373, 'Veal Pon', 'វាលពន់', 49),
	(374, 'Yea Angk', 'យាអង្គ', 49),
	(375, 'Andoung Pou', 'អណ្ដូងពោធិ៍', 50),
	(376, 'Bak Sna', 'បាក់ស្នា', 50),
	(377, 'Ballangk', 'បល្លង័្ក', 50),
	(378, 'Baray', 'បារាយ', 50),
	(379, 'Chaeung Daeung', 'ចើងដើង', 50),
	(380, 'Chhuk Khsach', 'ឈូកខ្សាច់', 50),
	(381, 'Chong Doung', 'ចុងដូង', 50),
	(382, 'Chraneang', 'ច្រនៀង', 50),
	(383, 'Chrolong', 'ជ្រលង', 50),
	(384, 'Kokir Thum', 'គគីរធំ', 50),
	(385, 'Krava', 'ក្រវ៉ា', 50),
	(386, 'Pongro', 'ពង្រ', 50),
	(387, 'Sou Young', 'សូយោង', 50),
	(388, 'Sralau', 'ស្រឡៅ', 50),
	(389, 'Svay Phleung', 'ស្វាយភ្លើង', 50),
	(390, 'Tnaot Chum', 'ត្នោតជុំ', 50),
	(391, 'Triel', 'ទ្រាល', 50),
	(392, 'Chey', 'ជ័យ', 51),
	(393, 'Damrei Slab', 'ដំរីស្លាប់', 51),
	(394, 'Kampong Svay', 'កំពង់ស្វាយ', 51),
	(395, 'Nipech', 'និពេជ្រ', 51),
	(396, 'Phat Sanday', 'ផាត់សណ្ដាយ', 51),
	(397, 'Prey Kuy', 'ព្រៃគុយ', 51),
	(398, 'Tbaeng', 'ត្បែង', 51),
	(399, 'Trapeang Ruessei', 'ត្រពាំងឬស្សី', 51),
	(400, 'Doung', 'ដូង', 52),
	(401, 'Kraya', 'ក្រយា', 52),
	(402, 'Phan Nheum', 'ផាន់ញឹម', 52),
	(403, 'Sakream', 'សាគ្រាម', 52),
	(404, 'Sala Visai', 'សាលាវិស័យ', 52),
	(405, 'Sameakki', 'សាមគ្គី', 52),
	(406, 'Tuol Kreul', 'ទួលគ្រើល', 52),
	(407, 'Koul', 'គោល', 53),
	(408, 'Sambour', 'សំបូរ', 53),
	(409, 'Sraeung', 'ស្រើង', 53),
	(410, 'Chheu Teal', 'ឈើទាល', 54),
	(411, 'Dang Kambet', 'ដងកាំបិត', 54),
	(412, 'Klaeng', 'ក្លែង', 54),
	(413, 'Mean Chey', 'មានជ័យ', 54),
	(414, 'Mean Rith', 'មានរិទ្ធ', 54),
	(415, 'Ngan', 'ងន', 54),
	(416, 'Sandan', 'ប្រាសាទសំបូរ', 54),
	(417, 'Sochet', 'សុចិត្រ', 54),
	(418, 'Tum Ring', 'ទំរីង', 54),
	(419, 'boeung Lvea', 'បឹងល្វា', 55),
	(420, 'Chroab', 'ជ្រាប់', 55),
	(421, 'Kakaoh', 'កកោះ', 55),
	(422, 'Kampong Thma', 'កំពង់ថ្ម', 55),
	(423, 'Kraya', 'ក្រយា', 55),
	(424, 'Prasat', 'ប្រាសាទ', 55),
	(425, 'Tang Krasang', 'តាំងក្រសាំង', 55),
	(426, 'Tboung Krapeu', 'ត្បូងក្រពើ', 55),
	(427, 'Ti Pou', 'ទីពោ', 55),
	(428, 'Banteay Stoung', 'បន្ទាយស្ទោង', 56),
	(429, 'Chamna Kraom', 'ចំណារក្រោម', 56),
	(430, 'Chamna Leu', 'ចំណារលើ', 56),
	(431, 'Kampong Chen Tboung', 'កំពង់ចិនត្បូង', 56),
	(432, 'Msa Krang', 'ម្សាក្រង', 56),
	(433, 'Peam Bang', 'ពាមបាង', 56),
	(434, 'Popok', 'ពពក', 56),
	(435, 'Pralay', 'ប្រឡាយ', 56),
	(436, 'Preah Damrei', 'ព្រះដំរី', 56),
	(437, 'Rung Roeang', 'រុងរឿង', 56),
	(438, 'Samprouch', 'សំព្រោច', 56),
	(439, 'Trea', 'ទ្រា', 56),
	(440, 'Achar Leak', 'អាចារ្យលាក់', 57),
	(441, 'Damrei Choan Khla', 'ដំរីជាន់ខ្លា', 57),
	(442, 'Kampong Krabau', 'កំពង់ក្របៅ', 57),
	(443, 'Kampong Thum', 'កំពង់ធំ', 57),
	(444, 'Ou Kanthor', 'អូរគន្ធរ', 57),
	(445, 'Prey Ta Hu', 'ព្រៃតាហ៊ូ', 57),
	(446, 'Srayov', 'ស្រយូវ', 57),
	(447, 'Angk Phnum Touch', 'អង្គភ្នំតូច', 58),
	(448, 'Ankor Chey', 'អង្គរជ័យ', 58),
	(449, 'Champei', 'ចំប៉ី', 58),
	(450, 'Daeum Doung', 'ដើមដូង', 58),
	(451, 'Dambouk Khpos', 'ដំបូកខ្ពស់', 58),
	(452, 'Dan Koum', 'ដានគោម', 58),
	(453, 'Phnum Kong', 'ភ្នំកុង', 58),
	(454, 'Praphnum', 'ប្រភ្នំ', 58),
	(455, 'Samlanh', 'សំឡាញ់', 58),
	(456, 'Tani', 'តានី', 58),
	(457, 'Banteay Meas Khang Kaeut', 'បន្ទាយមាសខាងកើត', 59),
	(458, 'Banteay Meas Khang lech', 'បន្ទាយមាសខាងលិច', 59),
	(459, 'Prey Tonle', 'ព្រៃទន្លេ', 59),
	(460, 'Samraong Kraom', 'សំរោងក្រោម', 59),
	(461, 'Samraong Leu', 'សំរោងលើ', 59),
	(462, 'Sdach Kong Khang Cheung', 'ស្ដេចគង់ខាងជើង', 59),
	(463, 'Sdach Kong Khang Tboung', 'ស្ដេចគង់ខាងត្បូង', 59),
	(464, 'Trapeang Sala Khang Kaeut', 'ត្រពាំងសាលាខាងកើត', 59),
	(465, 'Trapeang Sala Khang Lech', 'ត្រពាំងសាលាខាងលិច', 59),
	(466, 'Tuk Meas Khang Kaeut', 'ទូកមាសខាងកើត', 59),
	(467, 'Tuk Meas Khang Lech', 'ទូកមាសខាងលិច', 59),
	(468, 'Voat Angk Khang Cheung', 'វត្តអង្គខាងជើង', 59),
	(469, 'Voat Angk Khang Tboung', 'វត្តអង្គខាងត្បូង', 59),
	(470, 'Baniev', 'បានៀវ', 60),
	(471, 'Dechou Akphivoadth', 'តេជោអភិវឌ្ឍន៍', 60),
	(472, 'Krang Sbov', 'ក្រាំងស្បូវ', 60),
	(473, 'Krang Snay', 'ក្រាំងស្នាយ', 60),
	(474, 'Mean Chey', 'មានជ័យ', 60),
	(475, 'Neareay', 'នារាយណ៍', 60),
	(476, 'Satv Pong', 'សត្វពង', 60),
	(477, 'Takaen', 'តាកែន', 60),
	(478, 'Tramaeng', 'ត្រមែង', 60),
	(479, 'Trapeang Bei', 'ត្រពាំងបី', 60),
	(480, 'Trapeang Phleang', 'ត្រពាំងប្លាំង', 60),
	(481, 'Chres', 'ច្រេស', 61),
	(482, 'Snay Anhchet', 'ស្នាអញ្ចឹត', 61),
	(483, 'Srae Chaeng', 'ស្រែចែង', 61),
	(484, 'Srae Knong', 'ស្រែក្នុង', 61),
	(485, 'Trapeang Reang', 'ត្រពាំងរាំង', 61),
	(486, 'Angk Romeas', 'អង្គរមាស', 62),
	(487, 'Damnak Sokram', 'ដំណាក់សុក្រំ', 62),
	(488, 'Dang Tong', 'ដងទង', 62),
	(489, 'Khcheay Khang Cheung', 'ខ្ជាយខាងជើង', 62),
	(490, 'Khcheay Khang Tboung', 'ខ្ជាយខាងត្បូង', 62),
	(491, 'L\'ang', 'ល្អាង', 62),
	(492, 'Mean Ritth', 'មានរិទ្ធ', 62),
	(493, 'Srae Chea Khang Cheung', 'ស្រែជាខាងជើង', 62),
	(494, 'Srae Chea Khang Tboung', 'ស្រែជាខាងត្បូង', 62),
	(495, 'Totung', 'ទទុង', 62),
	(496, 'Ang Sophy', 'អង្គសុភី', 63),
	(497, 'boeung Sala Khang Tboung', 'បឹងសាលាខាងត្បូង', 63),
	(498, 'Damnak Kantuot Khang Tboung', 'ដំណាក់កន្ទួតខាងត្បូង', 63),
	(499, 'Kampong Trach Khang Kaeut', 'កំពង់ត្រាចខាងកើត', 63),
	(500, 'Kampong Trach Khang Lech', 'កំពង់ត្រាចខាងលិច', 63),
	(501, 'Phnom Prasat', 'ភ្នំប្រសាទ', 63),
	(502, 'Prasat Phnom Khyang', 'ប្រាសាទភ្នំខ្យាង', 63),
	(503, 'Preaek Kroes', 'ព្រែកក្រើស', 63),
	(504, 'Svay Tong Khang Cheung', 'ស្វាយទងខាងជើង', 63),
	(505, 'Andoung Khmer', 'អណ្ដូងខ្មែរ', 64),
	(506, 'Kampong Bay', 'កំពង់បាយ', 64),
	(507, 'Kampong Kandal', 'កំពង់កណ្ដាល', 64),
	(508, 'Krang Ampil', 'ក្រាំងអំពិល', 64),
	(509, 'Traeuy Kaoh', 'ត្រើយកោះ', 64),
	(510, 'boeung Tuk', 'បឹងទូក', 65),
	(511, 'Chum Kriel', 'ជុំគ្រៀល', 65),
	(512, 'Kampong Kraeng', 'កពង់គ្រែង', 65),
	(513, 'Kampong Samraong', 'កំពង់សំរោង', 65),
	(514, 'Kandaol', 'កណ្ដោល', 65),
	(515, 'Koun Satv', 'កូនសត្វ', 65),
	(516, 'Makprang', 'មាក់ប្រាង', 65),
	(517, 'Preaek Tnoat', 'ព្រែកត្នោត', 65),
	(518, 'Prey Khmum', 'ព្រៃឃ្មុំ', 65),
	(519, 'Stueng Kaev', 'ស្ទឹងកែវ', 65),
	(520, 'Thmei', 'ថ្មី', 65),
	(521, 'Trapeang Sangkae', 'ត្រពាំងសង្កែ', 65),
	(522, 'Baek Chan', 'បែកចាន', 66),
	(523, 'Chhak Chheu Neang', 'ឆក់ឈើនាង', 66),
	(524, 'Damnak Ampil', 'ដំណាក់អំពិល', 66),
	(525, 'Krang Mkak', 'ក្រាំងម្កាក់', 66),
	(526, 'Lumhach', 'លំហាច', 66),
	(527, 'Mkak', 'ម្កាក់', 66),
	(528, 'Peuk', 'ពើក', 66),
	(529, 'Prey Puoch', 'ព្រៃពួច', 66),
	(530, 'Samraong Leu', 'សំរោងលើ', 66),
	(531, 'Tuol Prech', 'ទួលព្រេច', 66),
	(532, 'Ampov Prey', 'អំពៅព្រៃ', 67),
	(533, 'Anlong Romiet', 'អន្លង់រមៀត', 67),
	(534, 'Boeung Khyang', 'បឹងខ្យាង', 67),
	(535, 'Cheung Kaeub', 'ជើងកើប', 67),
	(536, 'Daeum Rues', 'ដើមឬស', 67),
	(537, 'Preaek Slaeng', 'ព្រែកស្លែង', 67),
	(538, 'Preah Putth', 'ព្រះពុទ្ធ', 67),
	(539, 'Roka', 'រកា', 67),
	(540, 'Roleang Kaen', 'រលាំងកែន', 67),
	(541, 'Siem Reab', 'សៀមរាប', 67),
	(542, 'Tbaeng', 'ត្បែង', 67),
	(543, 'Trea', 'ទ្រា', 67),
	(544, 'Chheu Kmau', 'ឈើខ្មៅ', 68),
	(545, 'Chrouy Ta Kaev', 'ជ្រោយតាកែវ', 68),
	(546, 'Kaoh Thum Ka', 'កោះធំ ក', 68),
	(547, 'Kaoh Thum Kha', 'កោះធំ ខ', 68),
	(548, 'Leuk Daek', 'លើកដែក', 68),
	(549, 'Prea​ek Chrey', 'ព្រែកជ្រៃ', 68),
	(550, 'Sampov Loun', 'សំពៅលូន', 68),
	(551, 'Bak Dav', 'បាក់ដាវ', 69),
	(552, 'Chey Thum', 'ជ័យធំ', 69),
	(553, 'Kampong Chamlang', 'កំពង់ចំលង', 69),
	(554, 'Kaoh Oknha Tei', 'កោះឧកញ៉ាតី', 69),
	(555, 'Preaek Ampil', 'ព្រែកអំពិល', 69),
	(556, 'Preaek Luong', 'ព្រែកហ្លួង', 69),
	(557, 'Preaek Ta kov', 'ព្រែកតាកូវ', 69),
	(558, 'Preaek Ta Meak', 'ព្រែកតាមាក់', 69),
	(559, 'Puk Ruessei', 'ពុកឬស្សី', 69),
	(560, 'Roka Chonlueng', 'រកាជន្លឹង', 69),
	(561, 'Sanlung', 'សន្លុង', 69),
	(562, 'Svay Chrum', 'ស្វាយជ្រំ', 69),
	(563, 'Svay Romiet', 'ស្វាយរមៀត', 69),
	(564, 'Ta Aek', 'តាឯក', 69),
	(565, 'Vihear Suork', 'វិហារសួហ៌', 69),
	(566, 'Banteay Daek', 'បន្ទាយដែក', 70),
	(567, 'Chheu Teal', 'ឈើទាល', 70),
	(568, 'Dei Edth', 'ដីឥដ្ឋ', 70),
	(569, 'Kampong Svay', 'កំពង់ស្វាយ', 70),
	(570, 'Kokir Thum', 'គគីរធំ', 70),
	(571, 'Phum Thum', 'ភូមិធំ', 70),
	(572, 'Samraong Thum', 'សំរោងធំ', 70),
	(573, 'K\'am Samnar', 'ក្អមសណរ', 71),
	(574, 'Kampong Phnum', 'កំពង់ភ្នំ', 71),
	(575, 'Khpob Ateav', 'ខ្ពបអាទាវ', 71),
	(576, 'Peam Reang', 'ពាមរាំង', 71),
	(577, 'Preaek Dach', 'ព្រែកដាច់', 71),
	(578, 'Sandar', 'សណ្ដារ', 71),
	(579, 'Akreiy Ksatr', 'អរិយក្សត្រ', 72),
	(580, 'Barong', 'បារុង', 72),
	(581, 'boeung Krum', 'បឹងគ្រុំ', 72),
	(582, 'Kaoh Kaev', 'កោះកែវ', 72),
	(583, 'Lvea Sar', 'ល្វាស', 72),
	(584, 'Peam Oknha Ong', 'ពាមឧកញ៉ាអុង', 72),
	(585, 'Phum Thum', 'ភូមិធំ', 72),
	(586, 'Preaek Kmeng', 'ព្រែកក្មេង', 72),
	(587, 'Sambuor', 'សំបួរ', 72),
	(588, 'Sarikakaev', 'សារិកាកែវ', 72),
	(589, 'Tuek Khleang', 'ទឹកឃ្លាំង', 72),
	(590, 'Preaek Anhchanh', 'ព្រែកអញ្ចាញ', 73),
	(591, 'Preaek Dambang', 'ព្រែកដំបង', 73),
	(592, 'Roka Kong I', 'រកាកោង១​', 73),
	(593, 'Roka Kong II', 'រកាកោង២', 73),
	(594, 'Ruessei Chrouy', 'ឬស្សីជ្រោយ', 73),
	(595, 'Sambuor Meas', 'សំបួរមាស', 73),
	(596, 'Svay Ampear', 'ស្វាយអំពារ', 73),
	(597, 'Chhveang', 'ឈ្វាំង', 74),
	(598, 'Chrey Loas', 'ជ្រៃលាស់', 74),
	(599, 'Kampong Luong', 'កំពង់លួង', 74),
	(600, 'Kampong Os', 'កំពង់អុស', 74),
	(601, 'Kaoh Chen', 'កោះចិន', 74),
	(602, 'Phnum Bat', 'ភ្នំំបាត', 74),
	(603, 'Phsar Daek', 'ផ្សារដែក', 74),
	(604, 'Preaek Ta Teaen', 'ព្រែកតាទែន', 74),
	(605, 'Tumnob Thum', 'ទំនប់ធំ', 74),
	(606, 'Vihear Luong', 'វិហារលួង', 74),
	(607, 'Kaoh Anlong Chen', 'កោះអន្លង់ចិន', 75),
	(608, 'Kaoh Khael', 'កោះទែល', 75),
	(609, 'Kaoh Khsach Tonlea', 'កោះខ្សាច់ទន្លា', 75),
	(610, 'Khpob', 'ខ្ពប', 75),
	(611, 'Krang Yov', 'ក្រាំងយ៉ូវ', 75),
	(612, 'Prasat', 'ប្រាសាទ', 75),
	(613, 'Preaek Ambel', 'ព្រែកអំបិល', 75),
	(614, 'Preaek Koy', 'ព្រែកកុយ', 75),
	(615, 'Roka Khpos', 'រកាខ្ពស់', 75),
	(616, 'S\'ang Phnum', 'ស្អាងភ្នំ', 75),
	(617, 'Setbou', 'សិត្បូ', 75),
	(618, 'Svay Prateal', 'ស្វាយប្រទាល', 75),
	(619, 'Svay Rolum', 'ស្វាយរលំ', 75),
	(620, 'Ta Lon', 'តាលន់', 75),
	(621, 'Traeuy Sla', 'ត្រើយស្លា', 75),
	(622, 'Tuek Vil', 'ទឺកវិល', 75),
	(623, 'Doeum Mean', 'ដើមមៀន', 76),
	(624, 'Kampong Samnanh', 'កំពង់សំណាញ់', 76),
	(625, 'Prek Ho', 'ព្រែកហូរ', 76),
	(626, 'Prek Ruessey', 'ព្រែកឬស្សី', 76),
	(627, 'Ta Kdol', 'តាក្ដុល', 76),
	(628, 'Ta Khmao', 'តាខ្មៅ', 76),
	(629, 'Angkaol', 'អង្កោល', 77),
	(630, 'Pong Tuek', 'ពងទឹក', 77),
	(631, 'Kep', 'កែប', 78),
	(632, 'Ou Krasar', 'អូរក្រសារ', 78),
	(633, 'Prey Thum', 'ព្រៃធំ', 78),
	(634, 'Andoung Tuek', 'អណ្ដូងទឹក', 79),
	(635, 'Kandaol', 'កណ្ដោល', 79),
	(636, 'Ta Noun', 'តានូន', 79),
	(637, 'Thma Sa', 'ថ្មស', 79),
	(638, 'Chrouy Pras', 'ជ្រោយប្រស់', 80),
	(639, 'Kaoh Kapi', 'កោះកាពិ', 80),
	(640, 'Ta Tai Kraom', 'តាតៃក្រោម', 80),
	(641, 'Trapeang Rung', 'ត្រពាំងរូង', 80),
	(642, 'Dang Tong', 'ដងទង', 81),
	(643, 'Smach Mean Chey', 'ស្មាច់មានជ័យ', 81),
	(644, 'Kaoh Sdach', 'កោះស្ដេច', 82),
	(645, 'Phnhi Meas', 'ភ្ញីមាស', 82),
	(646, 'Pak Khlang', 'បាក់ខ្លង', 83),
	(647, 'Tuol Kokir', 'ទួលគគីរ', 83),
	(648, 'Boeung Preav', 'បឹងព្រាវ', 84),
	(649, 'Chi Kha Kraom', 'ជីខក្រោម', 84),
	(650, 'Chi kha Leu', 'ជីខលើ', 84),
	(651, 'Chroy Svay', 'ជ្រោយស្វាយ', 84),
	(652, 'Dang Peaeng', 'ដងពែង', 84),
	(653, 'Chi Phat', 'ជីផាត', 85),
	(654, 'Chumnoab', 'ជំនាប់', 85),
	(655, 'Pralay', 'ប្រឡាយ', 85),
	(656, 'Ruessei Chrum', 'ឬស្សីជ្រំ', 85),
	(657, 'Ta Tey Leu', 'តាទៃលើ', 85),
	(658, 'Thma Doun Pov', 'ថ្មដូនពៅ', 85),
	(659, 'Bos Leav', 'បុសលាវ', 86),
	(660, 'Dar', 'ដារ', 86),
	(661, 'Kantuot', 'កន្ទួត', 86),
	(662, 'Kou Loab', 'គោលាប់', 86),
	(663, 'Sambok', 'សំបុក', 86),
	(664, 'Thma Andaeuk', 'ថ្មអណ្ដើក', 86),
	(665, 'Thmei', 'ថ្មី', 86),
	(666, 'Chhloung', 'ឆ្លូង', 87),
	(667, 'Damrei Phong', 'ដំរីផុង', 87),
	(668, 'Han Chey', 'ហាន់ជ័យ', 87),
	(669, 'Kampong Damrei', 'កំពង់ដំរី', 87),
	(670, 'Pongro', 'ពង្រ', 87),
	(671, 'Preaek Saman', 'ព្រែកសាម៉ាន', 87),
	(672, 'Kaoh Trong', 'កោះទ្រង់', 88),
	(673, 'Kracheh', 'ក្រចេះ', 88),
	(674, 'Krakor', 'ក្រគរ', 88),
	(675, 'Ou Ruessei', 'អូរឬស្សី', 88),
	(676, 'Chambâk', '', 89),
	(677, 'Chrouy Banteay', 'ជ្រោយបន្ទាយ', 89),
	(678, 'Kampong Kor', 'កំពង់គរ', 89),
	(679, 'Koh Ta Suy', 'កោះតាស៊ុយ', 89),
	(680, 'Ruessei Kaev', 'ឬស្សីកែវ', 89),
	(681, 'Saob', 'សោប', 89),
	(682, 'Ta Mao', 'តាម៉ៅ', 89),
	(683, 'boeung Char', 'បឹងចារ', 90),
	(684, 'Kampong Cham', 'កំពង់ចាម', 90),
	(685, 'Kbal Damrei', 'ក្បាលដំរី', 90),
	(686, 'Ou Krieng', 'អូរគ្រៀង', 90),
	(687, 'Roluos Mean Chey', 'រលួសមានជ័យ', 90),
	(688, 'Sambour', 'សំបូរ', 90),
	(689, 'Sandan', 'ប្រាសាទសំបូរ', 90),
	(690, 'Voadthonak', 'វឌ្ឍនៈ', 90),
	(691, 'Khsuem', 'ឃ្សឹម', 91),
	(692, 'Pir Thnu', 'ពីរធ្នូ', 91),
	(693, 'Snuol', 'ស្នួល', 91),
	(694, 'Srae Char', 'ស្រែចារ', 91),
	(695, 'Svay Chreah', 'ស្វាយជ្រះ', 91),
	(696, 'Chong Phlah', 'ចុងផ្លះ', 92),
	(697, 'Memang', 'មេម៉ង់', 92),
	(698, 'Srae Chhuk', 'ស្រែឈូក', 92),
	(699, 'Srae Khtum', 'ស្រែខ្ទុំ', 92),
	(700, 'Srae Preah', 'ស្រែព្រះ', 92),
	(701, 'Nang Khi Lik', 'ណងឃីលីក', 93),
	(702, 'Ou Buon Leu', 'អូរបួនលើ', 93),
	(703, 'Roya', 'រយ៉', 93),
	(704, 'Sokh Sant', 'សុខសាន្ត', 93),
	(705, 'Srae Huy', 'ស្រែហ៊ុយ', 93),
	(706, 'Srae Sangkum', 'ស្រែសង្គម', 93),
	(707, 'Saen Monourom', 'សែនមនោរម្យ', 94),
	(708, 'Bou Sra', 'ប៊ូស្រា', 95),
	(709, 'Krang Teh', 'ក្រងតេះ', 95),
	(710, 'Srae Ampum', 'ស្រែអំពូម', 95),
	(711, 'Monourom', 'មនោរម្យ', 96),
	(712, 'Romonea', 'រមនា', 96),
	(713, 'Sokh Dom', 'សុខដុម', 96),
	(714, 'Spean Mean Chey', 'ស្ពាមមានជ័យ', 96),
	(715, 'Anlong Veng', 'អន្លង់វែង', 97),
	(716, 'Lumtong', 'លំទង', 97),
	(717, 'Thlat', 'ថ្លាត', 97),
	(718, 'Trapeang Prei', 'ត្រពាំងប្រិយ៍', 97),
	(719, 'Trapeang Tav', 'ត្រពាំងតាវ', 97),
	(720, 'Ampil', 'អំពិល', 98),
	(721, 'Beng', 'បេង', 98),
	(722, 'Kouk Khpos', 'គោកខ្ពស់', 98),
	(723, 'Kouk Mon', 'គោកមន', 98),
	(724, 'Cheung Tien', 'ជើងទៀន', 99),
	(725, 'Chong Kal', 'ចុងកាល់', 99),
	(726, 'Krasang', 'ក្រសាំង', 99),
	(727, 'Pongro', 'ពង្រ', 99),
	(728, 'Bansay Reak', 'បន្សាយរាក់', 100),
	(729, 'Boeung Tranh Khang Cheung', 'បឹងត្រាញ់ខាងជើង', 100),
	(730, 'Boeung Tranh Khang Tboung', 'បឹងត្រាញ់ខាងត្បូង', 100),
	(731, 'Bos Sbov', 'បុសស្បវ', 100),
	(732, 'Cheung Kuon', 'ជើងគួន', 100),
	(733, 'Chumreah Pen', 'ជំរះពេន', 100),
	(734, 'Khvav', 'ខ្វាវ', 100),
	(735, 'Ou Smach', 'អូរស្មាច់', 100),
	(736, 'Rovieng', 'រវៀង', 100),
	(737, 'Samraong', 'សំរោង', 100),
	(738, 'Sla', 'ស្លា', 100),
	(739, 'Soengh', 'សឹង្ហ', 100),
	(740, 'Trea', 'ទ្រា', 100),
	(741, 'Bak Anloung', 'បាក់អន្លូង', 101),
	(742, 'Ou Svay', 'អូរស្វាយ', 101),
	(743, 'Ph\'av', 'ផ្អាវ', 101),
	(744, 'Tumnob Dach', 'ទំនប់ដាច់', 101),
	(745, 'Bar Yakha', 'បរយ៉ាខា', 102),
	(746, 'Ou Ta Vau', 'អូរតាវ៉ៅ', 102),
	(747, 'Pailin', 'ប៉ៃលិន', 102),
	(748, 'Tuol Lvea', 'ទួលល្វា', 102),
	(749, 'Ou Andoung', 'អូរអណ្ដូង', 103),
	(750, 'Sala Krau', 'សាលាក្រៅ', 103),
	(751, 'Stueng Kach', 'ស្ទឹងកាច់', 103),
	(752, 'Boeung Prolit', 'បឹងព្រលិត', 104),
	(753, 'Mittapheap', 'មិត្តភាព', 104),
	(754, 'Monourom', 'មនោរម្យ', 104),
	(755, 'Ou Ruessei 1', 'អូរឬស្សី1', 104),
	(756, 'Ou Ruessei 2', 'អូរឬស្សី2', 104),
	(757, 'Ou Ruessei 3', 'អូរឬស្សី3', 104),
	(758, 'Ou Ruessei 4', 'អូរឬស្សី4', 104),
	(759, 'Veal Vong', 'វាលវង់', 104),
	(760, 'BKK 1', 'បឹងកេងកង1', 105),
	(761, 'BKK 2', 'បឹងកេងកង2', 105),
	(762, 'BKK 3', 'បឹងកេងកង3', 105),
	(763, 'Boeung Prolit', 'បឹងព្រលិត', 105),
	(764, 'Boeung Trabek', 'បឹងត្របែក', 105),
	(765, 'Phsar Daeum Thkov', 'ផ្សារដើមថ្កូវ', 105),
	(766, 'Tonle Bassac', 'ទន្លេបាសាក់', 105),
	(767, 'Toul Svay Prey 1', 'ទួលស្វាយព្រៃ1', 105),
	(768, 'Toul Svay Prey 2', 'ទួលស្វាយព្រៃ2', 105),
	(769, 'Toul Tum Poung 1', 'ទួលទំពូង1', 105),
	(770, 'Toul Tum Poung 2', 'ទួលទំពូង2', 105),
	(771, 'Tumnob Tuek', 'ទំនប់ទឹក', 105),
	(772, 'Chbar Ampov I', 'ច្បារអំពៅទី១', 106),
	(773, 'Chbar Ampov II', 'ច្បារអំពៅទី២', 106),
	(774, 'Dangkao', 'ដង្កោ', 106),
	(775, 'Nirouth', 'និរោធ', 106),
	(776, 'Preaek Aeng', 'ព្រែកឯង', 106),
	(777, 'Preaek Pra', 'ព្រែកប្រា', 106),
	(778, 'Preaek Thmei', 'ព្រែកថ្មី', 106),
	(779, 'Veal Sbov', 'វាលស្បូវ', 106),
	(780, 'Bak Kaeng', 'បាក់ខែង', 107),
	(781, 'Chroy Changvar', 'ជ្រោយចង្វា', 107),
	(782, 'Koh Dach', 'កោះដាច់', 107),
	(783, 'Preaek Lieb', 'ព្រែកលៀប', 107),
	(784, 'Preaek Ta Sek', 'ព្រែកតាសេក', 107),
	(785, 'Cheung Aek', 'ជើងឯក', 108),
	(786, 'Dangkao', 'ដង្កោ', 108),
	(787, 'Krang Pongro', 'ក្រាំងពង្រ', 108),
	(788, 'Pong Tuek', 'ពងទឹក', 108),
	(789, 'Prateah Lang', 'ប្រទះឡាង', 108),
	(790, 'Preaek Kampues', 'ព្រែកកំពឹស', 108),
	(791, 'Prey Sa', 'ព្រៃស', 108),
	(792, 'Prey Veaeng', 'ព្រៃវែង', 108),
	(793, 'Roluos', 'រលួស', 108),
	(794, 'Sak Sampov', 'សាក់សំពៅ', 108),
	(795, 'Spean Thma', 'ស្ពានថ្ម', 108),
	(796, 'Tien', 'ទៀន', 108),
	(797, 'Boeung Reang', 'បឹងរាំង', 109),
	(798, 'Chakto Mukh', 'ចតុមុខ', 109),
	(799, 'Chey Chumneah', 'ជ័យជំនះ', 109),
	(800, 'Phsar Chas', 'ផ្សារចាស់', 109),
	(801, 'Phsar Kandal I', 'ផ្សារកណ្ដាល១', 109),
	(802, 'Phsar Kandal II', 'ផ្សារកណ្ដាល២', 109),
	(803, 'Phsar Thmei I', 'ផ្សារថ្មី១', 109),
	(804, 'Phsar Thmei II', 'ផ្សារថ្មី២', 109),
	(805, 'Phsar Thmei III', 'ផ្សារថ្មី៣', 109),
	(806, 'Srah Chak', 'ស្រះចក', 109),
	(807, 'Wat Phnom', '', 109),
	(808, 'Boeung Tumpun', 'បឹងទំពុន', 110),
	(809, 'Chak Angrae Kraom', 'ចាក់អង្រែក្រោម', 110),
	(810, 'Chak Angrae Leu', 'ចាក់អង្រែលើ', 110),
	(811, 'Stueng Mean chey', 'ស្ទឹងមានជ័យ', 110),
	(813, 'Boeung Thum', '', 111),
	(814, 'Chaom Chau', 'ចោមចៅ', 111),
	(815, 'Kakap', 'កាកាប', 111),
	(816, 'Kamboul', 'កំបូល', 111),
	(817, 'Kantaok', 'កន្ទោក', 111),
	(818, 'Krang Thnong', 'ក្រាំងធ្នង់', 111),
	(819, 'Ovlaok', 'ឪឡោក', 111),
	(820, 'Samraong Kraom', 'សំរោងក្រោម', 111),
	(821, 'Snaor', 'ស្នោ', 111),
	(822, 'Trapeang Krasang', 'ត្រពាំងក្រសាំង', 111),
	(823, 'Boeung Trabek', 'បឹងត្របែក', 112),
	(824, 'Chaom Chau', 'ចោមចៅ', 112),
	(825, 'Preaek Pnov', 'ព្រែកព្នៅ', 112),
	(826, 'Samraong', 'សំរោង', 112),
	(827, 'Chrang Chamres 2', 'ច្រាំងចំរេះ2', 113),
	(828, 'Chrang Chamres I', 'ច្រាំងចំរេះ១', 113),
	(829, 'Kilomaetr Lekh Prammuoy', 'គីឡូម៉ែតលេខ៦', 113),
	(830, 'Ruessei Kaev', 'ឬស្សីកែវ', 113),
	(831, 'Svay Pak', 'ស្វាយប៉ាក', 113),
	(832, 'Tuol Sangke', 'ទួលសង្កែ', 113),
	(833, 'Khmuonh', 'ឃ្មួញ', 114),
	(834, 'Krang Thnong', 'ក្រាំងធ្នង់', 114),
	(835, 'Phnom Penh Thmey', 'ភ្នំពេញថ្មី', 114),
	(836, 'Teuk Thla', 'ទឹកថ្លា', 114),
	(837, 'Boeung Kak 1', 'បឹងកក់1', 115),
	(838, 'Boeung Kak 2', 'បឹងកក់2', 115),
	(839, 'Boeung Salang', 'បឹងសាឡាង', 115),
	(840, 'Phsar Daeum Kor', '', 115),
	(841, 'Phsar Daeum Thkov', 'ផ្សារដើមថ្កូវ', 115),
	(842, 'Phsar Depou I', 'ផ្សារដេប៉ូ១', 115),
	(843, 'Phsar Depou II', 'ផ្សារដេប៉ូ២', 115),
	(844, 'Phsar Depou III', 'អូរឬស្សី៤', 115),
	(845, 'Tuek L\'ak 1', '', 115),
	(846, 'Tuek L\'ak 2', '', 115),
	(847, 'Tuek L\'ak 3', '', 115),
	(848, 'Khyang', 'ខ្យង', 116),
	(849, 'Putrea', 'ពុទ្រា', 116),
	(850, 'S\'ang', 'ស្អាង', 116),
	(851, 'Tasu', 'តស៊ូ', 116),
	(852, 'Thmea', 'ធ្មា', 116),
	(853, 'Chhaeb Muoy', 'ឆែបមួយ', 117),
	(854, 'Chhaeb Pir', 'ឆែបពីរ', 117),
	(855, 'Kampong Sralau Muoy', 'កំពង់ស្រឡៅមួយ', 117),
	(856, 'Kampong Sralau Pir', 'កំពង់សស្រឡៅពីរ', 117),
	(857, 'Mlu Prey Muoy', 'ម្លូព្រៃមួយ', 117),
	(858, 'Mlu Prey Pir', 'ម្លូព្រៃពីរ', 117),
	(859, 'Sangkae Muoy', 'សង្កែមួយ', 117),
	(860, 'Sangkat Pir', '', 117),
	(861, 'Kantuot', 'កន្ទួត', 118),
	(862, 'Morokot', 'មរកត', 118),
	(863, 'Pring Thum', 'ព្រីងធំ', 118),
	(864, 'Rumdaoh Srae', 'រំដោះស្រែ', 118),
	(865, 'Sror Aem', 'ស្រអែម', 118),
	(866, 'Tuek Kraham', 'ទឹកក្រហម', 118),
	(867, 'Yeang', 'យាង', 118),
	(868, 'Kuleaen Cheung', 'គូលេនជើង', 119),
	(869, 'Kuleaen Tboung', 'គូលេនត្បូង', 119),
	(870, 'Phnum Tbaeng Pir', 'ភ្នំត្បែងពីរ', 119),
	(871, 'Srayang', 'ស្រយ៉ង់', 119),
	(872, 'Thmei', 'ថ្មី', 119),
	(873, 'Kampong Pranak', 'កំពង់ប្រណាក', 120),
	(874, 'Pal Hal', 'ប៉ាលហាល', 120),
	(875, 'Reaksa', 'រក្សា', 121),
	(876, 'Reaksmei', 'រស្មី', 121),
	(877, 'Rieb Roy', 'រៀបរយ', 121),
	(878, 'Rik Reay', 'រីករាយ', 121),
	(879, 'Robieb', 'របៀប', 121),
	(880, 'Rohas', 'រហ័ស', 121),
	(881, 'Romoneiy', 'រមនីយ', 121),
	(882, 'Rotanak', 'រតនៈ', 121),
	(883, 'Rumdaoh', 'រំដោះ', 121),
	(884, 'Rung Roeang', 'រុងរឿង', 121),
	(885, 'Ruos Roan', 'រួសរាន់', 121),
	(886, 'Phnum Tbaeng Muoy', 'ភ្នំត្បែង១', 122),
	(887, 'Ro\'ang', 'រអាង', 122),
	(888, 'Ronak Ser', 'រណសិរ្ស', 122),
	(889, 'Sdau', 'ស្ដៅ', 122),
	(890, 'Chhean Mukh', 'ឈានមុខ', 123),
	(891, 'Pou', 'ពោធិ៍', 123),
	(892, 'Prame', 'ប្រមេ', 123),
	(893, 'Preah Khleang', 'ព្រះឃ្លាំង', 123),
	(894, 'boeung Preah', 'បឹងព្រះ', 124),
	(895, 'Cheung Phnum', 'ជើងភ្នំ', 124),
	(896, 'Chheu Kach', 'ឈើកាច់', 124),
	(897, 'Reaks Chey', 'រក្សជ័យ', 124),
	(898, 'Roung Damrei', 'រោងដំរី', 124),
	(899, 'Sdau Kaong', 'ស្ដៅកោង', 124),
	(900, 'Spueu Kha', 'ស្ពឺ ខ', 124),
	(901, 'Theay', 'ធាយ', 124),
	(902, 'Cheach', 'ជាច', 125),
	(903, 'Doun Koeng', 'ដូនកឹង', 125),
	(904, 'Krabau', 'ក្របៅ', 125),
	(905, 'Kranhung', 'ក្រញូង', 125),
	(906, 'Seang Khveang', 'ស៊ាងឃ្វាង', 125),
	(907, 'Smaong Khang Cheung', 'ស្មោងខាងជើង', 125),
	(908, 'Smaong Khang Tboung', 'ស្មោងខាងត្បូង', 125),
	(909, 'Trabaek', 'ត្របែក', 125),
	(910, 'Ansaong', 'អន្សោង', 126),
	(911, 'Cham', 'ចាម', 126),
	(912, 'Cheang Daek', 'ជាងដែក', 126),
	(913, 'Chrey', 'ជ្រៃ', 126),
	(914, 'Kampong Trabaek', 'កំពង់ត្របែក', 126),
	(915, 'Kansoam Ak', 'កន្សោមអក', 126),
	(916, 'Peam Montear', 'ពាមមន្ទារ', 126),
	(917, 'Prasat', 'ប្រាសាទ', 126),
	(918, 'Prey Chhor', 'ព្រៃឈរ', 126),
	(919, 'Thkov', 'ថ្កូវ', 126),
	(920, 'Chong Ampil', 'ចុងអំពិល', 127),
	(921, 'Kanhchriech', 'កញ្រ្ជៀច', 127),
	(922, 'Kdoeang Reay', 'ក្ដឿងរាយ', 127),
	(923, 'Kouk Kong Kaeut', 'គោកគង់កើត', 127),
	(924, 'Kouk Kong Lech', 'គោកគង់លិច', 127),
	(925, 'Preal', 'ព្រាល', 127),
	(926, 'Thma Pun', 'ថ្មពួន', 127),
	(927, 'Tnaot', 'ត្នោត', 127),
	(928, 'Angkor Sar', 'អង្គរសរ', 128),
	(929, 'Chi Phoch', 'ជីផុច', 128),
	(930, 'Chres', 'ច្រេស', 128),
	(931, 'Prey Khnes', 'ព្រៃឃ្នេស', 128),
	(932, 'Prey Rumdeng', 'ព្រៃរំដេង', 128),
	(933, 'Prey Totueng', 'ព្រៃទទឹង', 128),
	(934, 'Svay Chrum', 'ស្វាយជ្រំ', 128),
	(935, 'Trapeang Srae', 'ត្រពាំងស្រែ', 128),
	(936, 'Kampong Popil', 'កំពង់ពពិល', 129),
	(937, 'Kampong Prang', 'កំពង់ប្រាំង', 129),
	(938, 'Kanhcham', 'កញ្ចំ', 129),
	(939, 'Mesar Prachan', 'មេសប្រចាន់', 129),
	(940, 'Prey Pnov', 'ព្រៃព្នៅ', 129),
	(941, 'Prey Sniet', 'ព្រៃស្នៀត', 129),
	(942, 'Prey Sralet', 'ព្រៃស្រឡឹត', 129),
	(943, 'Roka', 'រកា', 129),
	(944, 'Angkor Angk', 'អង្គរអង្គ', 130),
	(945, 'Kampong Prasat', 'កំពង់ប្រាសាទ', 130),
	(946, 'Kaoh Chek', 'កោះចេក', 130),
	(947, 'Kaoh Roka', 'កោះរកា', 130),
	(948, 'Kaoh Sampov', 'កោះសំពៅ', 130),
	(949, 'Krang Ta Yang', 'ក្រាំងតាយ៉ង', 130),
	(950, 'Preaek Krabau', 'ព្រែកក្របៅ', 130),
	(951, 'Preaek Sambuor', 'ព្រែកសំបួរ', 130),
	(952, 'Ruessei Srok', 'ឬស្សីស្រុក', 130),
	(953, 'Svay Phluoh', 'ស្វាយភ្លោះ', 130),
	(954, 'Ba Baong', 'បាបោង', 131),
	(955, 'Banlich Prasat', 'បន្លិចប្រាសាទ', 131),
	(956, 'Neak Loeang', 'អ្នកលឿង', 131),
	(957, 'Peam Ro', 'ពាមរ', 131),
	(958, 'Preaek Khsay Kha', 'ព្រែកខ្សាយ ខ', 131),
	(959, 'Prey Kandieng', 'ព្រៃកណ្ដៀង', 131),
	(960, 'Banteay Chakrei', 'បន្ទាយចក្រី', 132),
	(961, 'boeung Daol', 'បឹងដោល', 132),
	(962, 'Chey Kampok', 'ជៃកំពក', 132),
	(963, 'Kampong Soeng', 'កំពង់សឹង', 132),
	(964, 'Krang Svay', 'ក្រាំងស្វាយ', 132),
	(965, 'Lvea', 'ល្វា', 132),
	(966, 'Preah Sdach', 'ព្រះស្ដេច', 132),
	(967, 'Reathor', 'រាធរ', 132),
	(968, 'Rumchek', 'រំចេក', 132),
	(969, 'Baray', 'បារាយ', 133),
	(970, 'Cheung Tuek', 'ជើតទឹក', 133),
	(971, 'Kampong Ruessei', 'កំពង់ឬស្សី', 134),
	(972, 'Pou Rieng', 'ពោធិ៍រៀង', 134),
	(973, 'Preaek Anteah', 'ព្រែកអន្ទរ', 134),
	(974, 'Preaek Chrey', 'ព្រែកជ្រៃ', 134),
	(975, 'Preaek Ta Sar', 'ព្រែកតាសរ', 134),
	(976, 'Prey Kanlaong', 'ព្រៃកន្លោង', 134),
	(977, 'Ta Kao', 'តាកោ', 134),
	(978, 'Ampil Krau', 'អំពិលក្រៅ', 135),
	(979, 'Chrey Khmum', 'ជ្រៃឃ្មុំ', 135),
	(980, 'Lve', 'ល្វេ', 135),
	(981, 'Pnov I', 'ព្នៅទី១', 135),
	(982, 'Pnov II', 'ព្នៅទី២', 135),
	(983, 'Preaek Changkran', 'ព្រែកចង្រ្កាន', 135),
	(984, 'Prey Daeum Thnoeng', 'ព្រៃដើមថ្នឹង', 135),
	(985, 'Prey Tueng', 'ព្រៃទឹង', 135),
	(986, 'Ruessei Sanh', 'ឬស្សីសាញ់', 135),
	(987, 'Rumlech', 'រំលេច', 135),
	(988, 'Chea Khlang', 'ជាខ្លាង', 136),
	(989, 'Chrey', 'ជ្រៃ', 136),
	(990, 'Damrei Puon', 'ដំរីពួន', 136),
	(991, 'Popueus', 'ពពឹស', 136),
	(992, 'Prey Khla', 'ព្រៃខ្លា', 136),
	(993, 'Samraong', 'សំរោង', 136),
	(994, 'Svay Antor', 'ស្វាយអន្ទរ', 136),
	(995, 'Teuk Thla', 'ទឹកថ្លា', 136),
	(996, 'Boeng Bat Kandaol', 'បឹងបត់កណ្ដោល', 137),
	(997, 'boeung Khna', 'បឹងខ្នារ', 137),
	(998, 'Khnar Totueng', 'ខ្នារទទឹង', 137),
	(999, 'Me Tuek', 'មេទឹក', 137),
	(1000, 'Ou Ta Paong', 'អូរតាប៉ាង', 137),
	(1001, 'Rumlech', 'រំលេច', 137),
	(1002, 'Snam Preah', 'ស្នាមព្រះ', 137),
	(1003, 'Svay Don Kev', 'ស្វាយដូនកែវ', 137),
	(1004, 'Ta Lou', 'តាលោ', 137),
	(1005, 'Anlong Vil', 'អន្លង់វិល', 138),
	(1006, 'Kandieng', 'កណ្ដៀង', 138),
	(1007, 'Kanhchor', 'កញ្ជរ', 138),
	(1008, 'Kaoh Chum', 'កោះជុំ', 138),
	(1009, 'Reang Til', 'រាំងទិល', 138),
	(1010, 'Srae Sdok', 'ស្រែស្ដុក', 138),
	(1011, 'Sya', 'ស្យា', 138),
	(1012, 'Veal', 'វាល', 138),
	(1013, 'Anlong Tnaot', 'អន្លង់ត្នោត', 139),
	(1014, 'Ansa Chambak', 'អន្សាចំបក់', 139),
	(1015, 'Chheu Tom', 'ឈើតុំ', 139),
	(1016, 'Kampong Luong', 'កំពង់លួង', 139),
	(1017, 'Kampong Pou', 'កំពង់ពោធិ៍', 139),
	(1018, 'Kbal Trach', 'ក្បាលត្រាច', 139),
	(1019, 'Ou Sandan', 'អូរសណ្ដាន់', 139),
	(1020, 'Sna Ansa', 'ស្នាអន្សា', 139),
	(1021, 'Svay Sa', 'ស្វាយស', 139),
	(1022, 'Tnaot Chum', 'ត្នោតជុំ', 139),
	(1023, 'Bak Chenhchien', 'បាក់ចិញ្ចៀន', 140),
	(1024, 'Leach', 'លាជ', 140),
	(1025, 'Phteah Rung', 'ផ្ទះរុង', 140),
	(1026, 'Prongil', 'ព្រងិល', 140),
	(1027, 'Rokat', 'រកាត', 140),
	(1028, 'Samraong', 'សំរោង', 140),
	(1029, 'Banteay Dei', 'បន្ទាយដី', 141),
	(1030, 'Chamraeun Phal', 'ចំរើនផល', 141),
	(1031, 'Lolok Sa', 'លលកស', 141),
	(1032, 'Phteah Prey', 'ផ្ទះព្រៃ', 141),
	(1033, 'Prey Nhi', 'ព្រៃញី', 141),
	(1034, 'Roleab', 'រលាប', 141),
	(1035, 'Krapeu Pir', 'ក្រពើពីរ', 142),
	(1036, 'Ou Saom', 'អូរសោម', 142),
	(1037, 'Pramaoy', 'ប្រមោយ', 142),
	(1038, 'Malik', 'ម៉ាលីក', 143),
	(1039, 'Nhang', 'ញ៉ាង', 143),
	(1040, 'Labansiek', 'ឡាបានសៀក', 144),
	(1041, 'Yeak Laom', 'យក្ខឡោម', 144),
	(1042, 'Kak', 'កក់', 145),
	(1043, 'Keh Chong', 'កិចុង', 145),
	(1044, 'La Minh', 'ឡាមិញ', 145),
	(1045, 'Saeung', 'ស៊ើង', 145),
	(1046, 'Ting Chak', 'ទីងចាក់', 145),
	(1047, 'Serei Mongkol', 'សេរីមង្គល', 146),
	(1048, 'Srae Angkrorng', 'ស្រែអង្រ្កង', 146),
	(1049, 'Ta Ang', 'តាអង', 146),
	(1050, 'Teun', 'តឹន', 146),
	(1051, 'Trapeang Chres', 'ត្រពាំងច្រេស', 146),
	(1052, 'Trapeang Kraham', 'ត្រពាំងក្រហម', 146),
	(1053, 'Lbang Muoy', 'ឡាបាំង១', 147),
	(1054, 'Lbang Pir', 'ឡាបាំង២', 147),
	(1055, 'Aekakpheap', 'ឯកភាព', 148),
	(1056, 'Cha Ung', 'ចាអ៊ុង', 148),
	(1057, 'L\'ak', 'ល្អក់', 148),
	(1058, 'Ou Chum', 'អូរជុំ', 148),
	(1059, 'Pouy', 'ប៉ូយ', 148),
	(1060, 'Sameakki', 'សាមគ្គី', 148),
	(1061, 'Bar Kham', 'បរខាំ', 149),
	(1062, 'Lum Choar', 'លំជ័រ', 149),
	(1063, 'Pa Te', 'ប៉ាតេ', 149),
	(1064, 'Pak Nhai', 'ប៉ក់ញ៉ៃ', 149),
	(1065, 'Sesan', 'សេសាន្ត', 149),
	(1066, 'Ya Tung', 'យ៉ាទុង', 149),
	(1067, 'Ta Veaeng Kraom', 'តាវែងក្រោម', 150),
	(1068, 'Ta Veaeng Leu', 'តាវែងលើ', 150),
	(1069, 'Hat Pak', 'ហាត់ប៉ក់', 151),
	(1070, 'Kaoh Pang', 'កោះប៉ង់', 151),
	(1071, 'Kok Lak', 'កុកឡាក', 151),
	(1072, 'Pa Kalan', 'ប៉ាកាឡាន់', 151),
	(1073, 'Phnum Kok', 'ភ្នំកុក', 151),
	(1074, 'Veun Sai', 'វ៊ឺនសៃ', 151),
	(1075, 'Char Chhuk', 'ចារឈូក', 152),
	(1076, 'Doun Peng', 'ដូនពែង', 152),
	(1077, 'Kouk Doung', 'គកដូង', 152),
	(1078, 'Koul', 'គោល', 152),
	(1079, 'Nokor Pheas', 'នគរភាស', 152),
	(1080, 'Srae Khvav', 'ស្រែខ្វាវ', 152),
	(1081, 'Ta Saom', '', 152),
	(1082, 'Chob Ta Trav', 'ជប់ត្រាវ', 153),
	(1083, 'Leang Dai', 'លាងដៃ', 153),
	(1084, 'Peak Sneng', 'ពាក់ស្នែង', 153),
	(1085, 'Svay Chek', 'ស្វាយចេក', 153),
	(1086, 'Tbaeng', 'ត្បែង', 153),
	(1087, 'Khnar Sanday', 'ខ្នារសណ្ដាយ', 154),
	(1088, 'Khun Ream', 'ឃុនរាម', 154),
	(1089, 'Preah Dak', 'ព្រះដាក់', 154),
	(1090, 'Rumchek', 'រំចេក', 154),
	(1091, 'Run Ta Aek', 'រុនតាឯក', 154),
	(1092, 'Tbaeng', 'ត្បែង', 154),
	(1093, 'Anlong Samnar', 'អន្លង់សំណរ', 155),
	(1094, 'Chi Kraeng', 'ជីក្រែង', 155),
	(1095, 'Kampong Kdei', 'កំពង់ក្ដី', 155),
	(1096, 'Khvav', 'ខ្វាវ', 155),
	(1097, 'Kouk Thlok Kraom', 'គោកធ្លកក្រោម', 155),
	(1098, 'Kouk Thlok Leu', 'គោកធ្លកលើ', 155),
	(1099, 'Lveaeng Ruessei', 'ល្វែងឬស្សី', 155),
	(1100, 'Pongro Kraom', 'ពង្រក្រោម', 155),
	(1101, 'Pongro Leu', 'ពង្រលើ', 155),
	(1102, 'Ruessei Lok', 'ឬស្សីលក', 155),
	(1103, 'Sangvaeuy', 'សង្វើយ', 155),
	(1104, 'Spean Thnot', 'ស្ពានត្នោត', 155),
	(1105, 'Chanleas Dai', 'ជន្លាស់ដៃ', 156),
	(1106, 'Chob Ta Trav', 'ជប់ត្រាវ', 156),
	(1107, 'Kampong Thkov', 'កំពង់ថ្កូវ', 156),
	(1108, 'Kralanh', 'ក្រឡាញ់', 156),
	(1109, 'Krouch Kor', 'ក្រូចគរ', 156),
	(1110, 'Roung Kou', 'រោងគោ', 156),
	(1111, 'Saen Sokh', 'សែនសុខ', 156),
	(1112, 'Sambuor', 'សំបួរ', 156),
	(1113, 'Snuol', 'ស្នួល', 156),
	(1114, 'Sranal', 'ស្រណាល', 156),
	(1115, 'Ta An', '', 156),
	(1116, 'Bakong', 'បាគង', 157),
	(1117, 'Ballangk', 'បល្លង័្ក', 157),
	(1118, 'Kampong Phluk', 'កំពង់ភ្លុក', 157),
	(1119, 'Kandaek', 'កណ្ដែក', 157),
	(1120, 'Kantreang', 'កន្រ្ទាំង', 157),
	(1121, 'Mean Chey', 'មានជ័យ', 157),
	(1122, 'Roluos', 'រលួស', 157),
	(1123, 'Trapeang Thum', 'ត្រពាំងធំ', 157),
	(1124, 'Doun Kaev', '', 158),
	(1125, 'Kaev Poar', 'កែវព៌ណ', 158),
	(1126, 'Kdei Run', 'ក្ដីរុន', 158),
	(1127, 'Khnat', 'ខ្នាត', 158),
	(1128, 'Lvea Krang', 'ល្វាក្រាំង', 158),
	(1129, 'Mukh Paen', 'មុខប៉ែន', 158),
	(1130, 'Pou Treay', 'ពោធិ៍', 158),
	(1131, 'Prey Chruk', 'ព្រៃជ្រូក', 158),
	(1132, 'Puok', 'ពួក', 158),
	(1133, 'Reul', 'រើល', 158),
	(1134, 'Samraong Yea', 'សំរោងយា', 158),
	(1135, 'Sasar Sdam', '', 158),
	(1136, 'Tram Sasar', 'ត្រាំសសរ', 158),
	(1137, 'Trei Nhoar', 'ត្រីញ៌រ', 158),
	(1138, 'Yeang', 'យាង', 158),
	(1139, 'Ampil', 'អំពិល', 159),
	(1140, 'Chong Knies', 'ចុងឃ្នៀស', 159),
	(1141, 'Chreav', 'ជ្រាវ', 159),
	(1142, 'Kouk Chak', 'គោកចក', 159),
	(1143, 'Krabei Riel', 'ក្របីរៀល', 159),
	(1144, 'Nokor Thum', 'នគរធំ', 159),
	(1145, 'Sala Kamraeuk', 'សាលាកំរើក', 159),
	(1146, 'Sambuor', 'សំបួរ', 159),
	(1147, 'Sangkat Sambuor', '', 159),
	(1148, 'Siem Reab', 'សៀមរាប', 159),
	(1149, 'Sla Kram', 'ស្លក្រាម', 159),
	(1150, 'Srangae', 'ស្រង៉ែ', 159),
	(1151, 'Svay Dankum', 'ស្វាយដង្គំ', 159),
	(1152, 'Tuek Vil', 'ទឺកវិល', 159),
	(1153, 'Dam Daek', 'ដំដែក', 160),
	(1154, 'Dan Run', 'ដានរុន', 160),
	(1155, 'Kampong Khleang', 'កំពង់ឃ្លាំង', 160),
	(1156, 'Khchas', 'ខ្ចាស់', 160),
	(1157, 'Khnar Pou', 'ខ្នារពោធិ៍', 160),
	(1158, 'Kien Sangkae', 'កៀនសង្កែ', 160),
	(1159, 'Popel', 'ពពេល', 160),
	(1160, 'Samraong', 'សំរោង', 160),
	(1161, 'Ta Yaek', 'តាយ៉ែក', 160),
	(1162, 'Chan Sa', 'ចាន់សរ', 161),
	(1163, 'Chrouy Neang Nguon', 'ជ្រោយនាងងួន', 162),
	(1164, 'Klang Hay', 'ក្លាំងហាយ', 162),
	(1165, 'Moung', 'មោង', 162),
	(1166, 'Prei', 'ប្រី', 162),
	(1167, 'Slaeng Spean', 'ស្លែងស្ពាន', 162),
	(1168, 'Tram Sasar', 'ត្រាំសសរ', 162),
	(1169, 'boeung Mealea', 'បឹងមាលា', 163),
	(1170, 'Kantuot', 'កន្ទួត', 163),
	(1171, 'Khnang Phnum', 'ខ្នងភ្នំ', 163),
	(1172, 'Svay Leu', 'ស្វាយលើ', 163),
	(1173, 'Ta Siem', 'តាសៀម', 163),
	(1174, 'Lvea Krang', 'ល្វាក្រាំង', 164),
	(1175, 'Prasat', 'ប្រាសាទ', 164),
	(1176, 'Srae Nouy', 'ស្រែណូយ', 164),
	(1177, 'Svay Sa', 'ស្វាយស', 164),
	(1178, 'Varin', 'វ៉ារិន', 164),
	(1179, 'Chamkar Luong', 'ចំការហ្លួង', 165),
	(1180, 'Kampong Seila', 'កំពង់សិលា', 165),
	(1181, 'Ou Bak Roteh', 'អូរបាក់រទេះ', 165),
	(1182, 'Stueng Chhay', 'ស្ទឹងឆាយ', 165),
	(1183, 'Andoung Thma', 'អណ្ដូងថ្ម', 166),
	(1184, 'Bet Trang', 'បិតត្រាំង', 166),
	(1185, 'boeung Ta Prum', 'បឹងតាព្រហ្ម', 166),
	(1186, 'Cheung Kou', 'ជើងគោ', 166),
	(1187, 'Ou Chrov', 'អូរជ្រៅ', 166),
	(1188, 'Ou Oknha Heng', 'អូរឧកញ៉ាហេង', 166),
	(1189, 'Prey Nob', 'ព្រៃនប់', 166),
	(1190, 'Ream', 'រាម', 166),
	(1191, 'Sameakki', 'សាមគ្គី', 166),
	(1192, 'Samrong', 'សំរុង', 166),
	(1193, 'Teuk Thla', 'ទឹកថ្លា', 166),
	(1194, 'Tuek L\'ak', 'ទឹកល្អ់', 166),
	(1195, 'Tuol Totueng', 'ទួលទទឹង', 166),
	(1196, 'Veal Renh', 'វាលរេញ', 166),
	(1197, 'Kaoh Rung', 'កោះរុង', 167),
	(1198, 'Sangkat Bei', '', 167),
	(1199, 'Sangkat Buon', '', 167),
	(1200, 'Sangkat Muoy', '', 167),
	(1201, 'Sangkat Pir', '', 167),
	(1202, 'Kaev Phos', 'កែវផុស', 168),
	(1203, 'Kampenh', 'កំពេញ', 168),
	(1204, 'Ou Treh', 'អូរត្រេះ', 168),
	(1205, 'Tumnob Rolok', 'ទំនប់រលក', 168),
	(1206, 'Kamphun', 'កំភុន', 169),
	(1207, 'Kbal Romeas', 'ក្បាលរមាស', 169),
	(1208, 'Phluk', 'ភ្លុក', 169),
	(1209, 'Sdau', 'ស្ដៅ', 169),
	(1210, 'Srae Kor', 'ស្រែគរ', 169),
	(1211, 'Kaoh Preah', 'កោះព្រះ', 170),
	(1212, 'Kaoh Sampeay', 'កោះសំពាយ', 170),
	(1213, 'Kaoh Sralay', 'កោះស្រឡាយ', 170),
	(1214, 'Ou Mreah', 'អូរម្រះ', 170),
	(1215, 'Ou Ruessei Kandal', 'អូរឬស្សីកណ្ដាល', 170),
	(1216, 'Siem Bouk', 'សៀមបូក', 170),
	(1217, 'Srae Krasang', 'ស្រែក្រសាំង', 170),
	(1218, 'Preaek Meas', 'ព្រែកមាស', 171),
	(1219, 'Santepheap', 'សន្ដិភាព', 171),
	(1220, 'Srae Sambour', 'ស្រែសំបូរ', 171),
	(1221, 'Tma Kaev', 'ថ្មកែវ', 171),
	(1222, 'Preah Bat', 'ព្រះបាទ', 172),
	(1223, 'Sameakki', 'សាមគ្គី', 172),
	(1224, 'Srah Ruessei', 'ស្រះឬស្សី', 172),
	(1225, 'Stueng Traeng', 'ស្ទឹងត្រែង', 172),
	(1226, 'Anlong Chrey', 'អន្លង់ជ្រៃ', 173),
	(1227, 'Chamkar Leu', 'ចំការលើ', 173),
	(1228, 'Kang Cham', 'កាំងចាម', 173),
	(1229, 'Kaoh Snaeng', 'កោះស្នែង', 173),
	(1230, 'Ou Rai', 'អូររៃ', 173),
	(1231, 'Ou Svay', 'អូរស្វាយ', 173),
	(1232, 'Preah Rumkel', 'ព្រះរំកិល', 173),
	(1233, 'Srae Ruessei', 'ស្រែឬស្សី', 173),
	(1234, 'Thala Barivat', 'ថាឡាបរិវ៉ាត់', 173),
	(1235, 'Bati', 'បាទី', 174),
	(1236, 'Bavet', 'បាវិត', 174),
	(1237, 'Chrak Mtes', 'ច្រកម្ទេស', 174),
	(1238, 'Prasat', 'ប្រាសាទ', 174),
	(1239, 'Prey Angkunh', 'ព្រៃអង្គុញ', 174),
	(1240, 'Chres', 'ច្រេស', 175),
	(1241, 'Prey Kokir', 'ព្រៃគគីរ', 175),
	(1242, 'Samraong', 'សំរោង', 175),
	(1243, 'Tuol Sdei', 'ទួលស្ពឺ', 175),
	(1244, 'Banteay Krang', 'បន្ទាយក្រាំង', 176),
	(1245, 'Khsaetr', 'ក្សេត្រ', 176),
	(1246, 'Nhor', 'ញរ', 176),
	(1247, 'Preah Ponlea', 'ព្រះពន្លា', 176),
	(1248, 'Prey Thum', 'ព្រៃធំ', 176),
	(1249, 'Reach Montir', 'រាជមន្ទីរ', 176),
	(1250, 'Samlei', 'សំឡី', 176),
	(1251, 'Samyaong', 'សំយ៉ាង', 176),
	(1252, 'Svay Ta Yean', 'ស្វាយតាយាន', 176),
	(1253, 'Thmei', 'ថ្មី', 176),
	(1254, 'Tnaot', 'ត្នោត', 176),
	(1255, 'Ampil', 'អំពិល', 177),
	(1256, 'Andoung Pou', 'អណ្ដូងពោធិ៍', 177),
	(1257, 'Andoung Trabaek', 'អណ្ដូងត្របែក', 177),
	(1258, 'Chantrei', 'ចន្រ្តី', 177),
	(1259, 'Chrey Thum', 'ជ្រៃធំ', 177),
	(1260, 'Doung', 'ដូង', 177),
	(1261, 'Kampong Trach', 'កំពង់ត្រាច', 177),
	(1262, 'Kokir Saom', 'គគីរ', 177),
	(1263, 'Krasang', 'ក្រសាំង', 177),
	(1264, 'Mream', 'ម្រាម', 177),
	(1265, 'Sambuor', 'សំបួរ', 177),
	(1266, 'Trapeang Sdau', 'ត្រពាំងស្ដៅ', 177),
	(1267, 'Tras', 'ត្រស់', 177),
	(1268, 'Bos Mon', 'បុសមន', 178),
	(1269, 'Kampong Ampil', 'កំពង់អំពិល', 178),
	(1270, 'Kampong Chak', 'កំពង់ចក', 178),
	(1271, 'Meun Chey', 'ម៊ឺនជ័យ​', 178),
	(1272, 'Pong Tuek', 'ពងទឹក', 178),
	(1273, 'Sangkae', 'សង្កែ', 178),
	(1274, 'Svay Chek', 'ស្វាយចេក', 178),
	(1275, 'Thmea', 'ធ្មា', 178),
	(1276, 'Thna Thnong', 'ថ្នាធ្នង់', 178),
	(1277, 'Angk Ta Sou', 'អង្គតាសូ', 179),
	(1278, 'Chambak', 'ចំបក់', 179),
	(1279, 'Chheu Teal', 'ឈើទាល', 179),
	(1280, 'Doun Sa', 'ដូនស', 179),
	(1281, 'Kampong Chamlang', 'កំពង់ចំលង', 179),
	(1282, 'Kouk Pring', 'គោកព្រីង', 179),
	(1283, 'Kruos', 'គ្រួស', 179),
	(1284, 'Pouthi Reach', 'ពោធិ៍រាជ', 179),
	(1285, 'Svay Chrum', 'ស្វាយជ្រំ', 179),
	(1286, 'Svay Thum', 'ស្វាយធំ', 179),
	(1287, 'Svay Yea', 'ស្វាយយា', 179),
	(1288, 'Ta Suos', 'តាសួស', 179),
	(1289, 'Tonle Bassac', 'ទន្លេបាសាក់', 179),
	(1290, 'Koy Trabaek', 'គយត្របែក', 180),
	(1291, 'Pou Ta Hao', 'ពោធិ៍ហោ', 180),
	(1292, 'Prey Chhlak', 'ព្រៃឆ្លាក់', 180),
	(1293, 'Sangkhoar', 'សង្ឃរ៍', 180),
	(1294, 'Svay Chek', 'ស្វាយចេក', 180),
	(1295, 'Svay Rieng', 'ស្វាយរៀង', 180),
	(1296, 'Kandieng Reay', 'កណ្ដងរាយ', 181),
	(1297, 'Koki Saom', 'គគីរសោម', 181),
	(1298, 'Monourom', 'មនោរម្យ', 181),
	(1299, 'Popeaet', 'ពពែក', 181),
	(1300, 'Prasoutr', 'ប្រសូត្រ', 181),
	(1301, 'Sambuor', 'សំបួរ', 181),
	(1302, 'Svay Rumpear', 'ស្វាយរំពារ', 181),
	(1303, 'Angkor Borei', 'អង្គរបុរី', 182),
	(1304, 'Ba Srae', 'បាស្រែ', 182),
	(1305, 'Ponley', 'ពន្លៃ', 182),
	(1306, 'Preaek Phtoul', 'ព្រែកផ្ទោល', 182),
	(1307, 'Chambak', 'ចំបក់', 183),
	(1308, 'Champei', 'ចំប៉ី', 183),
	(1309, 'Doung', 'ដូង', 183),
	(1310, 'Kandoeng', 'កណ្ដឹង', 183),
	(1311, 'Komar Reachea', 'កុមាររាជា', 183),
	(1312, 'Krang Leav', 'ក្រាំងលាវ', 183),
	(1313, 'Krang Thnong', 'ក្រាំងធ្នង់', 183),
	(1314, 'Lumpong', 'លំពង់', 183),
	(1315, 'Pot Sar', 'ពត់សរ', 183),
	(1316, 'Sour Phi', 'សូភី', 183),
	(1317, 'Tang Doung', 'តាំងដូង', 183),
	(1318, 'Tnaot', 'ត្នោត', 183),
	(1319, 'Trapeang Krasang', 'ត្រពាំងក្រសាំង', 183),
	(1320, 'Trapeang Sab', 'ត្រពាំងសាប', 183),
	(1321, 'Borei Cholsar', 'បូរីជលសា', 184),
	(1322, 'Chey Chouk', 'ជ័យជោគ', 184),
	(1323, 'Doung Khpos', 'ដូងខ្ពស់', 184),
	(1324, 'Kampong Krasang', 'កំពង់ក្រសាំង', 184),
	(1325, 'Kouk Pou', 'គោកពោធី៍', 184),
	(1326, 'Baray', 'បារាយ', 185),
	(1327, 'Roka Knong', '', 185),
	(1328, 'Krapum Chhuk', 'ក្រពុំឈូក', 186),
	(1329, 'Prey Khla', 'ព្រៃខ្លា', 186),
	(1330, 'Prey Yuthka', 'ព្រៃយុថ្កា', 186),
	(1331, 'Romenh', 'រមេញ', 186),
	(1332, 'Sar Pech', '', 186),
	(1333, 'Thlea Prachum', 'ធ្លាប្រជុំ', 186),
	(1334, 'Angk Prasat', 'អង្គប្រាសាទ', 187),
	(1335, 'Kamnab', 'កំណប់', 187),
	(1336, 'Kampeaeng', 'កំពែង', 187),
	(1337, 'Kiri Chong Kaoh', 'គិរីចុងកោះ', 187),
	(1338, 'Preah Bat Choan Chum', 'ព្រះបាទជានជុំ', 187),
	(1339, 'Prey Ampok', 'ព្រៃអំពក', 187),
	(1340, 'Prey Rumdeng', 'ព្រៃរំដេង', 187),
	(1341, 'Ream Andaeuk', 'រាមអណ្ដើក', 187),
	(1342, 'Saom', 'សោម', 187),
	(1343, 'Ta Ou', 'តាអូ', 187),
	(1344, 'Ban Kam', 'បានកាម', 188),
	(1345, 'Champa', 'ចំប៉ា', 188),
	(1346, 'Char', 'ចារ', 188),
	(1347, 'Kampeaeng', 'កំពែង', 188),
	(1348, 'Kampong Reab', 'កំពង់រាប', 188),
	(1349, 'Kdanh', 'ក្ដាញ់', 188),
	(1350, 'Pou Rumchak', 'ពោរំចាក', 188),
	(1351, 'Prey Kabbas', 'ព្រៃកប្បាស', 188),
	(1352, 'Prey Lvea', 'ព្រៃល្វា', 188),
	(1353, 'Prey Phdau', 'ព្រៃផ្ដៅ', 188),
	(1354, 'Snao', 'ស្នោ', 188),
	(1355, 'Tang Yab', 'តាំងយ៉ាប', 188),
	(1356, 'Bansay Reak', 'បន្សាយរាក់', 189),
	(1357, 'Boeung Tranh Khang Cheung', 'បឹងត្រាញ់ខាងជើង', 189),
	(1358, 'Boeung Tranh Khang Tboung', 'បឹងត្រាញ់ខាងត្បូង', 189),
	(1359, 'Bos Sbov', 'បុសស្បវ', 189),
	(1360, 'Cheung Kuon', 'ជើងគួន', 189),
	(1361, 'Chumreah Pen', 'ជំរះពេន', 189),
	(1362, 'Khvav', 'ខ្វាវ', 189),
	(1363, 'Ou Smach', 'អូរស្មាច់', 189),
	(1364, 'Rovieng', 'រវៀង', 189),
	(1365, 'Samraong', 'សំរោង', 189),
	(1366, 'Sla', 'ស្លា', 189),
	(1367, 'Soengh', 'សឹង្ហ', 189),
	(1368, 'Trea', 'ទ្រា', 189),
	(1369, 'Angk Ta Saom', 'អង្គតាសោម', 190),
	(1370, 'Cheang Tong', 'ជាងទង', 190),
	(1371, 'Kus', 'គុស', 190),
	(1372, 'Leay Bour', 'លាយបូរ', 190),
	(1373, 'Nhaeng Nhang', 'ញ៉ែងញ៉ង', 190),
	(1374, 'Ou Saray', 'អូរសារាយ', 190),
	(1375, 'Popel', 'ពពេល', 190),
	(1376, 'Samraong', 'សំរោង', 190),
	(1377, 'Srae Ronoung', 'ស្រែរនោង', 190),
	(1378, 'Ta Phem', 'តាភេម', 190),
	(1379, 'Tram Kak', 'ត្រាំកក់', 190),
	(1380, 'Trapeang Kranhoung', 'ត្រពាំងក្រញូង', 190),
	(1381, 'Trapeang Thum Khang Cheung', 'ត្រពាំងធំខាងជើង', 190),
	(1382, 'Trapeang Thum Khang Tboung', 'ត្រពាំងធំខាងត្បូង', 190),
	(1383, 'Angk Kaev', 'អង្គកែវ', 191),
	(1384, 'Angk Khnor', 'អង្គខ្នុរ', 191),
	(1385, 'Angkanh', 'អង្កាញ់', 191),
	(1386, 'Chi Khma', 'ជីខ្មារ', 191),
	(1387, 'Khvav', 'ខ្វាវ', 191),
	(1388, 'Prambei Mum', 'ប្រាំបីមុំ', 191),
	(1389, 'Prey Sloek', 'ព្រៃស្លឹក', 191),
	(1390, 'Sambuor', 'សំបួរ', 191),
	(1391, 'Sanlung', 'សន្លុង', 191),
	(1392, 'Smaong', 'ស្មោង', 191),
	(1393, 'Srangae', 'ស្រង៉ែ', 191),
	(1394, 'Thlok', 'ធ្លក', 191),
	(1395, 'Dambae', 'ដំបែ', 192),
	(1396, 'Kouk Srok', 'គោកស្រុក', 192),
	(1397, 'Neang Teut', 'នាងទើត', 192),
	(1398, 'Seda', 'សេដា', 192),
	(1399, 'Trapeang Pring', 'ត្រពាំងព្រីង', 192),
	(1400, 'Tuek Chrov', 'ទឹកជ្រៅ', 192),
	(1401, 'Chhuk', 'ឈូក', 193),
	(1402, 'Chumnik', 'ជំនីត', 193),
	(1403, 'Kampong Treas', 'កំពង់ទ្រាស', 193),
	(1404, 'Kaoh Pir', 'កោះពីរ', 193),
	(1405, 'Krouch Chhmar', 'ក្រូចឆ្មារ', 193),
	(1406, 'Peus Muoy', 'ប៉ឺស១', 193),
	(1407, 'Peus Pir', 'ប៉ឺស២', 193),
	(1408, 'Preaek A chi', 'ព្រែកអាជី', 193),
	(1409, 'Roka Khnor', 'រកាខ្នុរ', 193),
	(1410, 'Svay Khleang', 'ស្វាយឃ្លាំង', 193),
	(1411, 'Trea', 'ទ្រា', 193),
	(1412, 'Tuol Snuol', 'ទួលស្នួល', 193),
	(1413, 'Chan Mul', 'ចាន់មូល', 194),
	(1414, 'Choam', 'ជាំ', 194),
	(1415, 'Choam Kravien', 'ជាំក្រវៀន', 194),
	(1416, 'Choam Ta Mau', 'ជាំតាម៉ៅ', 194),
	(1417, 'Dar', 'ដារ', 194),
	(1418, 'Kokir', 'គគីរ', 194),
	(1419, 'Memong', 'មេមង', 194),
	(1420, 'Memot', 'មេមត់', 194),
	(1421, 'Rumchek', 'រំចេក', 194),
	(1422, 'Rung', 'រូង', 194),
	(1423, 'Tonlung', 'ទន្លូង', 194),
	(1424, 'Tramung', 'ត្រមូង', 194),
	(1425, 'Triek', 'ទ្រាក', 194),
	(1426, 'Ampil Ta Pok', 'អំពិលតាពក', 195),
	(1427, 'Chak', 'ចក', 195),
	(1428, 'Kong Chey', 'គងជ័យ', 195),
	(1429, 'Mien', 'មៀន', 195),
	(1430, 'Preah Theat', 'ព្រះធាតុ', 195),
	(1431, 'Tuol Souphi', 'ទួលសុភី', 195),
	(1432, 'Dountei', 'ដូនតី', 196),
	(1433, 'Kak', 'កក់', 196),
	(1434, 'Kaong Kang', 'កោងកាង', 196),
	(1435, 'Popel', 'ពពេល', 196),
	(1436, 'Trapeang Phlong', 'ត្រពាំងផ្លុង', 196),
	(1437, 'Vihear Luong', 'វិហារលួង', 197),
	(1438, 'Anhchaeum', 'អញ្ចឹម', 198),
	(1439, 'Boeung Pruol', 'បឹងព្រួល', 198),
	(1440, 'Chikor', 'ជីគរ', 198),
	(1441, 'Chirou Kraom', 'ជីរោក្រោម', 198),
	(1442, 'Chob', 'ជប់', 198),
	(1443, 'Kor', 'គរ', 198),
	(1444, 'Lngieng', 'ល្ងៀង', 198),
	(1445, 'Mong Riev', 'មោងរៀវ', 198),
	(1446, 'Roka Po Pram', 'រកាពប្រាំ', 198),
	(1447, 'Sralab', 'ស្រឡប់', 198),
	(1448, 'Thma Pech', 'ថ្មពេជ្រ', 198),
	(1449, 'Tonle Bet', 'ទន្លេបិទ', 198);
/*!40000 ALTER TABLE `meta_commune` ENABLE KEYS */;

-- Dumping structure for table khmercar.meta_district
CREATE TABLE IF NOT EXISTS `meta_district` (
  `district_id` int(11) NOT NULL AUTO_INCREMENT,
  `district_name` varchar(50) NOT NULL DEFAULT '',
  `district_khname` varchar(50) NOT NULL DEFAULT '',
  `province_id` int(11) NOT NULL,
  PRIMARY KEY (`district_id`)
) ENGINE=InnoDB AUTO_INCREMENT=199 DEFAULT CHARSET=utf8;

-- Dumping data for table khmercar.meta_district: ~198 rows (approximately)
/*!40000 ALTER TABLE `meta_district` DISABLE KEYS */;
INSERT INTO `meta_district` (`district_id`, `district_name`, `district_khname`, `province_id`) VALUES
	(1, 'Malai', 'ម៉ាឡៃ', 1),
	(2, 'Mongkol Borey', 'មង្គលបុរី', 1),
	(3, 'Ou Chrov', 'អូរជ្រៅ', 1),
	(4, 'Paoy Paet', 'ប៉ោយប៉ែត', 1),
	(5, 'Phnum Srok', 'ភ្នំស្រុក', 1),
	(6, 'Preah Netr Preah', 'ព្រះនេត្រព្រះ', 1),
	(7, 'Serei Saophoan', 'សិរីសោភ័ណ', 1),
	(8, 'Svay Chek', 'ស្វាយចេក', 1),
	(9, 'Thma Puok', 'ថ្មពួក', 1),
	(10, 'Aek Phnum', 'ឯកភ្នំ', 2),
	(11, 'Banan', 'បាណន់', 2),
	(12, 'Battambang', 'បាត់ដំបង', 2),
	(13, 'Bavel', 'បវេល', 2),
	(14, 'Kamrieng', 'កំរៀង', 2),
	(15, 'Koas Krala', 'កោះក្រឡ', 2),
	(16, 'Moung Ruessei', 'មោងឬស្សី', 2),
	(17, 'Phnum Proek', 'ភ្នំព្រឹក្ស', 2),
	(18, 'Rotonak Mondol', 'រតនៈមណ្ឌល', 2),
	(19, 'Rukh Kiri', 'គីរី', 2),
	(20, 'Samlout', 'សំឡូត', 2),
	(21, 'Sampov Lun', 'សំពៅលូន', 2),
	(22, 'Sangkae', 'សង្កែ', 2),
	(23, 'Thma Koul', 'ថ្មគោល', 2),
	(24, 'Batheay', 'បាធាយ', 3),
	(25, 'Chamkar Leu', 'ចំការលើ', 3),
	(26, 'Cheung Prey', 'ជើងព្រៃ', 3),
	(27, 'Kampong Cham', 'កំពង់ចាម', 3),
	(28, 'Kampong Siem', 'កំពង់សៀម', 3),
	(29, 'Kang Meas', 'គងមាស', 3),
	(30, 'Kaoh Soutin', 'កោះសូទិន', 3),
	(31, 'Prey Chhor', 'ព្រៃឈរ', 3),
	(32, 'Srei Santhor', 'ស្រីសន្ទរ', 3),
	(33, 'Stueng Trang', 'ស្ទឹងត្រង់', 3),
	(34, 'Baribour', 'បរិបូរណ៌', 4),
	(35, 'Chol Kiri', 'ជលគីរី', 4),
	(36, 'Kampong Chhnang', 'កំពង់ឆ្នាំង', 4),
	(37, 'Kampong Leaeng', 'កំពង់ឆ្នំាង', 4),
	(38, 'Kampong Tralach', 'កំពង់ត្រឡាច', 4),
	(39, 'Rolea B\'ier', 'រលាប្អៀរ', 4),
	(40, 'Sameakki Mean Chey', 'សាមគ្គីមានជ័យ', 4),
	(41, 'Tuek Phos', 'ទឹកផុស', 4),
	(42, 'Aoral', 'ឱរ៉ាល់', 5),
	(43, 'Basedth', 'បរសេដ្ឋ', 5),
	(44, 'Chbar Mon', 'ច្បារមន', 5),
	(45, 'Kong Pisei', 'គងពិសី', 5),
	(46, 'Odongk', 'ឧដុង្គ', 5),
	(47, 'Phnum Sruoch', 'ភ្នំស្រួច', 5),
	(48, 'Samraong Tong', 'សំរោងទង', 5),
	(49, 'Thpong', 'ថ្ពង', 5),
	(50, 'Baray', 'បារាយ', 6),
	(51, 'Kampong Svay', 'កំពង់ស្វាយ', 6),
	(52, 'Prasat Ballangk', 'ប្រាសាទបល្ល័ង្ក', 6),
	(53, 'Prasat Sambour', '', 6),
	(54, 'Sandan', 'ប្រាសាទសំបូរ', 6),
	(55, 'Santuk', 'សន្ទុក', 6),
	(56, 'Stoung', 'ស្ទោង', 6),
	(57, 'Stueng Saen', 'ស្ទឹងសែន', 6),
	(58, 'Angkor Chey', 'អង្គរជ័យ', 7),
	(59, 'Banteay Meas', 'បន្ទាយមាស', 7),
	(60, 'Chhuk', 'ឈូក', 7),
	(61, 'Chum Kiri', 'ជុំគីរី', 7),
	(62, 'Dang Tong', 'ដងទង', 7),
	(63, 'Kampong Trach', 'កំពង់ត្រាច', 7),
	(64, 'Kampot', 'កំពត', 7),
	(65, 'Tuek Chhou', 'ទឹកឈូ', 7),
	(66, 'Angk Snuol', 'អង្គស្នួល', 8),
	(67, 'Kandal Stueng', 'កណ្តាលស្ទឹង', 8),
	(68, 'Kaoh Thum', 'កោះធំ', 8),
	(69, 'Khsach Kandal', 'ខ្សាច់កណ្តាល', 8),
	(70, 'Kien Svay', 'គៀនស្វាយ', 8),
	(71, 'Leuk Daek', 'លើកដែក', 8),
	(72, 'Lvea Aem', 'ល្វាឯម', 8),
	(73, 'Mukh Kampul', 'មុខកំពូល', 8),
	(74, 'Ponhea Lueu', 'ពញាឮ', 8),
	(75, 'S\'ang', 'ស្អាង', 8),
	(76, 'Ta Khmau', 'តាខ្មៅ', 8),
	(77, 'Damnak Chang\'aeur', 'ដំណាក់ចង្អើរ', 9),
	(78, 'Kep', 'កែប', 9),
	(79, 'Botum Sakor', 'បុទុមសាគរ', 10),
	(80, 'Kaoh Kong', 'សូរគង', 10),
	(81, 'Khemara Phoumin', 'ខេមរភូមិន្ទ', 10),
	(82, 'Kiri Sakor', 'គីរីសាគរ', 10),
	(83, 'Mondol Seima', 'មណ្ឌលសីមា', 10),
	(84, 'Srae Ambel', 'ស្រែអំបិល', 10),
	(85, 'Thma Bang', 'ថ្មបំាង', 10),
	(86, 'Chetr Borei', 'ចិត្របុរី', 11),
	(87, 'Chhloung', 'ឆ្លូង', 11),
	(88, 'Kracheh', 'ក្រចេះ', 11),
	(89, 'Prek Prasab', 'ព្រែកប្រសព្វ', 11),
	(90, 'Sambour', 'សំបូរ', 11),
	(91, 'Snuol', 'ស្នួល', 11),
	(92, 'Kaev Seima', 'កែវសីមា', 12),
	(93, 'Kaoh Nheaek', 'កោះញែក', 12),
	(94, 'Ou Reang', 'អូររំាង', 12),
	(95, 'Pech Chreada', 'ពេជ្រាដា', 12),
	(96, 'Saen Monourom', 'សែនមនោរម្យ', 12),
	(97, 'Anlong Veng', 'អន្លង់វែង', 13),
	(98, 'Banteay Ampil', 'បន្ទាយអំពិល', 13),
	(99, 'Chong Kal', 'ចុងកាល់', 13),
	(100, 'Samraong', 'សំរោង', 13),
	(101, 'Trapeang Prasat', 'ត្រពំាងប្រាសាទ', 13),
	(102, 'Pailin', 'ប៉ៃលិន', 14),
	(103, 'Sala Krau', 'សាលាក្រៅ', 14),
	(104, '7 Makara', '', 15),
	(105, 'Chamkarmon', '', 15),
	(106, 'Chbar Ampov', 'ច្បារអំពៅ', 15),
	(107, 'Chroy Changvar', 'ជ្រោយចង្វា', 15),
	(108, 'Dangkao', 'ដង្កោ', 15),
	(109, 'Daun Penh', 'ដូនពេញ', 15),
	(110, 'Meanchey', '', 15),
	(111, 'Por Sen Chey', 'ពោធិ៍សែនជ័យ', 15),
	(112, 'Prek Pnov', 'ព្រែកភ្នៅ', 15),
	(113, 'Russey Keo', 'ឬស្សីកែវ', 15),
	(114, 'Sen Sok', 'សែនសុខ', 15),
	(115, 'Toul Kork', 'ទួលគោក', 15),
	(116, 'Chey Saen', 'ជ័យសែន', 16),
	(117, 'Chhaeb', 'ឆែប', 16),
	(118, 'Choam Ksant', 'ជាំក្សាន្ត', 16),
	(119, 'Kuleaen', 'គូលេន', 16),
	(120, 'Preah Vihea', '', 16),
	(121, 'Rovieng', 'រវៀង', 16),
	(122, 'Sangkum Thmei', 'សង្គមថ្មី', 16),
	(123, 'Tbaeng Mean Chey', 'ត្បែងមានជ័យ', 16),
	(124, 'Ba Phnum', 'បាភ្នំ', 17),
	(125, 'Kamchay Mear', 'កំចាយមារ', 17),
	(126, 'Kampong Trabaek', 'កំពង់ត្របែក', 17),
	(127, 'Kanhchriech', 'កញ្រ្ជៀច', 17),
	(128, 'Me Sang', 'មេសាង', 17),
	(129, 'Pea Reang', 'ពារំាង', 17),
	(130, 'Peam Chor', 'ពាមជរ', 17),
	(131, 'Peam Ro', 'ពាមរ', 17),
	(132, 'Preah Sdach', 'ព្រះស្ដេច', 17),
	(133, 'Prey Veng', 'ព្រៃវែង', 17),
	(134, 'Pur Rieng', 'ពារំាង', 17),
	(135, 'Sithor Kandal', 'ស៊ីធរកណ្ដាល', 17),
	(136, 'Svay Antor', 'ស្វាយអន្ទរ', 17),
	(137, 'Bakan', 'បាកាន', 18),
	(138, 'Kandieng', 'កណ្ដៀង', 18),
	(139, 'Krakor', 'ក្រគរ', 18),
	(140, 'Phnum Kravanh', 'ភ្នំក្រវាញ', 18),
	(141, 'Pursat', 'ពោធិ៍សាត់', 18),
	(142, 'Veal Veaeng', 'វាលវែង', 18),
	(143, 'Andoung Meas', 'អណ្តូងមាស', 19),
	(144, 'Ban Lung', 'បានលុង', 19),
	(145, 'Bar Kaev', 'បរកែវ', 19),
	(146, 'Koun Mom', 'កូនមុំ', 19),
	(147, 'Lumphat', 'លំផាត់', 19),
	(148, 'Ou Chum', 'អូរជុំ', 19),
	(149, 'Ou Ya Dav', 'អូរយ៉ាដាវ', 19),
	(150, 'Ta Veaeng', 'តាវែង', 19),
	(151, 'Veun Sai', 'វ៊ឺនសៃ', 19),
	(152, 'Angkor Chum', 'អង្គរជុំ', 20),
	(153, 'Angkor Thum', '', 20),
	(154, 'Banteay Srei', 'បន្ទាយស្រី', 20),
	(155, 'Chi Kraeng', 'ជីក្រែង', 20),
	(156, 'Kralanh', 'ក្រឡាញ់', 20),
	(157, 'Prasat Bakong', 'ប្រាសាទបាគង', 20),
	(158, 'Puok', 'ពួក', 20),
	(159, 'Siem Reap', 'សៀមរាប', 20),
	(160, 'Sout Nikom', '', 20),
	(161, 'Soutr Nikom', 'សូទ្រនិគម', 20),
	(162, 'Srei Snam', 'ស្រីស្នំ', 20),
	(163, 'Svay Leu', 'ស្វាយលើ', 20),
	(164, 'Varin', 'វ៉ារិន', 20),
	(165, 'Kampong Seila', 'កំពង់សិលា', 21),
	(166, 'Prey Nob', 'ព្រៃនប់', 21),
	(167, 'Sihanoukville', 'ព្រះសីហនុ', 21),
	(168, 'Stueng Hav', 'ស្ទឹងហាវ', 21),
	(169, 'Sesan', 'សេសាន្ត', 22),
	(170, 'Siem Bouk', 'សៀមបូក', 22),
	(171, 'Siem Pang', '', 22),
	(172, 'Stueng Traeng', 'ស្ទឹងត្រែង', 22),
	(173, 'Thala Barivat', 'ថាឡាបរិវ៉ាត់', 22),
	(174, 'Bavet', 'បាវិត', 23),
	(175, 'Chantrea', 'ចន្រ្ទា', 23),
	(176, 'Kampong Rou', 'កំពង់រោទិ៍', 23),
	(177, 'Romeas Haek', 'រមាសហែក', 23),
	(178, 'Rumduol', 'រំដួល', 23),
	(179, 'Svay Chrum', 'ស្វាយជ្រំ', 23),
	(180, 'Svay Rieng', 'ស្វាយរៀង', 23),
	(181, 'Svay Teab', 'ស្វាយទៀប', 23),
	(182, 'Angkor Borei', 'អង្គរបុរី', 24),
	(183, 'Bati', 'បាទី', 24),
	(184, 'Borei Cholsar', 'បូរីជលសា', 24),
	(185, 'Doun Kaev', '', 24),
	(186, 'Kaoh Andaet', 'កោះអណ្ដែត', 24),
	(187, 'Kiri Vong', 'គីរីវង់', 24),
	(188, 'Prey Kabbas', 'ព្រៃកប្បាស', 24),
	(189, 'Samraong', 'សំរោង', 24),
	(190, 'Tram Kak', 'ត្រាំកក់', 24),
	(191, 'Treang', 'ទ្រាំង', 24),
	(192, 'Dambae', 'ដំបែ', 25),
	(193, 'Krouch Chhmar', 'ក្រូចឆ្មារ', 25),
	(194, 'Memot', 'មេមត់', 25),
	(195, 'Ou Reang Ov', 'អូរាំងឪ', 25),
	(196, 'Ponhea Kraek', 'ពញ្ញាក្រែក', 25),
	(197, 'Suong', 'សួង', 25),
	(198, 'Tboung Khmum', 'ត្បូងឃ្មុំ', 25);
/*!40000 ALTER TABLE `meta_district` ENABLE KEYS */;

-- Dumping structure for table khmercar.meta_province
CREATE TABLE IF NOT EXISTS `meta_province` (
  `province_id` int(11) NOT NULL AUTO_INCREMENT,
  `province_name` varchar(50) NOT NULL,
  `province_khname` varchar(50) NOT NULL,
  PRIMARY KEY (`province_id`)
) ENGINE=InnoDB AUTO_INCREMENT=26 DEFAULT CHARSET=utf8;

-- Dumping data for table khmercar.meta_province: ~25 rows (approximately)
/*!40000 ALTER TABLE `meta_province` DISABLE KEYS */;
INSERT INTO `meta_province` (`province_id`, `province_name`, `province_khname`) VALUES
	(1, 'Banteay Meanchey', 'បន្ទាយមានជ័យ'),
	(2, 'Battambang', 'បាត់ដំបង'),
	(3, 'Kampong Cham', 'កំពង់ចាម'),
	(4, 'Kampong Chhnang', 'កំពង់ឆ្នាំង'),
	(5, 'Kampong Speu', 'កំពង់ស្ពឺ'),
	(6, 'Kampong Thom', 'កំពង់ធំ'),
	(7, 'Kampot', 'កំពត'),
	(8, 'Kandal', 'កណ្តាល'),
	(9, 'Kep', 'កែប'),
	(10, 'Koh Kong', 'កោះកុង'),
	(11, 'Kratie', 'ក្រចេះ'),
	(12, 'Mondulkiri', 'មណ្ឌលគីរី'),
	(13, 'Oddar Meanchey', 'ឧត្តរមានជ័យ'),
	(14, 'Pailin', 'ប៉ៃលិន'),
	(15, 'Phnom Penh', 'ភ្នំពេញ'),
	(16, 'Preah Vihear', 'ព្រះវិហារ'),
	(17, 'Prey Veng', 'ព្រៃវែង'),
	(18, 'Pursat', 'ពោធិ៍សាត់'),
	(19, 'Ratanakiri', 'រតនគីរី'),
	(20, 'Siem Reap', 'សៀមរាប'),
	(21, 'Sihanoukville', 'ព្រះសីហនុ'),
	(22, 'Stung Treng', 'ស្ទឹងត្រែង'),
	(23, 'Svay Rieng', 'ស្វាយរៀង'),
	(24, 'Takeo', 'តាកែវ'),
	(25, 'Tboung Khmum', 'ត្បូងឃ្មុំ');
/*!40000 ALTER TABLE `meta_province` ENABLE KEYS */;

-- Dumping structure for table khmercar.stay_login
CREATE TABLE IF NOT EXISTS `stay_login` (
  `id` int(11) NOT NULL AUTO_INCREMENT,
  `account_id` int(11) NOT NULL DEFAULT '0',
  `token` varchar(50) NOT NULL,
  `token_expire_date` date NOT NULL,
  PRIMARY KEY (`id`)
) ENGINE=InnoDB DEFAULT CHARSET=utf8;

-- Dumping data for table khmercar.stay_login: ~0 rows (approximately)
/*!40000 ALTER TABLE `stay_login` DISABLE KEYS */;
/*!40000 ALTER TABLE `stay_login` ENABLE KEYS */;

/*!40101 SET SQL_MODE=IFNULL(@OLD_SQL_MODE, '') */;
/*!40014 SET FOREIGN_KEY_CHECKS=IF(@OLD_FOREIGN_KEY_CHECKS IS NULL, 1, @OLD_FOREIGN_KEY_CHECKS) */;
/*!40101 SET CHARACTER_SET_CLIENT=@OLD_CHARACTER_SET_CLIENT */;
